document,0,1,2,3,4,6,7,8,9,11
0,0.2624427,0.71870464,,,,,0.015783874,,,
1,0.62385494,0.081502855,0.03241886,,0.07393691,,,0.17351843,,
2,0.5443793,,,,,0.14723209,,0.1308872,,0.160129
3,0.42504823,0.5591494,,,,,0.012194907,,,
4,0.15669651,,0.028603027,0.38160437,,0.05564306,,,0.1796281,0.18769518
5,0.25691488,0.6780768,,,,,0.059878092,,,
6,0.5235817,,0.070747115,0.1756423,,,,,0.04882206,0.15958945
7,0.31899148,,,,,,0.58238024,,,0.087583214
8,0.6184801,,0.08613412,,,0.15815994,,,0.051626146,0.07283238
9,0.1792357,,,,,,0.8116551,,,
10,0.4508389,,0.10274053,0.2579117,,,0.17440072,,,
11,0.24331969,,,,0.045841873,,0.69319123,,,
12,0.6446879,,0.07526168,,0.025218934,,0.24139526,,,
13,0.34273642,,,,0.03464063,,0.604581,,,
14,0.64813846,,0.077721186,,,,,0.25794524,,
15,0.5966594,,0.03563572,,,,0.265804,0.085799165,,
16,0.535462,,,,0.14107864,0.07558341,,,0.09437968,0.13244788
17,0.7162995,,0.036402516,,,0.12636329,,0.10483294,,
18,0.4433818,0.074080884,0.11193052,,0.020421904,,0.26265097,,,0.07152294
19,0.587402,,0.062406424,,,0.046563037,0.28332204,,,
20,0.44939956,,,0.06753074,0.059384912,,,0.4093152,,
21,0.67475736,,0.12534551,,,,0.057852015,,,0.12702772
22,0.5247016,,0.060202017,0.15699643,0.071561664,0.054307923,0.116472095,,,
23,0.3451198,,0.07425243,0.17896926,0.14106387,0.042300977,0.20472576,,,
24,0.6812024,,0.15395845,,0.043103434,,0.10322227,,,
25,0.58677405,,,0.14683905,,,0.13084146,0.11522662,,
26,0.6469182,,0.044255145,,,,0.03803328,0.11812737,0.12943506,
27,0.56176084,0.25690997,,,,0.041822933,,,0.12154229,
28,0.32197627,0.085456595,,0.30215412,0.22926259,,,,0.039593607,0.013693101
29,0.7659263,,,,,,,0.17147438,,0.047706544
30,0.54451907,,0.06061776,0.047654293,0.14911537,,,0.06592525,0.119400755,
31,0.5841869,,0.07612663,,,0.05425656,0.12438175,,0.14068016,
32,0.56329846,,,,0.059468366,,0.055466782,0.21195364,0.09236207,
33,0.37303847,0.083572775,0.18853836,,,,,0.20593363,,0.12976319
34,0.1409242,0.06065496,,0.07169352,0.0778549,,0.6390782,,,
35,0.43812427,0.5273987,,,,,,,0.022785434,
36,0.4818327,,,0.12082688,,0.049618818,,0.32620177,,
37,0.51001334,0.042628422,,,0.045651935,0.1272514,0.12316222,0.13649641,,
38,0.55412316,,,0.0672784,,,0.22672209,,0.13180463,
39,0.48054844,,,0.14498828,0.053456064,,0.30982742,,,
40,0.43525124,0.11660031,,,,,0.33163312,,0.10579219,
41,0.6778673,0.07201229,0.13617802,,,,,,,0.091393135
42,0.47315162,,0.12789436,,0.038984068,0.12192248,0.16367579,,0.063634984,
43,0.5939478,,0.08258537,,,,0.21043612,,,0.09809587
44,0.27627215,,,,0.047502074,0.060373686,0.24129689,,0.3627124,
45,0.5549012,0.43433893,,,,,,,,
46,0.600993,0.18967582,,,0.06773795,,,0.05834965,0.06543143,
47,0.45946643,,,,0.02432339,0.06958094,0.4341281,,,
48,0.6226928,,0.14114912,0.097834975,,,,0.12503043,,
49,0.2102602,,,,0.043054126,,0.7383165,,,
50,0.35225987,,,0.27315238,0.18436389,0.07806005,0.10421319,,,
51,0.57182306,,,,0.08763984,0.13258715,0.19273952,,,
52,0.48375264,0.063945144,,,0.07070016,0.18061215,0.18084812,,,
53,0.61795473,0.108511865,0.062547825,0.08378164,,0.113204814,,,,
54,0.5727224,,,0.13796584,,0.08532503,0.18377261,,,
55,0.6382727,,0.09049387,,0.094931796,,,,0.08368126,0.07052252
56,0.4799936,,0.03210206,0.118835375,,0.080825314,0.2764033,,,
57,0.22579697,,,,0.5824323,,0.18528625,,,
58,0.41384026,,0.028734906,,,,0.5449506,,,
59,0.55932933,0.06728576,0.03456916,,0.026310932,,0.18945111,,0.10833011,
60,0.5654018,,,,0.023555385,0.0940097,0.3057873,,,
61,0.26677176,0.1708784,,0.20478156,0.106876865,,,0.23117153,,
62,0.45613188,,0.11496235,,0.0386058,0.04755229,,,0.11841802,0.21386607
63,0.5116278,,0.1963539,0.05330728,0.02579392,,0.12182724,,,0.08104049
64,0.5398511,0.029180696,,,,,0.26990655,0.15169413,,
65,0.5342624,,0.11498819,0.087507285,0.041575033,,,0.15811291,0.049706142,
66,0.2814255,0.08265747,,,,,0.3075828,0.30143887,,
67,0.7291199,,,,,,,0.23834029,,
68,0.5125181,0.1495924,0.11214354,,,,0.14655013,,0.059886597,
69,0.067498624,,0.04892721,,,,0.82302797,,0.049936462,
70,0.6272409,,0.0709425,0.19742997,,,0.08722487,,,
71,0.6167637,0.13588077,0.017323175,,,0.036496665,0.17991933,,,
72,0.4546239,0.15035807,0.068864666,0.16474657,,,0.07451839,,,0.0744294
73,0.46949896,,0.062610544,0.09050956,,,0.21230409,0.15084293,,
74,0.45239398,0.054924857,,,0.0937459,0.22957142,0.04470618,,,0.11143099
75,0.5499882,0.11583109,,,0.08844937,,,0.22851641,,
76,0.3409736,0.045405146,,,,0.17346324,0.24424143,0.18454172,,
77,0.48070878,,,0.2560669,0.070524536,,,0.17525615,,
78,0.43747267,0.1511991,,0.29203367,0.09832449,,,,,
79,0.6647646,,0.08864859,,0.058931023,,0.1731615,,,
80,0.60203665,0.04092462,0.04681611,,0.13776518,0.15494686,,,,
81,0.6515575,,0.07250867,,,0.13682847,0.12490993,,,
82,0.52992517,0.08944301,0.058093168,,0.074326545,,0.11723499,0.11982792,,
83,0.602088,,,0.061024398,0.025363162,0.2689531,,,,0.031040106
84,0.64104325,,0.12821339,,0.09918864,,,0.1129039,,
85,0.4052309,0.17378375,,0.07333731,0.09909952,,0.069903344,,0.16408356,
86,0.80113864,,0.01809466,,,0.040844698,,0.12694229,,
87,0.54347867,,,,0.039461702,,0.39988866,,,
88,0.33780238,,,,,0.14874946,0.31666434,,0.08052107,0.10156336
89,0.5770868,0.09554392,,,,,0.30406815,,,
90,0.5862624,,0.03163545,,,0.11151521,0.13441363,,0.12097119,
91,0.42907706,,,0.1753821,0.16332252,0.20564455,,,,
92,0.15172467,,,,,,0.6486409,,0.19194773,
93,0.56837684,0.09203892,,,0.06954995,0.21634616,,0.03224809,,
94,0.5327178,0.115133084,0.11601138,0.10918654,,,0.11047202,,,
95,0.6592215,,0.071568236,,,0.10630027,,,0.08865472,0.05644496
96,0.50489694,0.106371336,0.06892257,,,0.071046956,0.23765966,,,
97,0.65140456,0.13567331,,,,0.10831637,0.08597875,,,
98,0.6477521,,,,,0.10934474,,,0.09705206,0.11988252
99,0.4600334,0.07738195,0.09702348,,0.1769228,0.08796265,0.09218022,,,
100,0.37177128,,0.104404725,0.16021366,0.119247824,0.05525212,0.18120602,,,
101,0.4427683,,,,0.089321025,,0.15762293,0.291671,,
102,0.3314409,,,0.227562,,0.17633682,,,0.23815967,
103,0.52569616,,0.03811093,,,,0.3156747,,0.11066624,
104,0.7873673,0.055658467,0.03891089,,0.04254642,,,,0.05325558,
105,0.55093193,,0.1045818,,0.028235756,0.20856518,,,,0.09345338
106,0.38581115,,,,,,0.5941881,,,
107,0.5957947,,,,0.11561469,,,0.25989166,,
108,0.37656254,,0.09771546,,0.058948863,,,0.44644123,,
109,0.838629,,0.06626011,,,,0.07270485,,,
110,0.7528135,0.22712833,,,,,,,,
111,0.6200524,0.057056986,,,0.0592009,0.1455549,0.106413834,,,
112,0.6764803,,,0.07120442,0.09297861,0.037565038,0.102983825,,,
113,0.51687986,,,,,0.21363917,0.2429539,,,
114,0.27707028,0.14214875,,,0.0750079,,0.09295916,,0.23217797,0.1639746
115,0.71641845,,,,0.11991577,,,0.14575383,,
116,0.60938776,,0.10037389,0.18087985,,0.08664972,,,,
117,0.343247,,,0.30052403,0.23293538,0.10990091,,,,
118,0.7747408,,0.10972467,,0.09067134,,,,,
119,0.82635045,,,0.07426295,,,0.026948147,,0.051747207,
120,0.5817212,,0.076295085,,0.028278288,0.0650588,0.2360638,,,
121,0.5684837,0.17090835,,,,,0.20030506,,0.044722673,
122,0.410802,0.57347625,,,,,0.012040646,,,
123,0.7442981,,0.1644683,,,,,0.068382226,,
124,0.6027887,0.07428817,0.058457486,0.13955243,0.032135595,,0.08098339,,,
125,0.29422694,,,0.2422378,0.26310965,0.08883121,0.10525353,,,
126,0.48134306,,,,0.037654962,,0.37929752,,0.08869831,
127,0.39623156,0.08853258,,,0.3227854,,0.101357915,0.08022706,,
128,0.5359787,,0.14617252,0.15147755,,0.1475457,,,,
129,0.5095356,0.14511599,,,0.04770413,0.1352272,0.047045685,,0.102191456,
130,0.52650726,,,,0.11650219,,0.25075883,,,0.09049509
131,0.40799943,0.590439,,,,,,,,
132,0.30670103,0.15747705,,,0.045225777,0.25151166,0.22288305,,,
133,0.28916803,0.0753253,0.21998627,,0.06510591,0.20196159,0.13173729,,,
134,0.37627432,,,0.37302437,0.11791171,0.03453911,0.09213718,,,
135,0.49083975,0.10754607,,,0.07293721,,0.088196926,0.22323038,,
136,0.5761589,0.0844164,,,0.029039316,0.13487212,,,,0.15196949
137,0.5199878,0.09363585,,,0.107929,0.17517991,,,,0.07977719
138,0.706482,0.09420421,0.041457046,,,0.06388067,,0.07361781,,
139,0.31616074,,0.15190795,,0.447232,,,,,0.07100789
140,0.4178531,,0.03759795,0.15585397,0.11304582,0.10425804,0.15897988,,,
141,0.4974934,0.014839064,0.17471988,0.20708579,,,,0.084591426,,
142,0.60072875,,0.17766263,,,,0.014295896,0.18199296,,
143,0.29880914,,0.14819998,,0.40692633,0.072906196,,,0.055234715,
144,0.41313064,,0.24143143,,0.25523612,0.06899712,,,,
145,0.5070074,,0.37634584,,0.086483866,,,,,
146,0.27031085,,,0.48829585,0.14580669,0.072195776,,,,
147,0.486487,,,,0.38374856,0.06796733,,,,0.040785473
148,0.31859535,,,0.15317866,0.4695136,0.042609747,,,,
149,0.19754067,,0.15593524,,0.61158866,,0.023358062,,,
150,0.35303015,,,0.30209497,0.27833366,0.04817881,,,,
151,0.18877314,,0.1265154,,0.6071496,,,,0.060580466,
152,0.19405296,,0.22273088,0.07871073,0.49003425,,,,,
153,0.40985745,,0.048096433,,0.33820623,0.18669301,,,,
154,0.55421406,0.07542701,0.13906887,,0.18168148,,,,0.031539243,
155,0.34927404,,0.17553978,0.34204122,0.1128806,,,,,
156,0.43121713,0.061885204,0.060115233,0.07733012,0.22868147,0.080333285,0.048185356,,,
157,0.43494132,,0.24534649,0.22885847,0.06495737,,,,,
158,0.2583562,,0.1858228,,0.5271583,,,,,
159,0.24773985,,0.112463355,0.07001679,0.48950744,0.06550498,,,,
160,0.3617,,,,0.6088911,,,,,
161,0.4669053,,,0.10013654,0.27506328,,,0.13216367,,
162,0.103389345,,,0.18245518,0.6467309,,,,0.022333212,0.028270261
163,0.121083945,,0.14389446,,0.7153918,,,,,
164,0.33805397,,0.28007245,,0.353571,,,,,
165,0.39643708,0.18364395,,,0.18587378,0.1874906,,,0.030436466,
166,0.5613642,0.052050192,,0.1595261,0.065344915,0.1458949,,,,
167,0.10485642,,,,0.8757924,,,,,
168,0.36282983,0.28955868,,,0.24100807,0.07857502,,,,
169,0.40422082,,0.068643205,,0.47044253,,0.032599866,,,
170,0.36044854,,,0.38111058,0.21991399,,0.011905671,,,
171,0.39529732,,,0.51043344,0.07785081,,,,,
172,0.28240946,,0.18963926,0.183689,,0.27976856,,0.041961987,,
173,0.23360017,,,,0.71208715,0.041870497,,,,
174,0.30985656,0.071278244,0.08802786,,,0.5061792,,,,
175,0.1764083,,,,0.74967444,,,,,0.043018743
176,0.23015638,,0.334064,,0.42246237,,,,,
177,0.3838185,,,0.30777803,0.24706471,,,,,0.03446257
178,0.43052325,,,0.19635572,0.23621164,0.114724316,,,,
179,0.1458713,0.26758835,,0.036010183,0.5272143,,,,,
180,0.4797539,,,,0.42251804,,,,,0.07479238
181,0.27155,,0.06331208,0.31423685,0.15505485,0.17433959,,,,
182,0.081782766,,,0.0741082,0.7367301,0.09043392,,,,
183,0.29552132,0.13181764,0.2637373,,0.28628907,,,,,
184,0.50490487,,,0.26463434,0.20839326,,,,,
185,,,,,0.95265216,,,,0.02215289,
186,0.4515425,,0.19261588,,0.3302214,,,,,
187,0.4983236,,0.04839942,0.27169994,0.15851676,,,,,
188,0.050421458,,,0.08783384,0.84451973,,,,,
189,,0.20847656,,,0.7023156,,,,0.0634474,
190,0.3929791,,,,0.57520974,,,,,0.010880296
191,0.2554157,,,,0.7293315,,,,,
192,0.20628798,,0.11447598,0.15513135,0.50099665,,,,,
193,0.10783849,0.04372141,,,0.76992625,0.05693709,,,,
194,0.26975456,,0.17177181,,0.34294564,0.17222708,,,0.026946053,
195,0.3356701,,0.103232995,,0.4072687,0.13126493,,,,
196,0.3056468,0.06891789,,0.5300324,0.042143214,0.030301299,,,,
197,0.51124007,,,,0.19275986,0.27486295,,,,
198,0.40006432,,0.14702053,0.23460598,0.16210331,0.03646645,,,,
199,0.60542256,,,0.17689227,0.13651495,,0.054341562,,,
200,0.6035082,,,0.3547204,,,,,0.026273709,
201,0.3773521,,0.1308256,,0.16595195,0.30857676,,,,
202,0.36580333,,0.35359287,,0.25365898,,,,,
203,0.1294741,0.0640163,,,0.7906697,,,,,
204,0.5295806,,,,0.43939278,,,,,
205,0.3858137,0.08008102,,,0.50335395,,,,,
206,0.082380734,0.23097955,,0.41430297,0.19856045,0.053071063,,,,
207,0.3033144,,,0.13492581,0.3599128,0.17971691,,,,
208,0.577737,0.05505524,0.060324024,,0.28556612,,,,,
209,0.22054276,,0.1760113,0.37399584,0.029098064,0.14633894,,,,0.03642114
210,0.33650857,,,0.27587163,0.13494258,0.22634245,,,,
211,0.813815,,,0.051124103,,0.109372765,,,,
212,0.072052315,,0.12221496,,0.7909692,,,,,
213,0.41135406,,0.3051156,,0.13241407,0.12718262,,,,
214,0.22221579,,,0.097266145,0.6152646,,,,0.052766982,
215,0.16284053,0.16966096,,0.26448599,0.23568243,0.0417273,,0.10596912,,
216,0.15190022,,0.15176775,0.083804704,0.5879838,,,,,
217,0.47033104,,0.07807639,,0.33238092,0.053779364,,,0.042747155,
218,0.45726243,,0.107937075,0.2639558,0.1522116,,,,,
219,0.2197058,,,0.7260723,,,,,,0.029209943
220,0.19097018,,0.1612652,,0.60045505,0.03591681,,,,
221,0.26929837,,0.08890821,0.25364742,0.26947057,0.09985416,,,,
222,0.42223504,,0.21855998,0.1169862,0.19505328,0.03500977,,,,
223,0.6413264,,,0.198808,0.1357216,,,,,
224,0.39712024,0.061089724,,0.38789874,0.05408833,0.08230048,,,,
225,0.66696006,,,,0.07066826,0.23446308,,,,
226,0.22252394,,,0.1551463,0.53152955,,,,0.06522904,
227,0.5066109,,0.11937764,,0.2003822,0.08589737,,0.07326608,,
228,0.4675867,,0.05623025,0.3099435,,0.14569357,,,,
229,0.37450087,,0.11422441,,0.3754602,0.10961386,,,,
230,0.45280352,,0.07666762,0.20720474,0.21617432,,,,,0.03100336
231,0.33822143,,0.16458786,,0.36814946,0.11720314,,,,
232,0.17798728,,0.1633542,,0.6418672,,,,,
233,0.32298896,,0.16293949,0.3224261,0.16669242,,,,,
234,0.46955267,,,,0.50543725,,,,,
235,0.5396231,,,0.06321347,0.34077165,,,0.034788363,,
236,0.49013135,0.082707584,0.1778841,0.18627304,,0.04565547,,,,
237,0.22650346,,0.058309063,,0.7024761,,,,,
238,0.20745702,,,0.75966835,,,,,,0.016153984
239,0.38826272,,0.1169595,0.055135902,0.41815376,,,,,
240,0.6116374,0.06645746,,0.06423982,0.082927644,0.108801976,,,0.046778712,
241,0.5949493,0.11183889,0.094203316,0.07053717,0.0636072,0.049373366,,,,
242,0.5019699,0.12368936,,,0.22202344,0.0758701,,,,0.05301577
243,0.60813594,,,,0.21576768,0.088767834,,0.063202135,,
244,0.2452026,,,0.16798504,0.51004773,0.055335823,,,,
245,0.32593822,,,0.56059575,0.09514548,,,,,
246,0.25793946,,,,0.620801,,0.050400093,,,0.05246035
247,0.5273779,,,0.24385902,0.052689496,0.15419768,,,,
248,0.22635993,,0.038718835,0.22936215,0.45237395,,,0.044490077,,
249,0.3664191,,,0.30892798,0.11092036,0.19962622,,,,
250,0.36103448,0.20475712,,,0.36805254,0.04672075,,,,
251,0.28941083,0.22941072,,,0.38613245,,,,0.07415057,
252,0.1328416,,0.17312288,,0.6843266,,,,,
253,0.6010212,,,0.36001804,,,0.03329826,,,
254,0.6048959,,,0.28238168,,0.063051246,,,,0.029937375
255,0.5885894,,0.13019113,,0.09486745,0.096216455,,,0.06772902,
256,0.46984914,,,0.42229825,0.035175465,,,,0.0521373,
257,0.38152882,,0.11012347,0.070078306,0.31644207,0.104816265,,,,
258,0.23495314,,,0.4643154,0.09431252,0.14062479,0.05012765,,,
259,0.26856986,,,0.1521324,0.5306972,0.026049681,,,,0.010152064
260,0.4440455,,,0.38044012,0.1418481,,0.010237458,,,
261,0.7992301,,0.105123885,,,,,,,0.06847379
262,0.4085404,,,0.31149969,0.18606786,0.073811986,,,,
263,0.3986602,,,0.44758025,0.02605951,0.1093508,,,,
264,0.2722254,,,0.3637935,0.038435515,0.31376576,,,,
265,0.112462945,,0.23148209,,0.647312,,,,,
266,0.64871144,,,0.32210213,,,,,,
267,0.23071188,,,0.33036193,0.35784826,,,,0.062348124,
268,0.39326295,,,0.30607364,0.25856903,,,,,0.028389748
269,0.2210798,0.059866015,,0.09167208,0.61222655,,,,,
270,0.7050846,,0.1494453,,0.039488796,0.08318634,,,,
271,0.3315352,,0.026472418,0.51920146,,,,,0.10161472,
272,0.43574917,,0.22117975,0.080759846,0.24018097,,,,,
273,0.46099535,,,0.4020222,0.110092536,,,,,
274,0.40244868,0.09758798,0.109984346,,0.3685731,,0.01041447,,,
275,0.29133993,0.64842343,,,,,0.053847462,,,
276,0.40020356,,0.09389211,0.21688552,,0.26745206,,,,
277,0.33568567,,,0.47415477,0.06420709,0.10571724,,,,
278,0.3612361,,0.04144205,0.4232904,0.11870999,0.034164734,,,,
279,0.29552543,,,0.21595813,0.10417177,0.14004754,,0.14971581,0.076027684,
280,0.3617774,,,0.44355857,,0.038175166,,,0.14114793,
281,0.5159279,,,0.18086621,0.21446347,,,,0.043360535,0.03258265
282,0.1910477,,,0.39281225,0.3997827,,,,,
283,0.6714978,,0.14528924,0.15321927,,,,,,
284,0.4927321,0.06575383,,0.06651642,0.35965693,,,,,
285,0.07443702,,0.11001657,,0.78327245,,,,,0.023275549
286,0.32414043,0.014357614,,,0.6443586,,,,,0.010038564
287,0.47655773,,0.06651211,0.14362136,0.20715442,0.09269068,,,,
288,0.22464937,,,,0.6731115,0.089429274,,,,
289,0.26256874,0.10134189,,,0.5693063,,,,,0.053147532
290,0.25925744,0.054237064,,0.067345195,0.60354066,,,,,
291,0.4765251,,,0.18548532,0.070229664,0.24390557,,,,
292,0.2654876,,0.1490703,0.07278745,0.42335385,0.079560496,,,,
293,0.549751,,,0.36007363,0.062323764,,,,,
294,0.39631256,,,0.25793347,0.25912422,,0.029268585,,0.03924298,
295,0.48246425,,0.019433431,,0.4740878,,,,,
296,0.54408526,,,0.36323515,0.06366113,,,,,
297,,0.034898136,,,0.8626441,0.095011055,,,,
298,0.3715703,,,0.30394602,0.2891477,,,,,0.012343516
299,0.20656799,,0.06675297,0.56457734,0.075706735,,,0.06532361,,
300,0.5332802,,,0.35955733,0.07883055,,,,,
301,0.108184755,0.051600803,0.048563946,,0.7838628,,,,,
302,0.38059953,,0.25664955,0.26424554,,0.071957074,,,,
303,0.22564757,,0.1861541,0.19118755,0.352375,,,,,0.027802058
304,0.28644118,,,0.4446106,0.22668852,,0.022708403,,,
305,0.15268701,,,0.062801905,0.754703,,,,,0.016115919
306,0.30430904,,0.24110769,,0.43904138,,,,,
307,0.34604338,,0.19678281,0.43297562,,,,,,
308,0.15817314,,0.077767506,0.6131543,,0.12890995,,,,
309,0.5009528,,,,0.4776456,,,,,
310,0.49899557,0.24209692,,0.12676102,0.03692627,,,,0.07401449,
311,0.43511492,0.043036304,0.1196501,0.3791159,,,,,,
312,0.30151397,,,0.34116173,0.24513368,,,,0.09449068,
313,0.2687695,,,,0.71919334,,,,,
314,0.31151813,,,0.55782366,0.09368442,,,,,0.018205523
315,0.2505874,,0.08529152,0.27964342,0.2651817,,,0.09731724,,
316,0.37660193,,,0.31918967,0.23552789,,,,0.05524832,
317,0.34474838,,,0.19952068,0.39601102,,,,0.023466036,0.022898963
318,0.2037843,,,0.6441554,0.0596419,0.07621583,,,,
319,0.40761173,,,0.45814598,0.060435615,0.052573122,,,,
320,0.51047236,,0.075342774,0.3055844,0.055673067,,,,0.041396435,
321,0.68520975,,,0.28448024,,,,,,
322,0.5877695,,0.1242481,0.20641817,0.06220188,,,,,
323,0.39593512,0.17289087,0.06581276,0.30307177,0.043138135,,,,,
324,0.23750485,,,0.3188528,0.27839738,0.09577308,,,0.057496984,
325,0.12941462,,,0.0624254,0.80083865,,,,,
326,0.27481565,,,0.30170628,0.39226478,,,,0.01756807,
327,0.49118477,,0.05312256,0.38284534,0.053768612,,,,,
328,0.3247692,,,0.59196985,0.058261737,,,,,
329,0.216843,,,0.70312715,,,,,0.053071488,
330,0.18169428,,,0.09507048,0.6264904,0.03335388,,,0.053006604,
331,0.5527218,,,0.2201672,,0.20472431,,,,
332,0.38897696,,,0.31016436,0.08084056,,,,0.19582443,
333,0.2353142,,,,0.7171607,,,,0.035939395,
334,0.3850118,,,0.41178375,0.051947463,0.08939367,,,0.04691137,
335,0.2631442,,,0.14145203,0.27850986,0.27703613,,,,0.025372803
336,0.6990184,,0.083707675,0.07840941,0.12238922,,,,,
337,0.3732879,,,0.22559835,0.2474328,0.08730367,,0.04419251,,
338,0.29287475,,,0.31103438,0.27805492,0.10735427,,,,
339,0.4494673,,,0.13133407,0.10796882,0.23586042,,,,0.05164404
340,0.6992405,,,0.13268133,0.1434322,,,,,
341,0.34601843,,,0.6082425,,,0.020680698,,,
342,0.5126243,,,0.28009903,0.06790957,,,0.04710993,0.07206148,
343,0.5328798,,,0.29421106,0.1415883,,,,,
344,0.41916496,,,0.05172199,0.440137,,,,0.07382844,
345,0.3612615,,,0.21182266,0.32361704,,,,0.07755391,
346,0.3382616,,,0.37402347,0.15632133,,0.10555103,,,
347,0.33034799,,,0.3688191,0.1938486,,,,0.08195914,
348,0.2996397,,,0.55990475,,0.115288086,,,,
349,0.38179344,0.11714825,0.13857129,0.10791008,0.22815746,,0.01524346,,,
350,0.61656284,,0.21198176,,0.04944035,0.10299643,,,,
351,0.6808048,,,0.12164809,0.035102796,0.13706395,,,,
352,0.41790858,,0.1526345,0.40251914,,,,,,
353,0.35972175,0.12260433,,0.39717728,,0.040011622,,,0.06719643,
354,0.3828231,,0.10117718,,0.42702934,0.07268153,,,,
355,0.44410026,,0.23467804,,0.2950933,,,,,
356,0.42472756,0.039868858,,,0.38191876,0.1335938,,,,
357,0.4984544,,,0.20836201,0.19404855,0.083716035,,,,
358,0.45759913,,,0.1368137,0.38550597,,,,,
359,0.5258995,,,,0.43577373,,,,0.024180846,
360,0.19363143,,,,0.7897775,,,,,
361,0.39651307,0.06253219,0.06861372,,0.32357112,0.09712237,,,0.039976504,
362,0.5600105,0.049477357,,0.101887584,0.1503052,0.076323114,,,0.041843697,
363,0.55159837,0.14459144,0.10274775,,0.0781241,0.10807683,,,,
364,0.8371987,,0.052377123,0.057113864,0.010149479,0.028610686,,,,
365,0.81625235,,0.077554554,,0.07874042,,0.010684552,,,
366,0.22853978,,0.12639257,,0.63072944,,,,,
367,0.35093266,,0.12713277,,0.38714543,0.11770696,,,,
368,0.5371175,,0.17808105,,0.26095697,,,,,
369,0.21995069,,,,0.74105525,,,0.02403741,,
370,0.39298543,,,0.12799257,0.29293913,0.14975578,,0.023996131,,
371,0.82029355,,,0.09455126,,0.05936541,,,,
372,0.6162006,,,0.08168418,0.2747964,,,,,
373,0.5853831,,0.23261449,0.13134049,0.028287975,,,,,
374,0.52214074,,0.07710181,0.38696736,,,,,,
375,0.49276528,0.03739347,,,0.38046566,,,,0.07051138,
376,0.08784279,,,,0.90432245,,,,,
377,0.32127666,0.031979896,0.2850742,,0.35111782,,,,,
378,0.30419722,,,0.15983199,0.5255017,,,,,
379,0.6770774,0.125114,,,0.10177613,0.07750016,,,,
380,0.3983625,,,,0.55355495,,,,0.03707171,
381,0.6067044,,0.31227902,,0.060218897,,,,,
382,0.37523022,0.14957592,,,0.45672566,,,,,
383,0.5983573,,,0.17772317,,0.19800222,,,,
384,0.24738578,0.0884722,,,0.6482513,,,,,
385,0.4274129,,,0.04501132,0.5060182,,,,,
386,0.36415553,,,,0.5601286,,,0.057788443,,
387,0.52463204,,0.18128082,,0.18684047,0.089759275,,,,
388,0.45695615,0.09712347,,,0.38169333,,,,0.04677455,
389,0.5349727,0.05957135,0.08017227,,0.30196124,,,,,
390,0.7839484,,0.08871935,,,0.105045184,,,,
391,0.44686335,0.5446864,,,,,,,,
392,0.44228134,,,0.10105312,0.20425634,0.23748843,,,,
393,0.7832113,,,,0.17014594,,,,,0.0179655
394,0.5594546,0.18516104,,,0.05374057,0.18055587,,,,
395,0.7338917,,,,0.22046131,,0.022471346,,,
396,0.24950525,0.075536065,,,0.5723752,0.08739234,,,,
397,0.045111112,,,,0.94475174,,,,,
398,0.34413183,,,0.30248392,0.26325175,0.06860288,,,,
399,0.2992836,,0.28419518,0.12650573,0.21647799,,,,0.061182793,
400,0.46401605,,,0.43071938,,,,,0.08388473,
401,0.45778987,,0.10990397,0.16252111,0.06179006,,0.11802959,,0.08399233,
402,0.12650262,,0.09430677,,0.018061712,,0.4283385,0.26134524,,0.06369199
403,0.1849646,0.22575152,0.106389165,0.4570429,,,,,,
404,0.34158373,0.17637816,0.20438327,0.05174421,0.025921514,,,0.09910493,,0.08764906
405,0.62489694,,,0.20992498,,,,0.14989236,,
406,0.43631798,,,0.32838026,,0.0867849,0.13596265,,,
407,0.23385403,,,0.42126024,,,,,0.31774646,
408,0.22576183,,0.07179766,0.33166754,,,0.27359173,,0.09073056,
409,0.3691962,0.14830641,0.07961698,0.34520954,,0.043084223,,,,
410,0.4442007,0.062499773,,0.27058268,,,0.06720561,,0.13858628,
411,0.15271899,,0.028019208,0.29836255,,0.07240323,0.3811882,,,0.061884865
412,0.394378,,,0.4258534,0.05560621,,,,0.10573104,
413,0.23500888,,,0.7090735,,0.038921393,,,,
414,0.14246365,,0.05386298,0.08669492,,,0.705692,,,
415,0.10399986,,0.051268812,0.4140148,,,,0.09147482,0.15473425,0.18075062
416,0.35724148,0.05931881,,0.3701159,,0.047692593,0.08279736,,,0.07757128
417,0.39258668,,0.08518062,0.4055634,,,,,0.10341685,
418,0.23573165,,0.056615442,0.5759929,,0.11104708,,,,
419,0.33524853,0.19586112,,0.347489,0.034029234,,,,0.04539105,0.039341457
420,0.18637525,0.10195006,,0.47158638,0.053651713,,,,0.09642225,0.08471882
421,0.2143187,0.09286115,0.10077394,0.28836015,,,0.07540611,0.13880667,0.08466899,
422,0.26188856,,0.059158128,0.5018009,,,,0.10355362,0.06471832,
423,0.2718046,0.07071594,0.24033627,0.399826,,,,,,
424,0.363604,,,0.32322267,,,,0.2880528,,
425,0.27671254,,,0.5069566,0.11172898,0.050835874,,,,0.045641724
426,0.21764866,,0.051054295,0.48116767,0.01901451,0.13722202,,,0.023741664,0.06415941
427,0.24442805,0.16953216,0.07593254,0.39057535,,,0.1102834,,,
428,0.25987756,0.28098935,,0.3691724,0.03544663,,,,0.030304775,0.02139182
429,0.36049175,0.19631785,,0.22970745,0.028608242,,0.08155472,,0.09896915,
430,0.41948763,,,0.47465095,,,0.0807998,,,
431,0.39816388,0.06014137,,0.24497177,0.024037702,0.07771231,,,0.08494586,0.10642196
432,0.31651923,0.19748498,0.023289774,0.35732156,,,,,0.09847401,
433,0.32953462,,,0.44214237,,0.08902706,,,0.063267715,0.07065318
434,0.21090125,0.110986926,0.078604355,0.45176873,,,,,0.13065092,
435,0.22423536,,,0.57170236,0.02190087,0.1068844,,,0.06643024,
436,0.52858543,,0.20455858,,0.025249574,0.046983477,0.093928106,,0.041767884,0.04770488
437,0.3828582,,0.05161863,0.18132865,0.07003225,,0.08825009,0.12757587,0.08874626,
438,0.43082422,,,,0.026662549,0.07232984,0.301627,,0.1604356,
439,0.5142111,,0.045812752,0.33843344,0.04244585,,,,,0.043851916
440,0.24426807,,,0.13274597,0.122233644,,0.1933506,,0.14574334,0.15493448
441,0.27043566,,,0.29679736,,,0.13851237,,0.17897183,0.10766103
442,0.33371633,0.14521734,0.03864973,,0.040216703,0.23761915,0.19263457,,,
443,0.34674656,0.08068456,,0.20355327,0.14340788,,0.076921366,0.1374684,,
444,0.445857,,0.07286449,0.12706912,0.03137559,,0.31140488,,,
445,0.46043837,,0.109633535,0.2602623,0.07571535,,0.08278578,,,
446,0.36856255,0.08398324,,,0.016326945,0.055295486,0.47110915,,,
447,0.2056149,,,0.27658883,0.07475181,0.048782215,0.3731966,,0.018208353,
448,0.4838134,0.09828124,0.09692178,0.03306917,0.1880011,0.08733933,,,,
449,0.37156448,,0.14782262,0.4076755,,0.054981012,,,,
450,0.095134504,,,,0.8948826,,,,,
451,0.47858673,,,0.13878196,0.043345675,0.31828588,,,,
452,0.54797626,,,0.24758746,0.1788999,,,,,
453,,,,0.04482325,0.6091634,0.29187635,0.046536867,,,
454,0.37800446,0.08478413,,,0.05976369,,0.3366036,,0.133063,
455,0.23180796,0.099065654,,0.4449428,,0.1857932,,,0.023742286,
456,0.40205827,,0.20972124,0.05307837,0.29545414,0.028474756,,,,
457,0.017110016,,0.22542267,,0.7459944,,,,,
458,0.6830805,,,,0.097199485,0.19356553,,,,
459,0.28365698,0.06190721,0.15392253,0.40313908,0.06112495,,,,,0.027107147
460,0.30086365,,,0.63335055,,0.045378923,,,,
461,0.20816848,,0.045932665,0.39664418,0.33410197,,,,,
462,0.61576486,0.06876167,0.11054772,,,0.069955304,,,0.05537951,0.068236016
463,0.12905371,,0.048468694,0.43038735,0.20098777,0.15654536,,,0.023263521,
464,0.5745853,0.19420224,0.117248,,0.046145804,0.051241204,,,,
465,0.17022657,,0.17239429,0.23635574,0.34272724,0.066889435,,,,
466,0.2423638,,,0.66136515,,0.027511684,,,0.042489383,
467,0.45945928,,0.072413385,,0.05250453,0.4073494,,,,
468,0.37808615,,0.11909878,0.10932475,0.085570194,,0.29550022,,,
469,0.61553204,0.084594585,0.053543095,,0.07457508,,0.15959774,,,
470,0.65623033,0.050153736,0.20160085,0.074016064,,,,,,
471,0.56323403,,,,,,0.19627564,,0.06152136,0.16071327
472,0.8310003,,,,,,,0.15639248,,
473,0.48011008,0.062478393,0.14044672,,,0.29902494,,,,
474,0.72493637,,,,,0.079087146,,0.0903621,0.09236909,
475,0.58499104,,,,,,0.35226035,0.048697464,,
476,0.16552864,0.1638062,0.12655365,0.19214104,0.16784427,0.16756687,,,,
477,0.5871957,,0.10813588,0.059663594,0.06688051,,0.105631165,0.065667786,,
478,0.5092558,0.48700777,,,,,,,,
479,0.15797237,,,,,0.83494455,,,,
480,0.46107194,,,0.20613694,0.090603895,0.18787615,,,,0.032267563
481,0.6120473,0.043787144,0.03488324,,,,0.08937685,0.12252152,0.08858061,
482,0.36206326,,0.05704045,,,0.5338586,,,0.035094555,
483,0.5518175,0.44671428,,,,,,,,
484,0.47312057,,,,0.042362317,0.2756754,0.20127971,,,
485,0.2666084,0.14396939,0.2299348,0.20609042,0.062718816,,,,0.07131194,
486,0.5118167,,,,0.018382482,,0.38151237,0.07662047,,
487,0.6129535,0.16223416,0.07691705,,,0.08613555,,,,0.04664911
488,0.5269015,,,,0.060797337,,,0.3917979,,
489,0.6294568,,,,0.07829458,0.113557115,0.13762288,,,0.030674232
490,0.47627008,,,0.15989952,0.23975195,0.06750528,,,0.039965745,
491,0.2583324,,,,,,0.6190114,0.11371757,,
492,0.35737535,0.06272192,0.0407194,,,,0.34431404,,0.18474528,
493,0.47737855,,0.16940846,,0.01721823,0.043080438,0.22039616,,,0.06679028
494,0.54195035,,,,0.05686524,0.113698125,0.27452573,,,
495,0.38225755,0.14358944,,0.2460997,0.092940815,0.11649765,,,,
496,0.61738044,,0.10643767,0.18096937,,0.043087684,,0.042752765,,
497,0.2938117,,0.16403094,0.17810519,0.1830196,0.16969799,,,,
498,0.2618383,,0.11644737,,0.053399876,,0.38164264,0.12871875,,0.05163598
499,0.550676,,,0.25763395,0.10087381,0.066916674,,,,
500,0.38887098,0.077206045,0.10015301,0.30820012,0.11533161,,,,,
501,0.54561067,,0.03325522,,0.062421605,0.08140643,0.26512787,,,
502,0.29720387,0.04256453,0.09868145,0.055313054,,,0.49940166,,,
503,0.4741216,,0.069647565,0.23054862,,0.13425305,0.07900144,,,
504,0.3448755,0.03708141,0.14574867,0.17226681,0.032141984,,0.2588386,,,
505,0.44663575,,,0.04027497,,0.060456853,,0.2987611,0.096055165,0.0472034
506,0.2969521,,,0.41716337,0.055509783,,0.11922065,,0.10329635,
507,0.3256827,,0.051785458,,0.05581959,,0.275629,0.1396859,0.1453707,
508,0.28243202,,0.037990265,,0.63751197,0.03246671,,,,
509,0.6251299,,,,0.012237825,0.06259977,0.18638045,,,0.09845445
510,0.36039045,0.63788205,,,,,,,,
511,0.5695576,,0.117368564,0.14689033,,0.07333923,,0.07849982,,
512,0.09253588,,0.1926275,,0.70637816,,,,,
513,0.49050435,,0.05076701,,0.032299403,0.11221725,0.21356218,0.09468651,,
514,0.23858696,,,0.5124985,0.19291763,,,,,0.05128617
515,0.7807325,,0.07003157,,,0.06696399,,,,0.06216601
516,0.7130404,0.07912625,0.06631483,,,0.0645691,,0.064193845,,
517,0.5107776,,0.07589748,,,,0.047148965,0.35424945,,
518,0.43458086,,0.17190684,0.31002662,,,,,0.060714018,
519,0.527865,,0.06502649,,,0.06346561,,0.119322985,,0.21209286
520,0.40338454,,0.04490186,0.29436886,,0.23678884,,,,
521,0.21015291,,,0.2355817,0.28495744,0.25754467,,,,
522,,0.05286548,0.2013802,,0.7367947,,,,,
523,,0.53322953,,0.17877117,0.17054394,0.09170792,,,,
524,0.3303317,,0.1412313,0.43210876,0.07403076,,,,,
525,0.15002058,,,0.6914998,0.03703104,0.10551684,,,,
526,0.1293465,0.09058331,,0.22894974,0.5089942,,,,0.031632748,
527,0.11303172,,0.10581436,0.20269866,0.56680876,,,,,
528,0.75167423,0.12066955,0.044767447,,,0.05335535,0.015837776,,,
529,0.38493994,,,0.58814275,,,,,,
530,0.3892989,,,0.4606725,0.122392274,,,,,
531,0.3644149,,,,0.20171103,0.425617,,,,
532,0.29162502,,,0.6865224,,,,,,
533,0.3811399,0.06512876,,0.25673142,0.10851293,0.17700665,,,,
534,0.41709423,0.1212219,0.09009319,0.34411755,,,,,,
535,0.26364473,0.060392268,,0.47123608,0.18613607,,,,,
536,0.11285132,0.16524708,0.093606405,0.49332607,,0.080363736,,0.04013766,,
537,0.15896851,,0.119665,0.2025059,0.5045993,,,,,
538,0.08336976,,,0.2615111,0.54733396,0.06548366,0.03507644,,,
539,0.2797321,0.29082018,,0.17315793,0.086652584,0.0743704,,0.07667957,,
540,0.25684226,,0.054254547,0.106009424,0.52278477,,,,0.049966827,
541,0.4080545,,,0.39856875,0.062115815,0.110472515,,,,
542,0.25828916,,,0.497259,0.19329144,0.03607549,,,,
543,0.24735813,,,0.64026594,,,,,0.090716936,
544,0.2546093,,,0.31119382,0.3921587,0.023920463,,,,
545,0.25383502,,,0.34496593,0.27729708,0.10942931,,,,
546,0.34229708,,,0.40659222,0.18107513,0.05839488,,,,
547,0.33744276,,,0.48037773,0.07270191,0.08424957,,,,
548,0.2631038,,0.057706207,0.42936906,0.04768212,0.18602233,,,,
549,0.42916945,,,0.48469895,0.06517027,,,,,
550,0.09055737,0.24725552,,0.20717572,0.41485727,0.025489245,,,,
551,0.24315192,,,0.1433571,0.1717663,0.43748835,,,,
552,0.3054438,,0.26783368,0.22632338,0.18166164,,,,,
553,0.24213605,0.09604666,,0.44601566,,0.19086044,,,,
554,0.58934605,,0.118254356,0.2670428,,,,,,
555,0.11219258,,,0.16539183,0.7066239,,,,,
556,0.5968898,,,0.0819881,0.025260637,,0.15709624,0.13040178,,
557,0.55399036,0.09370575,,,,,,0.3295518,,
558,0.59276503,0.16164197,0.10078046,,,0.12150153,,,,
559,0.417687,,0.07414515,,,,0.16904141,0.2853803,,0.04281106
560,0.13469923,0.14187892,,,0.115875736,0.13874763,0.45368892,,,
561,0.3995623,,,,0.30574897,0.25255528,,,,0.026566288
562,0.60302037,,0.0529815,0.08329942,,,0.16345459,0.08907888,,
563,0.72456217,,0.15031393,,,0.099489525,,,,
564,0.17385127,,,0.26765484,0.35106286,0.09306703,0.10554656,,,
565,0.5835356,,0.0952501,0.117851906,0.055087563,0.05272271,0.083506905,,,
566,0.42151442,,0.24333474,,0.02436524,0.09670652,0.11220498,,,0.08916438
567,0.6265407,0.10578665,0.030633006,,0.020650523,,0.081585,0.12491886,,
568,0.578043,,0.19378704,,,,,0.12348288,,0.09048349
569,0.46140215,,0.12110115,0.19918524,,,0.20179714,,,
570,0.34936118,,,,0.041172545,,0.31748003,0.059913132,0.0894608,0.13632484
571,0.57957226,,0.035284273,0.1438407,0.058143623,,0.10554567,,,0.0671463
572,0.12711732,,0.50430024,0.051434357,0.30013984,,,,,
573,0.43079904,,,0.21935958,0.11041174,,0.16720252,,0.0653054,
574,0.26400706,,,0.60151976,0.021953693,0.07701305,,,0.021317462,
575,0.50298804,,0.063651286,0.18573506,0.11199408,,,0.12508883,,
576,0.6561109,,0.028451974,0.14780423,,0.14887051,,,,
577,0.47962916,0.06586356,0.2143085,,0.077801615,,,0.15118803,,
578,0.4947578,,0.20589657,,0.096153334,,0.062405765,0.07851832,,0.057692256
579,0.10809515,0.109282516,,0.44010654,0.3250922,,,,,
580,0.5054038,,0.1336131,,,,0.3484131,,,
581,0.3229435,,,0.5108644,0.105023466,,,,0.03420197,
582,0.35058326,,,0.50291985,0.028323185,0.09975822,,,,
583,0.18053429,,0.07385157,0.28156137,0.22861578,0.12467697,,,0.09852247,
584,0.23761271,,,0.23261073,0.44965202,0.065683335,,,,
585,0.2948436,0.051826466,,0.2600873,0.17228507,0.15714915,,,0.0502591,
586,0.09852003,,,0.4641063,0.17709304,0.1970293,,,0.053798452,
587,0.3352476,,,0.38012454,0.08712428,,,,0.1463099,0.034609504
588,0.72453827,0.0700749,,,,,,,0.05166671,0.13469248
589,0.27562958,,,0.39725283,0.08788156,0.16932422,,,0.046542563,
590,0.31130144,,0.11259297,,0.49660408,0.050153334,,0.019881694,,
591,0.34421477,,0.2356936,0.2231863,0.1800168,,,,,
592,0.33670893,0.08570123,0.046626754,0.3089062,0.06560684,0.122639924,,,,0.023890106
593,0.59077144,0.026399054,0.09880819,,,,0.13315514,,,0.13694656
594,0.4071447,0.13328809,,0.274857,0.035294406,0.1313703,,,,
595,0.35742626,0.04120706,0.27282718,0.104339376,0.16464095,0.04451467,,,,
596,0.32227913,,,0.4973994,0.05249143,0.06881449,,,0.042083845,
597,0.15261714,,,0.11186673,0.69108665,,,0.017644795,0.018785669,
598,0.2037758,,,0.15216246,0.60537094,0.0287749,,,,
599,0.59538203,,,0.22128542,,0.16116975,,,,
600,,,,0.057527956,0.91565925,,,,,0.021014495
601,0.53687173,,0.04207693,,,,0.105915435,0.30016768,,
602,,,,,,0.031792708,0.6882992,0.05870922,0.13067564,0.08046264
603,0.09251952,0.21135262,0.05321338,0.20169541,,0.2679351,,0.17306393,,
604,,,,,0.043936085,0.08943447,0.556839,0.05428776,0.06858432,0.18687141
605,0.07649198,0.106983885,0.04778294,0.20166682,,0.13960749,0.018104814,0.37341866,0.03567522,
606,,0.026925415,0.04836324,0.034053244,,0.07785337,0.50693345,0.053709146,0.21285073,0.022971632
607,0.026660303,0.076022774,0.06548335,0.03505286,,,0.6061197,0.17919593,,
608,,0.050653655,0.09438003,0.27759013,0.019063123,0.22592749,,0.178755,0.06976212,0.0837141
609,,0.78167844,0.015022735,0.077008344,,0.06623259,,0.014918467,0.04258395,
610,0.039382447,0.08954208,0.030515889,0.20812656,,0.3357996,,0.28087634,,
611,,0.027003938,0.13960284,0.051392402,,0.15601905,0.32485554,0.1301413,0.107236676,0.055281356
612,0.01783056,0.10914008,0.0928095,0.15658413,0.07161495,0.17603898,,0.21622875,0.10192433,0.057717018
613,0.028080786,,,,0.029417045,0.018333238,0.6756889,0.09379223,,0.14461395
614,0.024465468,,,,0.017861102,0.11671503,0.42196012,0.12377011,0.15708707,0.13019426
615,0.039205633,0.02472966,0.039859347,0.0789889,,0.09287383,0.29282457,0.2445071,0.120785885,0.062673956
616,0.129353,0.08282904,0.06787443,0.23762278,,0.22365987,0.023728363,0.2099307,0.019967183,
617,,,0.1527608,0.03970116,0.060559392,0.6953237,0.014568807,,0.010943027,0.02016603
618,0.09080519,0.07131895,,0.13014926,,0.29295582,0.13567828,0.15024595,0.071172364,0.049049623
619,,0.05177653,0.033881504,0.109336644,0.017647006,0.11806766,0.14600624,0.21090756,0.13834113,0.16864918
620,0.0741563,0.026993932,,0.56038237,0.10202515,0.12065495,,0.10593464,,
621,0.12194835,0.06632011,0.13793035,0.11241219,0.022063226,0.07384794,0.03599874,0.33025825,0.06855347,0.030562568
622,,0.068691336,0.013355537,0.04505005,,0.8727493,,,,
623,,0.033500254,0.031113146,0.053183593,0.049710196,0.04132134,0.47232947,0.15447983,0.15949528,
624,0.014922932,,,,,0.043199282,0.59599644,0.11866403,0.22076294,
625,0.04128683,0.05510265,,0.0167304,0.03688252,0.043097246,0.32144314,0.21450639,0.15036282,0.120417945
626,0.053035025,0.058937013,0.05701921,0.05876017,,0.0702973,0.21037638,0.21991219,0.26582563,
627,0.06281091,0.06360016,0.036442466,0.04348631,0.036552723,0.02979221,0.2507382,0.24456498,0.1460788,0.08590867
628,0.015395412,0.024900584,0.027467648,,0.019201998,0.04324677,0.5108363,0.09012118,0.21145895,0.057346903
629,0.032105714,0.10035239,0.02535259,0.5200416,0.1217409,0.044490725,,0.15299302,,
630,0.11490887,0.17329943,0.039993983,0.11697825,0.049096856,0.03778448,,0.32424837,0.06678486,0.0729688
631,0.045351945,0.028406532,0.14766575,,,0.08299192,0.3296429,0.14250223,0.21662912,
632,0.04093639,0.12680943,0.022747695,0.25105336,0.07318835,0.16079241,,0.21022235,0.05206601,0.062132303
633,0.013199477,0.012337365,0.021086082,0.19015837,0.0220849,0.052494112,0.31602964,0.16909233,0.14166436,0.06183381
634,0.016469633,0.032813028,,0.09081704,0.037611492,0.010214281,0.4462302,0.14426248,0.08243533,0.13911793
635,0.07506878,0.100403905,0.027186919,0.21748617,,0.24901165,0.01725505,0.28744465,0.010639153,
636,0.042902224,,,0.04323784,,0.089687906,0.33043346,,0.48902968,
637,,0.031653427,0.046168607,0.027707402,0.012228706,0.016176315,0.56778556,0.1320892,0.14097138,0.020786425
638,0.053883158,0.0318411,0.04932041,0.12987623,0.08488247,0.10292737,0.17154752,0.1771025,0.09604303,0.102533065
639,0.03213467,0.010794608,0.013533302,0.019015653,,0.04442261,0.54237556,0.22785266,0.076310866,0.033525214
640,,0.02032561,0.06479868,0.36214164,0.12873735,0.041202217,0.28050876,,0.06773399,0.034513943
641,0.06635661,,,,,0.037922673,0.4608392,0.08417759,0.3384764,0.010379218
642,0.029736869,0.022706065,,0.010662181,,0.15410879,0.5163875,0.08151146,0.16069707,0.013427983
643,0.033489518,0.026110841,0.09207115,,0.013900703,0.035878357,0.5763043,0.15407635,,0.068100356
644,0.028826946,0.0180174,0.055012632,0.14153025,,0.08347331,0.2847907,0.15428196,0.17121151,0.052910645
645,0.09108123,0.16839404,0.016103309,0.22953825,,0.24611104,,0.21777381,0.019756576,0.011165554
646,0.023025734,0.04845883,,0.22007367,0.09730362,0.109777056,,0.09526284,0.19444712,0.21082872
647,0.03225162,0.103284545,0.020613361,0.26068786,,0.13711962,0.10907122,0.23189987,0.0860335,0.018970186
648,0.042223137,0.021869186,,,,0.12262222,0.5141227,0.021834347,0.23411846,0.043138538
649,,,,,0.041841973,,0.5797567,0.038333345,0.2517039,0.07075677
650,0.069092184,0.10274864,0.10274391,0.12816027,0.024214163,0.13800223,0.05688208,0.15558864,0.12043451,0.10207374
651,0.021176029,0.04672136,0.013325422,0.13080412,,0.030199472,0.39837092,0.113943025,0.2350236,
652,0.0127633875,0.017411971,,0.31469968,,0.026890613,0.15841559,,0.22519697,0.2376464
653,0.052091457,,0.024274793,0.02684412,,0.014150035,0.42658266,0.2441668,0.20280421,
654,,,0.035162956,,,0.017678872,0.5657722,0.012393607,0.35982522,
655,0.023945121,0.02823855,,0.05211677,0.01549236,0.05406322,0.54217035,0.038083203,0.23155726,
656,0.02615957,,,,,,0.81348073,0.13910934,0.0130450865,
657,0.12817593,0.078003004,0.103704385,0.27594775,0.06367502,0.1340986,,0.21613969,,
658,0.08157348,0.058520716,0.040337674,0.18037707,,0.51124334,,0.12484313,,
659,0.02218984,0.024005448,0.034015294,0.1188889,0.059255324,0.11472395,0.32398885,0.17954256,0.103238486,0.020125106
660,0.017608475,0.035622064,0.032364935,0.10492074,0.023691265,0.27273187,0.33140025,0.05008827,0.09417241,0.037381187
661,,0.08027467,0.05536237,0.13764518,,0.061941124,0.2940168,0.25748482,0.10502521,
662,,0.12111669,0.034080848,0.14886032,0.024568314,0.05288801,0.24433522,0.11216531,0.09113189,0.17080916
663,0.038282655,0.108725935,0.038488407,0.18509412,0.019675689,0.4238062,0.023440978,0.11146887,0.037539594,0.013430908
664,0.0112013845,0.029943278,0.119470745,0.10458035,0.022344379,0.13743298,0.24958716,0.15268992,0.1727158,
665,0.17670484,0.096428014,0.05204308,0.38797623,,0.16200227,,0.10382502,0.02078543,
666,,,0.036943007,0.35729438,0.028538093,0.20483829,0.018917674,0.14895761,0.099875234,0.08993284
667,0.07740434,0.08220157,0.02749158,0.32172656,,0.13251978,,0.16191229,0.12904577,0.06728267
668,0.018095205,0.03192968,,,0.014420014,0.09053623,0.6455135,0.12519574,,0.07126604
669,0.1403858,0.2824492,0.039002024,0.30037865,0.019507162,0.0775748,,0.1294269,,0.011154547
670,0.045910563,0.03103546,0.13949849,0.07418704,0.15845467,0.08761238,0.011662718,0.35367566,0.09546446,
671,0.09392845,0.061957803,0.028470716,0.0374114,0.018077806,0.22006688,0.17984751,0.21823893,0.07975716,0.062217835
672,,0.08227903,,0.41165885,0.088865705,0.14539738,0.04015491,0.16585512,0.0644146,
673,0.024990782,0.020531474,0.052249886,0.031408705,0.034128666,,0.16364864,0.24014272,0.2575077,0.17522407
674,,0.049185157,0.011783443,0.17813762,,0.12595706,0.5431752,,0.09170946,
675,0.010251328,0.026065802,0.018111037,0.0905035,0.03349031,0.12206365,0.34327248,0.1531273,0.15245837,0.05063873
676,0.04019938,0.09431615,0.013511175,0.19374649,0.027741916,0.28355193,0.013281343,0.25924933,0.059404664,0.014941882
677,,,,,,,0.83305144,,,0.14938146
678,0.06822639,0.045607973,,0.19422664,0.010737997,0.26649252,0.10525367,0.16676769,0.0911725,0.050814174
679,0.038855076,0.05519439,0.05024201,0.14290115,,0.23285803,0.102374144,0.26446515,0.047472265,0.056155182
680,0.04446684,0.1162914,0.0775388,0.23292656,0.041601337,0.31269348,,0.16343617,0.010160175,
681,0.045687683,0.07471028,0.08519209,0.18968636,0.022389987,0.14725183,0.026163068,0.36640376,0.041160878,
682,,,,,0.111379646,0.019045262,0.721658,,0.13679448,0.011091806
683,0.041142575,0.056783564,0.113072395,0.41060767,0.092074275,0.1558185,0.027032534,0.05786829,0.015081141,0.030442353
684,0.04566305,0.055523217,0.0905276,0.058992565,0.021569023,0.042345706,0.119168036,0.33026505,0.07846934,0.1574469
685,0.14655465,0.0883858,0.06045753,0.24128252,0.026053445,0.3044335,,0.13271764,,
686,0.091352046,0.10968294,0.059091184,0.029791778,0.18718857,0.06843531,0.054361075,0.33905253,0.049969133,0.011010398
687,0.022186453,,0.011757725,0.12793392,0.09253973,0.07159409,0.61219215,0.03540526,,0.026346685
688,0.057485882,0.04182442,0.02059472,0.105010346,0.011964119,0.06474783,0.14163727,0.2721778,0.12078178,0.16374154
689,0.051178053,0.14497216,0.03753667,0.20405433,0.04239191,0.3140079,,0.19900887,,
690,0.0785706,0.018029334,0.016565602,0.16973451,0.043632325,0.03647703,0.3446227,0.15993094,0.05695402,0.07546662
691,0.0343318,0.04220942,0.026072368,0.1297502,0.016424218,0.14985433,0.23919977,0.16057998,0.20150344,
692,0.022675237,0.026885424,0.049768727,0.08167742,0.04013769,0.14793743,0.15950261,0.22853923,0.20888335,0.033947445
693,,0.02175194,0.019768663,,0.022789778,0.09757977,0.43017897,0.093579225,0.24039216,0.05979532
694,0.01608424,0.028211191,,0.4829687,0.08523611,0.06578202,,0.03568256,0.13203466,0.15241036
695,,0.019610746,0.011688487,0.06727677,0.013083698,0.012035397,0.16900946,0.07419591,0.27685526,0.35575378
696,0.077469215,0.045217972,0.012331592,0.016959129,,0.18854097,0.26619038,0.22413138,0.085525975,0.0741737
697,0.06843564,0.09032388,0.09310836,0.29454485,0.05015377,0.127245,,0.27602762,,
698,,,0.0973218,0.06385848,0.028011275,,0.5184019,,0.23314779,0.05922026
699,0.046959586,,,0.4038084,0.03812039,0.06979545,0.25112277,0.028241726,0.15926181,
700,0.072671525,0.053569727,0.02637757,0.2474883,,0.040615033,0.11539435,0.23790994,0.086074375,0.11986167
701,0.021681068,0.034076814,0.016358472,,,0.34350604,0.2805748,0.12598476,0.150347,0.02423114
702,0.04424853,0.021701545,0.12241498,0.02010197,0.018603241,0.22214894,0.222038,0.13240887,0.16688918,0.029406661
703,0.012860912,0.09035322,0.08900483,0.21113653,0.035874058,0.14193675,,0.19541939,0.10333064,0.120014705
704,0.060612135,0.061200596,0.053115766,0.029507749,0.13209102,,0.15054885,0.20792733,0.069962665,0.234978
705,0.10395074,0.110804215,0.03670925,0.06277869,,0.036320142,,0.47424313,0.10869499,0.052563287
706,0.050013993,0.048102107,0.0314026,0.1759292,0.033420566,0.06951361,0.2640791,0.18255232,0.089124806,0.055825163
707,,,,0.077864446,,0.043376844,0.85734963,,,
708,0.022820322,0.039325252,0.017042255,0.010584201,0.09846598,0.03640842,0.49257687,0.15042773,0.06645214,0.06588591
709,0.07338982,0.071767844,0.040932275,0.06301618,,0.21584482,0.093853444,0.25891978,0.12665454,0.047913883
710,0.018053146,0.02843747,0.24604806,,0.123044565,0.16723967,0.23179491,0.12191529,0.056029487,
711,,0.051256903,0.03423076,0.12200453,0.013221899,0.07030008,0.28604588,0.09977881,0.24070238,0.077451915
712,0.02308269,,,0.03161096,,0.15257253,0.4290958,0.16887976,0.17190814,
713,0.03199014,0.03409049,,0.02876556,,0.044065043,0.5786504,0.085771725,0.15044816,0.038938463
714,,0.06519578,0.03895546,0.5508365,0.1871509,0.06305832,,0.09457605,,
715,0.021047294,0.020271925,,0.14724496,0.035156492,0.18322662,0.27446914,0.10089886,0.15888065,0.05877286
716,,,,0.027725587,,,0.6706002,,0.29396302,
717,,,,,,0.094916,0.5728153,,,0.32828695
718,,0.02336959,0.016007427,0.10775052,0.14634378,0.091674,0.30785674,0.124425024,0.1515,0.030310635
719,0.03818207,0.06351838,0.013298362,0.20082453,0.02980645,0.17204635,0.13473073,0.22659855,0.08111579,0.039853595
720,0.060628884,,,,0.012530096,0.15340315,0.54138565,0.0853272,0.055351034,0.09128098
721,,0.010258341,0.046294913,0.029108647,0.024068143,,0.6000897,,0.24299492,0.039103594
722,0.062372196,0.039373167,0.56085855,,0.21518172,0.119682066,,,,
723,0.08809806,0.08154116,0.026707018,0.4506966,,0.13102403,,0.22129999,,
