mutation_type,0,1,2,3,4,5,6,7,8,9,10,11
A[C>A]A,0.0027943954337388277,0.014107836410403252,0.003994171507656574,0.022066103294491768,0.042075060307979584,0.019614940509200096,0.004119272343814373,0.01900910958647728,0.0078084152191877365,0.020457830280065536,0.0034366215113550425,0.0012733259936794639
A[C>A]C,0.001207234337925911,0.00888208206743002,0.007190310396254063,0.0071843890473246574,0.014446878805756569,0.01645892858505249,0.0032643673475831747,0.01060258224606514,0.007962124422192574,0.014667210169136524,0.001619784627109766,0.001459265942685306
A[C>A]G,0.0007362018222920597,0.0016504783416166902,0.0022158590145409107,0.001085386611521244,0.0019407870713621378,0.0021733930334448814,0.00047097299830056727,0.0009690648876130581,0.0012203535297885537,0.017327453941106796,0.00016882666386663914,0.00040056355646811426
A[C>A]T,0.0014643544564023614,0.011513597331941128,0.002708215033635497,0.011033736169338226,0.020334215834736824,0.016670096665620804,0.0032106938306242228,0.00868100207298994,0.0038966790307313204,0.006034512538462877,0.0021777311339974403,0.0023126022424548864
A[C>G]A,0.004191792570054531,0.008836276829242706,0.00201683072373271,0.006020822562277317,0.004470200277864933,0.013098706491291523,0.0014785582898184657,0.00361803499981761,0.0017027452122420073,0.00947551429271698,0.0014408440329134464,0.0020966229494661093
A[C>G]C,0.0028308972250670195,0.003462600288912654,0.003025286365300417,0.0025040339678525925,0.0025861714966595173,0.007952658459544182,0.0006884189788252115,0.0018858767580240965,0.0011575784301385283,0.010568005964159966,0.0011369808344170451,0.0006139244651421905
A[C>G]G,0.0009381839772686362,0.0026708028744906187,0.0003447178169153631,9.071480599232018e-05,0.00035150034818798304,0.0026362338103353977,0.0003201341605745256,0.0004568627628032118,0.0004152332548983395,0.014573952183127403,0.00013270041381474584,0.00027448395849205554
A[C>G]T,0.005223600193858147,0.007471614051610231,0.0022117854095995426,0.013073275797069073,0.003275785595178604,0.013937989249825478,0.0007149674347601831,0.0028593786992132664,0.0006229118444025517,0.007222688756883144,0.0027769471053034067,0.0015707644633948803
A[C>T]A,0.0026058885268867016,0.012660125270485878,0.012103416956961155,0.006507589016109705,0.014694682322442532,0.021437834948301315,0.007480863016098738,0.0350075289607048,0.01409169752150774,0.0019670072942972183,0.0029199596028774977,0.04020044580101967
A[C>T]C,0.002181133721023798,0.0043250806629657745,0.013660924509167671,0.0033171046525239944,0.006792574655264616,0.011367223225533962,0.0035728930961340666,0.017897969111800194,0.006797939073294401,0.01124958973377943,0.0013314244570210576,0.011216885410249233
A[C>T]G,0.007582663558423519,0.00664094090461731,0.1628745198249817,0.035462088882923126,0.036017585545778275,0.018696827813982964,0.005826673470437527,0.02939574420452118,0.0609598308801651,0.002882382832467556,0.002769757993519306,0.08296125382184982
A[C>T]T,0.001711284159682691,0.013878601603209972,0.011680525727570057,0.00484636751934886,0.010767134837806225,0.01940782181918621,0.004765805322676897,0.02844926156103611,0.009069951251149178,0.0017212950624525547,0.0017486989963799715,0.008961731567978859
A[T>A]A,0.001277442555874586,0.00619969516992569,0.0017042943509295583,0.009796500205993652,0.007052320521324873,0.013335230760276318,0.0024784195702522993,0.006849396042525768,0.0025264269206672907,9.8752652775147e-06,0.0016718232072889805,0.0024666707031428814
A[T>A]C,0.0010997779900208116,0.0033092526718974113,0.004830633755773306,0.004169550258666277,0.005599148105829954,0.009000230580568314,0.00259076408110559,0.006352968979626894,0.0041465456597507,0.0005374116590246558,0.0015528241638094187,0.003785461187362671
A[T>A]G,0.0013088318519294262,0.006516417488455772,0.0033241023775190115,0.002415997674688697,0.00436057522892952,0.010954657569527626,0.0016297642141580582,0.005682819057255983,0.0033754692412912846,0.004662304650992155,0.001334383268840611,0.0006289648590609431
A[T>A]T,0.000520668865647167,0.010006960481405258,0.0009716422646306455,0.015226409770548344,0.019987493753433228,0.016947900876402855,0.009883007034659386,0.019441664218902588,0.006699252407997847,9.01609382708557e-06,0.004899142775684595,0.02314932458102703
A[T>C]A,0.007828501984477043,0.011051706969738007,0.007147911470383406,0.019495731219649315,0.012437637895345688,0.02765262871980667,0.006674574222415686,0.010479375720024109,0.0032793490681797266,0.0049171410501003265,0.004615758545696735,0.022251369431614876
A[T>C]C,0.002744208090007305,0.005517261568456888,0.004648295696824789,0.0031216007191687822,0.004379094112664461,0.010841530747711658,0.006330616306513548,0.003229256719350815,0.0014741190243512392,0.0053566801361739635,0.0027983118779957294,0.009415128268301487
A[T>C]G,0.004790069535374641,0.008776680566370487,0.007764025591313839,0.004959506448358297,0.005028465762734413,0.013663558289408684,0.0053420839831233025,0.002563148271292448,0.003393735270947218,0.00954827107489109,0.0026459423825144768,0.03271811082959175
A[T>C]T,0.006679175421595573,0.015316293574869633,0.008661973290145397,0.010829641483724117,0.011583549901843071,0.024608107283711433,0.009920276701450348,0.010065380483865738,0.005826578475534916,0.001958149019628763,0.004939583130180836,0.00559499254450202
A[T>G]A,0.0005226038047112525,0.002558317733928561,0.0002603628672659397,0.018113749101758003,0.0018116722349077463,0.006655670236796141,0.0017446151468902826,0.001541725592687726,0.001608999795280397,0.0009535878198221326,0.0030967039056122303,0.00036746685509569943
A[T>G]C,0.0003116326406598091,0.0007521299412474036,0.0011598675046116114,0.0011147927725687623,0.0008673154516145587,0.0030290770810097456,0.0044944207184016705,0.000543657224625349,0.0004331876407377422,0.002014599274843931,0.003983386792242527,0.0012421695282682776
A[T>G]G,0.0006639064522460103,0.006438560783863068,0.001081986352801323,0.0027696925681084394,0.0015375636285170913,0.007113905623555183,0.002619795734062791,0.0014685450587421656,0.0007493977318517864,0.0026919401716440916,0.001923908363096416,0.0004480206989683211
A[T>G]T,0.00010723685409175232,0.00901434849947691,0.0008819979848340154,0.009298865683376789,0.004920484498143196,0.00866884458810091,0.05383606627583504,0.012509373016655445,0.0013524111127480865,3.822887083515525e-05,0.04334923252463341,0.0008874792256392539
C[C>A]A,0.0029650849755853415,0.007898751646280289,0.005208074115216732,0.01765705831348896,0.0322568416595459,0.010555378161370754,0.002628753427416086,0.010260882787406445,0.006055667996406555,0.04389701038599014,0.0024880599230527878,0.011159291490912437
C[C>A]C,0.0018748121801763773,0.00988039094954729,0.004884888883680105,0.0064752851612865925,0.009576266631484032,0.00997553113847971,0.0016285988967865705,0.004594305995851755,0.0028534086886793375,0.03300822526216507,0.0013594107003882527,0.017937952652573586
C[C>A]G,0.0013519951608031988,0.000484939431771636,0.004453988745808601,0.0016666469164192677,0.0027234070003032684,0.000739647657610476,0.00024782124091871083,0.000618770660366863,0.0019949451088905334,0.030041107907891273,0.00019905295630451292,0.004347521811723709
C[C>A]T,0.0033318218775093555,0.007676445413380861,0.005802829284220934,0.01725614070892334,0.02778637781739235,0.009593483991920948,0.0034784460440278053,0.007663418538868427,0.002546544885262847,0.02503502182662487,0.002131769899278879,0.05399021506309509
C[C>G]A,0.0055505926720798016,0.006451771128922701,0.001048873527906835,0.0027223704382777214,0.0017207209020853043,0.008277060464024544,0.0006759293610230088,0.0017321181949228048,0.0007907298277132213,0.014632074162364006,0.0010497578186914325,0.00012738870282191783
C[C>G]C,0.0025713397189974785,0.004818270914256573,0.0011569525813683867,0.001131653436459601,0.001343852374702692,0.007576589938253164,0.0007589093293063343,0.0006191380089148879,0.00035460980143398046,0.01901361718773842,0.0007026795647107065,0.0002547621261328459
C[C>G]G,0.0016480456106364727,0.001651003840379417,0.001847411273047328,1.4651274796051439e-05,8.902817353373393e-05,0.0016149776056408882,0.00021419762924779207,0.000369534594938159,0.0001388288219459355,0.015691256150603294,5.4150405048858374e-05,0.00029841193463653326
C[C>G]T,0.006383566651493311,0.008991745300590992,0.002106737345457077,0.004540142137557268,0.002402885816991329,0.011756282299757004,0.000780493370257318,0.0021073133684694767,0.0009730040328577161,0.022233806550502777,0.0015834009973332286,0.000155977118993178
C[C>T]A,0.006739533040672541,0.010780490934848785,0.017720889300107956,0.005305243190377951,0.01155164185911417,0.016457656398415565,0.0056277005933225155,0.03352624922990799,0.022852951660752296,0.01777399517595768,0.0024164821952581406,0.0053587001748383045
C[C>T]C,0.0045876270160079,0.003409845754504204,0.017764674499630928,0.0035973303020000458,0.008167522959411144,0.012249549850821495,0.0048632570542395115,0.03525879979133606,0.00797610729932785,0.027764517813920975,0.001385898096486926,0.00704255560413003
C[C>T]G,0.013853139244019985,0.005107048898935318,0.14313217997550964,0.022480135783553123,0.02021314762532711,0.01067352294921875,0.0050866371020674706,0.016307350248098373,0.0374661348760128,0.02608158439397812,0.0015317582292482257,0.06382691115140915
C[C>T]T,0.006354053504765034,0.010896583087742329,0.018029259517788887,0.006363069172948599,0.01183105818927288,0.018941188231110573,0.0061959936283528805,0.033474285155534744,0.013240696862339973,0.022254446521401405,0.0018275082111358643,0.0058737862855196
C[T>A]A,0.00041379002504982054,0.005777657963335514,0.0005180249572731555,0.005065191071480513,0.002389394212514162,0.008933386765420437,0.002032462740316987,0.0018793513299897313,0.002405918203294277,0.0008766301907598972,0.0013484220253303647,0.00012810557382181287
C[T>A]C,0.002127517946064472,0.007886907085776329,0.0036123660393059254,0.002558106556534767,0.003009321168065071,0.010111731477081776,0.012149867601692677,0.004017462022602558,0.00364339305087924,0.0070534348487854,0.0092466464266181,0.0015530718956142664
C[T>A]G,0.0012536535505205393,0.00859539769589901,0.002560781082138419,0.0018332224572077394,0.0016055477317422628,0.010279223322868347,0.0059174480848014355,0.0020236459095031023,0.005601676180958748,0.022035973146557808,0.0033662854693830013,0.00033243876532651484
C[T>A]T,0.002132175723090768,0.033025745302438736,0.0034434415865689516,0.01057510357350111,0.005482629407197237,0.016006631776690483,0.032912179827690125,0.01303914561867714,0.005420354660600424,0.00045700272312387824,0.028344007208943367,0.0002559633576311171
C[T>C]A,0.0011431652819737792,0.006851205136626959,0.002333564916625619,0.013120772317051888,0.003962222952395678,0.01084501389414072,0.011998702771961689,0.003715803613886237,0.0030250174459069967,0.0023592724464833736,0.005366508848965168,0.014053501188755035
C[T>C]C,0.003754391334950924,0.01938021369278431,0.005826900247484446,0.005167154595255852,0.004046910908073187,0.012991202063858509,0.04908674210309982,0.006964283529669046,0.002995857037603855,0.006651144474744797,0.026735873892903328,0.007919049821794033
C[T>C]G,0.0034999134950339794,0.012601801194250584,0.00896497257053852,0.003447148948907852,0.0037965329829603434,0.007090408354997635,0.03432728350162506,0.003893045010045171,0.0010276290122419596,0.00913871731609106,0.015660490840673447,0.032484494149684906
C[T>C]T,0.0035600808914750814,0.09767134487628937,0.010096682235598564,0.020897014066576958,0.01092366874217987,0.011454302817583084,0.14045172929763794,0.04505819454789162,0.0010369112715125084,0.001366390846669674,0.09017831087112427,0.009341022931039333
C[T>G]A,7.866097439546138e-05,0.0023038163781166077,0.0004309140786062926,0.0071702017448842525,0.0012879035202786326,0.005126588512212038,0.0023526002187281847,0.001514221541583538,0.0005324883968569338,0.0005991460056975484,0.0028302865102887154,0.0007214327342808247
C[T>G]C,0.00045474659418687224,0.003176472382619977,0.0013793212128803134,0.0034446113277226686,0.0012387445895001292,0.004302626475691795,0.0073890588246285915,0.0014374167658388615,0.0012605988886207342,0.005190547090023756,0.022177960723638535,0.005094663240015507
C[T>G]G,0.001198825309984386,0.008342918008565903,0.0025572055019438267,0.0030860677361488342,0.001863116747699678,0.00798809714615345,0.006442757789045572,0.0012209707638248801,0.002438486786559224,0.007929932326078415,0.009625514037907124,0.00573459779843688
C[T>G]T,0.0001312746899202466,0.07596790045499802,0.005427330732345581,0.07524913549423218,0.011062637902796268,0.013404629193246365,0.13278770446777344,0.07134722173213959,0.0006833425723016262,1.3360403499973472e-05,0.35660502314567566,0.0018212732393294573
G[C>A]A,0.002960343612357974,0.0037561440840363503,0.005951155908405781,0.03391316160559654,0.0731721892952919,0.0022373090032488108,0.00324157509021461,0.02033909782767296,0.007304880302399397,0.061181433498859406,0.0031077128369361162,0.002000127686187625
G[C>A]C,0.002132610883563757,0.004079987294971943,0.006121752317994833,0.008566297590732574,0.014668636955320835,0.007099953945726156,0.0019712538924068213,0.005534937139600515,0.0023490535095334053,0.033245574682950974,0.0010906588286161423,0.0030783480033278465
G[C>A]G,0.0008185203769244254,0.00021970867237541825,0.0042385864071547985,0.001689400989562273,0.0035517318174242973,0.0006117228767834604,0.0002985340543091297,0.0019814069382846355,0.0016717235557734966,0.02312997356057167,0.00015278442879207432,0.00047100972733460367
G[C>A]T,0.0029325440991669893,0.004079517908394337,0.005492792930454016,0.022948147729039192,0.0434299036860466,0.004141600802540779,0.002321516163647175,0.008800563402473927,0.005523273721337318,0.03236958757042885,0.002192131942138076,0.008067729882895947
G[C>G]A,0.0024314378388226032,0.0038707389030605555,0.0016178691294044256,0.0018729189177975059,0.0016424708301201463,0.005953693762421608,0.0008216510177589953,0.0005541547434404492,0.0010362399043515325,0.00946587324142456,0.000543413741979748,0.0004133048059884459
G[C>G]C,0.0019022050546482205,0.002329813316464424,0.002447540871798992,0.004381053149700165,0.0012525911442935467,0.005756594240665436,0.0007276577525772154,0.0007205890724435449,0.0005711806006729603,0.013135313056409359,0.0010466626845300198,0.0011046972358599305
G[C>G]G,0.0006966607761569321,0.0007950115250423551,0.00041402794886380434,6.761606073268922e-06,2.5015982828335837e-05,0.0010921643115580082,0.00016957746993284672,0.00017224250768776983,0.00025295562227256596,0.014876502566039562,3.895385088981129e-05,0.0001702343433862552
G[C>G]T,0.003848559223115444,0.00606386736035347,0.00131045316811651,0.003361825132742524,0.0018784620333462954,0.007961216382682323,0.0008106045424938202,0.0013804816408082843,0.0003077034780289978,0.01705349236726761,0.0011037732474505901,0.0006388024194166064
G[C>T]A,0.005677863489836454,0.006630029994994402,0.01584790088236332,0.004838917870074511,0.01026600319892168,0.013008746318519115,0.004583009518682957,0.015160595998167992,0.01185936201363802,0.011108801700174809,0.001810957444831729,0.037325382232666016
G[C>T]C,0.004132116213440895,0.00487202312797308,0.02470528706908226,0.005869579967111349,0.007657603360712528,0.009895818307995796,0.002776259323582053,0.010687580332159996,0.00989845022559166,0.013737335801124573,0.002295286860316992,0.044551365077495575
G[C>T]G,0.011160616762936115,0.004986346233636141,0.1620395928621292,0.03327789157629013,0.026826802641153336,0.01076742634177208,0.005465886555612087,0.019044382497668266,0.045466817915439606,0.010460655204951763,0.0028591095469892025,0.09323886781930923
G[C>T]T,0.004446993116289377,0.005490883253514767,0.020810965448617935,0.00646751094609499,0.009186679497361183,0.013932093046605587,0.0032453984022140503,0.015051617287099361,0.012284940108656883,0.00535351037979126,0.002195812528952956,0.025462893769145012
G[T>A]A,0.00046283178380690515,0.004167122766375542,0.0009151714039035141,0.0022410976234823465,0.0020896010100841522,0.006011168006807566,0.0009460870642215014,0.0018690006108954549,0.0010562040843069553,0.0024754807818681,0.0007072475273162127,0.00017322410712949932
G[T>A]C,0.0007097955676726997,0.0029475379269570112,0.0024993547704070807,0.0022645581047981977,0.001879759831354022,0.004942133091390133,0.003546644700691104,0.0018647841643542051,0.0018131224205717444,0.0004064470122102648,0.00222664512693882,0.0020980786066502333
G[T>A]G,0.0006545792566612363,0.004011491313576698,0.001390105695463717,0.0011908606393262744,0.0019277542596682906,0.006716870702803135,0.001936460379511118,0.002400109777227044,0.001657178276218474,0.006594927050173283,0.001242304453626275,0.0012711789458990097
G[T>A]T,0.0005920269759371877,0.012667497619986534,0.001342736417427659,0.0032241803128272295,0.00428867107257247,0.009048881009221077,0.008074105717241764,0.005088854115456343,0.0026186839677393436,0.000633738178294152,0.005599054042249918,0.001829878194257617
G[T>C]A,0.0010376034770160913,0.006245411466807127,0.006837707944214344,0.008407223969697952,0.00608843145892024,0.011926291510462761,0.004988006316125393,0.003738292958587408,0.004490054212510586,0.000788437551818788,0.002560738241299987,0.02795248106122017
G[T>C]C,0.0015814262442290783,0.005040902178734541,0.010190775617957115,0.006472292356193066,0.003685364266857505,0.00798200536519289,0.011235672049224377,0.002804111922159791,0.0014748239191249013,0.0019741326104849577,0.0056742033921182156,0.011227425187826157
G[T>C]G,0.002102623227983713,0.006088565569370985,0.007284314371645451,0.0026272586546838284,0.0036360586527734995,0.006686661392450333,0.009564507752656937,0.001647598692215979,0.0030605625361204147,0.007095166016370058,0.004420314449816942,0.025514725595712662
G[T>C]T,0.003128612879663706,0.015260716900229454,0.007783097214996815,0.0071962629444897175,0.007857429794967175,0.013935152441263199,0.016131361946463585,0.007623497396707535,0.00312548759393394,0.0002467787708155811,0.00860221590846777,0.013204571790993214
G[T>G]A,0.00010725010361056775,0.002774082822725177,0.0005209314404055476,0.002598392777144909,0.0007253371877595782,0.003679334418848157,0.0010872556595131755,0.001011089188978076,0.001283076242543757,0.003308749757707119,0.0009160852641798556,9.820561535889283e-05
G[T>G]C,0.000990530475974083,0.0010642657289281487,0.0005953732179477811,0.0017294991994276643,0.0005236932192929089,0.002550256671383977,0.0026567080058157444,0.00015666396939195693,6.66802516207099e-05,0.006489326246082783,0.005220018792897463,0.0006599221378564835
G[T>G]G,0.0003017479320988059,0.0048917559906840324,0.0009013520320877433,0.0010648515308275819,0.0007381764007732272,0.007804360706359148,0.002722849603742361,0.001280187163501978,0.0016323908930644393,0.019885871559381485,0.0029486294370144606,0.0006686754059046507
G[T>G]T,0.0005042640841566026,0.02376197651028633,0.0018732764292508364,0.016012920066714287,0.004228346981108189,0.0080643929541111,0.044713184237480164,0.014687268994748592,0.0009987374069169164,0.0008214500267058611,0.07617037743330002,0.003060133196413517
T[C>A]A,0.020806927233934402,0.01031135581433773,0.006235482171177864,0.030376430600881577,0.05962374061346054,0.010183487087488174,0.0034114813897758722,0.020626628771424294,0.011919844895601273,0.021967174485325813,0.0031932182610034943,0.0016497516771778464
T[C>A]C,0.014346743002533913,0.006458559539169073,0.007415375206619501,0.012758985161781311,0.03252951800823212,0.010750817134976387,0.0024334306363016367,0.011382494121789932,0.006631277035921812,0.03750895336270332,0.0020847120322287083,0.0026390778366476297
T[C>A]G,0.004911231342703104,0.0002615894773043692,0.003847395768389106,0.0017906114226207137,0.005984777584671974,0.0004740451113320887,0.0002727167448028922,0.0026428946293890476,0.0015765853459015489,0.025722015649080276,0.0002044947468675673,0.0007199540850706398
T[C>A]T,0.01428613904863596,0.0114206001162529,0.009927627630531788,0.04989826679229736,0.11094649881124496,0.01302156038582325,0.006185935810208321,0.028735077008605003,0.009099110029637814,0.015150507912039757,0.005123288836330175,0.01077872235327959
T[C>G]A,0.17162573337554932,0.01860959269106388,0.0005989531055092812,0.010198422707617283,0.004241362679749727,0.011331556364893913,0.0016128320712596178,0.007413363084197044,0.014013328589498997,0.002121927449479699,0.0026970969047397375,0.0003023089375346899
T[C>G]C,0.04300658404827118,0.008290888741612434,0.002353849122300744,0.00453799357637763,0.0025834278203547,0.011408830061554909,0.0011497314553707838,0.0023304601199924946,0.0021899172570556402,0.017961982637643814,0.0014619631692767143,0.00010654893412720412
T[C>G]G,0.014642381109297276,0.0006644310778938234,0.0009732300532050431,4.488938793656416e-05,0.00015995759167708457,0.0009683638345450163,0.0003112477425020188,0.00040720734978094697,0.0006315858918242157,0.012632847763597965,0.00010578186629572883,5.540013444260694e-05
T[C>G]T,0.187851220369339,0.028693802654743195,0.0022978174965828657,0.023149238899350166,0.008064929395914078,0.024631908163428307,0.0024661088827997446,0.011527305468916893,0.014190854504704475,0.008171831257641315,0.005855741444975138,0.000903730106074363
T[C>T]A,0.159206360578537,0.07211051136255264,0.0033376123756170273,0.007962669245898724,0.012807385995984077,0.012582102790474892,0.010383903048932552,0.04432159662246704,0.23761603236198425,0.0016458247555419803,0.004423882346600294,0.005338609218597412
T[C>T]C,0.037670936435461044,0.02271268330514431,0.0182170607149601,0.00794548075646162,0.011135529726743698,0.016299135982990265,0.008277400396764278,0.03495136648416519,0.06945285201072693,0.013677938841283321,0.003467248287051916,0.0076588778756558895
T[C>T]G,0.04978116229176521,0.004022986628115177,0.08602049946784973,0.015031066723167896,0.015259328298270702,0.0058037457056343555,0.0035041612572968006,0.012380991131067276,0.05583548545837402,0.017005126923322678,0.001217033015564084,0.031805384904146194
T[C>T]T,0.078053317964077,0.0490432046353817,0.008717282675206661,0.011273810639977455,0.01342269591987133,0.019174115732312202,0.011160251684486866,0.04952000826597214,0.14720532298088074,0.0021109264343976974,0.004101165104657412,0.005198911298066378
T[T>A]A,0.00031419313745573163,0.005112529266625643,0.0008460056851617992,0.022838972508907318,0.0168385561555624,0.014603047631680965,0.004763079807162285,0.019525332376360893,0.0019018726889044046,9.094926099351142e-06,0.003777239006012678,0.01552487537264824
T[T>A]C,0.0011690811952576041,0.004787595011293888,0.001967407763004303,0.0029733222909271717,0.0024612981360405684,0.00833628699183464,0.004361869301646948,0.0027797864750027657,0.002371338428929448,0.0024298522621393204,0.0026464578695595264,0.0005477516097016633
T[T>A]G,0.0008260489557869732,0.005256627220660448,0.0010643716668710113,0.0031128476839512587,0.0022985723335295916,0.006534102372825146,0.0016539701027795672,0.001672768616117537,0.0015796635998412967,0.0028025254141539335,0.0015749844023957849,0.00030082761077210307
T[T>A]T,0.0002761446521617472,0.013390924781560898,0.0006924376939423382,0.015618144534528255,0.009270867332816124,0.01652972213923931,0.016574345529079437,0.013891400769352913,0.0050106714479625225,9.080979907594156e-06,0.009410225786268711,0.015085271559655666
T[T>C]A,0.0007998711080290377,0.010699155740439892,0.0011853071628138423,0.04420088976621628,0.007040007039904594,0.013653327710926533,0.006241984199732542,0.005699800793081522,0.002446755301207304,0.00026711029931902885,0.0064937518909573555,0.015179436653852463
T[T>C]C,0.0007183208945207298,0.00514934491366148,0.006276140455156565,0.010617794468998909,0.006266309414058924,0.012099881656467915,0.015954995527863503,0.0045391470193862915,0.00365083129145205,0.0015387877356261015,0.006520543713122606,0.018093479797244072
T[T>C]G,0.0015479668509215117,0.002954041352495551,0.002675670897588134,0.008120759390294552,0.003412938676774502,0.007133621256798506,0.009578133001923561,0.0021757029462605715,0.0018255257746204734,0.005094471387565136,0.00411932123824954,0.017994899302721024
T[T>C]T,0.001809536712244153,0.014248225837945938,0.0026513775810599327,0.013444406911730766,0.01107885129749775,0.01630680449306965,0.027439933270215988,0.013777215033769608,0.002049236325547099,1.4145466593618039e-05,0.010677761398255825,0.024916840717196465
T[T>G]A,0.00026966771110892296,0.0027075123507529497,6.802524148952216e-05,0.03250906988978386,0.002004167065024376,0.007827474735677242,0.0015661556972190738,0.0012873372761532664,0.001006975769996643,0.0003214175230823457,0.005053429398685694,8.414807234657928e-05
T[T>G]C,0.0014250441454350948,0.002768124919384718,0.0011315704323351383,0.003430359996855259,0.0009227935806848109,0.005388289224356413,0.006488998886197805,0.0007907198742032051,0.001787317800335586,0.0019123635720461607,0.006933790631592274,0.0008562716539017856
T[T>G]G,0.0007556627970188856,0.005740817170590162,0.0009391324711032212,0.007358009461313486,0.0026373532600700855,0.009281705133616924,0.004918741062283516,0.002465840894728899,0.002311360789462924,0.002115019829943776,0.003937266767024994,0.0026059795636683702
T[T>G]T,0.00030449655605480075,0.017303241416811943,0.0006563441129401326,0.023257652297616005,0.010133156552910805,0.021001556888222694,0.10175958275794983,0.019353844225406647,0.0040064225904643536,2.7689075068337843e-05,0.08350798487663269,0.011261578649282455
support_presence,0.7002762430939227,0.26795580110497236,0.9281767955801105,0.22790055248618785,0.36049723756906077,0.5138121546961326,0.2845303867403315,0.287292817679558,0.5511049723756906,0.7651933701657458,0.38812154696132595,0.3756906077348066
support_probability,0.1396605138620619,0.028958676269699855,0.27201061354157674,0.01719269304644337,0.0478318462055691,0.11504682256371936,0.03733637583189906,0.03474742141217817,0.06462362721480058,0.10466207852021106,0.08265608055156898,0.04135029355465378
