mutation_type,0,1
A[A>C]A,0.002899895654991269,0.005947181489318609
A[A>C]C,0.00033876736415550113,0.004320693202316761
A[A>C]G,0.0017570689087733626,0.00556942680850625
A[A>C]T,0.0019457214511930943,0.006218792870640755
A[A>G]A,0.010549795813858509,0.0086804935708642
A[A>G]C,0.005460373125970364,0.007257032673805952
A[A>G]G,0.01101894024759531,0.007601461838930845
A[A>G]T,0.010175752453505993,0.008237840607762337
A[A>T]A,0.0036299012135714293,0.005247056018561125
A[A>T]C,0.00015803580754436553,0.004012746270745993
A[A>T]G,0.0010191022884100676,0.004824381321668625
A[A>T]T,0.0014472701586782932,0.00522961001843214
A[C>A]A,0.0027447198517620564,0.007196892984211445
A[C>A]C,0.0016669732285663486,0.004636984784156084
A[C>A]G,0.0009634292218834162,0.003306465921923518
A[C>A]T,0.002904131542891264,0.00677063362672925
A[C>G]A,0.00034300776314921677,0.003927422687411308
A[C>G]C,3.677159838844091e-05,0.0032659624703228474
A[C>G]G,0.00019177005742676556,0.0052351015619933605
A[C>G]T,0.00043175177415832877,0.004062514752149582
A[C>T]A,0.06845699995756149,0.015209906734526157
A[C>T]C,0.02768031693994999,0.008153233677148819
A[C>T]G,0.015444285236299038,0.005696487613022327
A[C>T]T,0.06017182022333145,0.012931404635310173
A[G>A]A,0.008055688813328743,0.00747884064912796
A[G>A]C,0.005983275361359119,0.005333694629371166
A[G>A]G,0.007680652663111687,0.005714200437068939
A[G>A]T,0.006762166041880846,0.006839563604444265
A[G>C]A,0.0041062114760279655,0.0048703295178711414
A[G>C]C,0.0003377047833055258,0.003235340118408203
A[G>C]G,0.0007599368691444397,0.003526699496433139
A[G>C]T,0.001005594851449132,0.004050542134791613
A[G>T]A,0.018137117847800255,0.006997620686888695
A[G>T]C,0.00984145887196064,0.005695371422916651
A[G>T]G,0.01061616837978363,0.005451483186334372
A[G>T]T,0.01975640468299389,0.007781525608152151
A[T>A]A,0.0006695052143186331,0.0035725929774343967
A[T>A]C,0.00024517031852155924,0.0035813336726278067
A[T>A]G,0.0017895821947604418,0.004848241340368986
A[T>A]T,0.0009480902226641774,0.005332223139703274
A[T>C]A,0.011058514937758446,0.007692339364439249
A[T>C]C,0.011023447848856449,0.00590467406436801
A[T>C]G,0.01203262060880661,0.008468624204397202
A[T>C]T,0.010706783272325993,0.008791333995759487
A[T>G]A,0.00024686273536644876,0.004167777951806784
A[T>G]C,0.000660466670524329,0.0041422853246331215
A[T>G]G,0.0006316269864328206,0.0043381680734455585
A[T>G]T,0.0012066059280186892,0.005289520137012005
C[A>C]A,0.000503098068293184,0.004651435650885105
C[A>C]C,0.000517140026204288,0.003621069248765707
C[A>C]G,0.0009371779160574079,0.004383354913443327
C[A>C]T,0.0011785299284383655,0.0044425297528505325
C[A>G]A,0.005244058091193438,0.007025291211903095
C[A>G]C,0.0034128648694604635,0.005910514388233423
C[A>G]G,0.005629960913211107,0.00603606877848506
C[A>G]T,0.006174926646053791,0.006441289559006691
C[A>T]A,0.0033502790611237288,0.006582803092896938
C[A>T]C,0.0008304953807964921,0.004215706139802933
C[A>T]G,0.003309249645099044,0.005103541072458029
C[A>T]T,0.00220480072312057,0.005166351329535246
C[C>A]A,0.002336374716833234,0.004679342266172171
C[C>A]C,0.00047905760584399104,0.003214389318600297
C[C>A]G,0.0007357430295087397,0.0029844108503311872
C[C>A]T,0.0024158579763025045,0.0052202860824763775
C[C>G]A,0.0002490330080036074,0.0034038620069622993
C[C>G]C,9.611990390112624e-05,0.004673471208661795
C[C>G]G,6.030669101164676e-05,0.002614974742755294
C[C>G]T,0.0005558838602155447,0.003432667115703225
C[C>T]A,0.024357719346880913,0.007469761651009321
C[C>T]C,0.009101164527237415,0.004168241284787655
C[C>T]G,0.007635519839823246,0.0036586415953934193
C[C>T]T,0.02260931022465229,0.0077748107723891735
C[G>A]A,0.002168742474168539,0.0033902947325259447
C[G>A]C,0.004357886966317892,0.003821896854788065
C[G>A]G,0.0032581056002527475,0.0034919632598757744
C[G>A]T,0.00619513401761651,0.004186729900538921
C[G>C]A,0.0006951309624128044,0.0031048725359141827
C[G>C]C,0.00025281301350332797,0.0028595305047929287
C[G>C]G,7.374518463620916e-05,0.002764629665762186
C[G>C]T,0.00048527854960411787,0.003203835105523467
C[G>T]A,0.003935561049729586,0.003479278413578868
C[G>T]C,0.00424744188785553,0.004153171554207802
C[G>T]G,0.0036052120849490166,0.003464329754933715
C[G>T]T,0.007517260033637285,0.004576282575726509
C[T>A]A,0.0008234662236645818,0.004631283693015575
C[T>A]C,0.0003694764745887369,0.003946766257286072
C[T>A]G,0.0019302008440718055,0.005805409513413906
C[T>A]T,0.001110151642933488,0.004999727010726929
C[T>C]A,0.005196037702262402,0.006786564365029335
C[T>C]C,0.0034025204367935658,0.00465734675526619
C[T>C]G,0.005639004986733198,0.0060699391178786755
C[T>C]T,0.00617843447253108,0.007501018699258566
C[T>G]A,0.0001652223290875554,0.003551142755895853
C[T>G]C,0.0007896199240349233,0.004224127158522606
C[T>G]G,0.0006735970382578671,0.004798180889338255
C[T>G]T,0.0011147432960569859,0.005973606836050749
G[A>C]A,0.0015374537324532866,0.005445237737149
G[A>C]C,0.00028110138373449445,0.0038749047089368105
G[A>C]G,0.0005865414859727025,0.004313639365136623
G[A>C]T,0.001526998938061297,0.004814685322344303
G[A>G]A,0.00471072131767869,0.006337874568998814
G[A>G]C,0.002238643355667591,0.005328503903001547
G[A>G]G,0.003679858520627022,0.004898151382803917
G[A>G]T,0.0082517359405756,0.006483262870460749
G[A>T]A,0.0006927395588718355,0.004440344870090485
G[A>T]C,0.00027970733935944736,0.00338613404892385
G[A>T]G,0.0008546252502128482,0.004751465283334255
G[A>T]T,0.0009607858373783529,0.00385352224111557
G[C>A]A,0.0007405173382721841,0.003989385906606913
G[C>A]C,0.00036960194120183587,0.0033154189586639404
G[C>A]G,0.00017609831411391497,0.0029367897659540176
G[C>A]T,0.0006403251900337636,0.004828353878110647
G[C>G]A,0.00014439862570725381,0.0032069734297692776
G[C>G]C,2.4918692361097783e-05,0.0028209243901073933
G[C>G]G,4.2377901991130784e-05,0.0026252304669469595
G[C>G]T,0.0004153720219619572,0.0035123289562761784
G[C>T]A,0.02065444551408291,0.007233248557895422
G[C>T]C,0.010903172194957733,0.004798390902578831
G[C>T]G,0.0073204138316214085,0.00392600754275918
G[C>T]T,0.037346817553043365,0.009717818349599838
G[G>A]A,0.004663256462663412,0.004447675310075283
G[G>A]C,0.0037314670626074076,0.0039406269788742065
G[G>A]G,0.003139996901154518,0.0039558433927595615
G[G>A]T,0.0038666054606437683,0.005353645421564579
G[G>C]A,0.0005444788257591426,0.003358328016474843
G[G>C]C,0.0002625153283588588,0.003003848483785987
G[G>C]G,0.0002309637056896463,0.002793852938339114
G[G>C]T,0.000261180306551978,0.003625948913395405
G[G>T]A,0.005465067457407713,0.004327517002820969
G[G>T]C,0.004735191818326712,0.004406108055263758
G[G>T]G,0.0014648541109636426,0.0034464646596461535
G[G>T]T,0.007396354805678129,0.006127828732132912
G[T>A]A,0.0002819456276483834,0.003510321956127882
G[T>A]C,0.00019472492567729205,0.003000824712216854
G[T>A]G,0.00040492505650036037,0.004760961979627609
G[T>A]T,0.0003262859827373177,0.003625444835051894
G[T>C]A,0.0024187371600419283,0.0060486504808068275
G[T>C]C,0.002308749593794346,0.004817907232791185
G[T>C]G,0.004945191089063883,0.00660532433539629
G[T>C]T,0.005151483695954084,0.007427305914461613
G[T>G]A,3.2200834539253265e-05,0.0032477197237312794
G[T>G]C,0.00031995694735087454,0.003307284554466605
G[T>G]G,0.0003326352161820978,0.0037534807343035936
G[T>G]T,0.0008891606121324003,0.0045263636857271194
T[A>C]A,0.0002595833211671561,0.004835016559809446
T[A>C]C,0.00023564293223898858,0.0035646825563162565
T[A>C]G,0.0002986798353958875,0.004807140678167343
T[A>C]T,0.00015821940905880183,0.00397673062980175
T[A>G]A,0.0032461662776768208,0.006748230196535587
T[A>G]C,0.004072946961969137,0.006424698978662491
T[A>G]G,0.007063373923301697,0.005910813342779875
T[A>G]T,0.010152631439268589,0.007896915078163147
T[A>T]A,0.0010204929858446121,0.0049601332284510136
T[A>T]C,0.0005500878905877471,0.0039632972329854965
T[A>T]G,0.0011852630414068699,0.004308038856834173
T[A>T]T,0.0006053052493371069,0.005556696094572544
T[C>A]A,0.0014467112487182021,0.004648627247661352
T[C>A]C,0.0007720274734310806,0.0036075760144740343
T[C>A]G,0.0004377419827505946,0.003280105534940958
T[C>A]T,0.0020059712696820498,0.005624658428132534
T[C>G]A,0.00031795009272173047,0.0037078645545989275
T[C>G]C,9.269001748180017e-05,0.003042602678760886
T[C>G]G,8.445278217550367e-05,0.002955543575808406
T[C>G]T,0.00015904541942290962,0.00411964301019907
T[C>T]A,0.04114644229412079,0.01075732335448265
T[C>T]C,0.018096650019288063,0.00583269027993083
T[C>T]G,0.015587004832923412,0.004768364131450653
T[C>T]T,0.050051700323820114,0.010724218562245369
T[G>A]A,0.005247676745057106,0.0067865666933357716
T[G>A]C,0.005071076564490795,0.006510433740913868
T[G>A]G,0.007562585175037384,0.006239328999072313
T[G>A]T,0.009678557515144348,0.00918359775096178
T[G>C]A,0.003039661329239607,0.004798817448318005
T[G>C]C,0.0006256902706809342,0.003849149914458394
T[G>C]G,0.0004852102720178664,0.003974187187850475
T[G>C]T,0.002019173000007868,0.00474155368283391
T[G>T]A,0.015682268887758255,0.006953478325158358
T[G>T]C,0.018320783972740173,0.007626355160027742
T[G>T]G,0.012427077628672123,0.006832096725702286
T[G>T]T,0.026490995660424232,0.009744249284267426
T[T>A]A,0.0012876952532678843,0.004964335355907679
T[T>A]C,0.0007603599224239588,0.004423400852829218
T[T>A]G,0.0027703293599188328,0.006230385974049568
T[T>A]T,0.0009331011096946895,0.00535954162478447
T[T>C]A,0.006190975662320852,0.008513249456882477
T[T>C]C,0.005211283918470144,0.00569109944626689
T[T>C]G,0.006100872997194529,0.0078111253678798676
T[T>C]T,0.006207514088600874,0.009222973138093948
T[T>G]A,0.0006150741246528924,0.004541588481515646
T[T>G]C,0.0009065137128345668,0.00511613255366683
T[T>G]G,0.0006685437401756644,0.004871807526797056
T[T>G]T,0.0010951816802844405,0.006774260196834803
support_presence,1.0,0.9302325581395349
support_probability,0.6813852177109829,0.3182826596637105
