,mutation_type,signature,value,substitution,trinucleotide,percentage
0,A[A>C]A,0,0.007935572415590286,A>C,AAA,0.79
192,A[A>C]A,1,0.005265126004815102,A>C,AAA,0.53
384,A[A>C]A,2,0.003003487130627036,A>C,AAA,0.3
576,A[A>C]A,3,0.004320008680224419,A>C,AAA,0.43
1,A[A>C]C,0,0.004500607959926128,A>C,AAC,0.45
193,A[A>C]C,1,0.005074898712337017,A>C,AAC,0.51
385,A[A>C]C,2,0.00033010405604727566,A>C,AAC,0.03
577,A[A>C]C,3,0.001784301595762372,A>C,AAC,0.18
2,A[A>C]G,0,0.006622505374252796,A>C,AAG,0.66
194,A[A>C]G,1,0.005108489654958248,A>C,AAG,0.51
386,A[A>C]G,2,0.001563425175845623,A>C,AAG,0.16
578,A[A>C]G,3,0.004979880526661873,A>C,AAG,0.5
3,A[A>C]T,0,0.00899373646825552,A>C,AAT,0.9
195,A[A>C]T,1,0.005025770049542189,A>C,AAT,0.5
387,A[A>C]T,2,0.001932764076627791,A>C,AAT,0.19
579,A[A>C]T,3,0.004647138994187117,A>C,AAT,0.46
48,C[A>C]A,0,0.005686685908585787,A>C,CAA,0.57
240,C[A>C]A,1,0.0050288354977965355,A>C,CAA,0.5
432,C[A>C]A,2,0.0005821568774990737,A>C,CAA,0.06
624,C[A>C]A,3,0.0016549854772165418,A>C,CAA,0.17
49,C[A>C]C,0,0.0030535124242305756,A>C,CAC,0.31
241,C[A>C]C,1,0.0049275909550487995,A>C,CAC,0.49
433,C[A>C]C,2,0.0006085296045057476,A>C,CAC,0.06
625,C[A>C]C,3,0.000897396239452064,A>C,CAC,0.09
50,C[A>C]G,0,0.004827842582017183,A>C,CAG,0.48
242,C[A>C]G,1,0.005013916175812483,A>C,CAG,0.5
434,C[A>C]G,2,0.0010327653726562858,A>C,CAG,0.1
626,C[A>C]G,3,0.0017716712318360806,A>C,CAG,0.18
51,C[A>C]T,0,0.004564166069030762,A>C,CAT,0.46
243,C[A>C]T,1,0.005169064272195101,A>C,CAT,0.52
435,C[A>C]T,2,0.0012124695349484682,A>C,CAT,0.12
627,C[A>C]T,3,0.0021926083136349916,A>C,CAT,0.22
96,G[A>C]A,0,0.006342549342662096,A>C,GAA,0.63
288,G[A>C]A,1,0.005006732884794474,A>C,GAA,0.5
480,G[A>C]A,2,0.0012586625525727868,A>C,GAA,0.13
672,G[A>C]A,3,0.005094556603580713,A>C,GAA,0.51
97,G[A>C]C,0,0.0033053343649953604,A>C,GAC,0.33
289,G[A>C]C,1,0.005021191202104092,A>C,GAC,0.5
481,G[A>C]C,2,0.00024279167701024562,A>C,GAC,0.02
673,G[A>C]C,3,0.0016218925593420863,A>C,GAC,0.16
98,G[A>C]G,0,0.003846577601507306,A>C,GAG,0.38
290,G[A>C]G,1,0.005105144344270229,A>C,GAG,0.51
482,G[A>C]G,2,0.0004309055220801383,A>C,GAG,0.04
674,G[A>C]G,3,0.0029084044508635998,A>C,GAG,0.29
99,G[A>C]T,0,0.004408133216202259,A>C,GAT,0.44
291,G[A>C]T,1,0.005067065823823214,A>C,GAT,0.51
483,G[A>C]T,2,0.0011576083488762379,A>C,GAT,0.12
675,G[A>C]T,3,0.004872483666986227,A>C,GAT,0.49
144,T[A>C]A,0,0.0039097098633646965,A>C,TAA,0.39
336,T[A>C]A,1,0.005263233091682196,A>C,TAA,0.53
528,T[A>C]A,2,0.00036590034142136574,A>C,TAA,0.04
720,T[A>C]A,3,0.0008025290444493294,A>C,TAA,0.08
145,T[A>C]C,0,0.0028212862089276314,A>C,TAC,0.28
337,T[A>C]C,1,0.005049666855484247,A>C,TAC,0.5
529,T[A>C]C,2,0.0003050203376915306,A>C,TAC,0.03
721,T[A>C]C,3,0.0005385844269767404,A>C,TAC,0.05
146,T[A>C]G,0,0.0025060526095330715,A>C,TAG,0.25
338,T[A>C]G,1,0.008416181430220604,A>C,TAG,0.84
530,T[A>C]G,2,0.0004159136151429266,A>C,TAG,0.04
722,T[A>C]G,3,0.00039900379488244653,A>C,TAG,0.04
147,T[A>C]T,0,0.003933344502002001,A>C,TAT,0.39
339,T[A>C]T,1,0.005073924548923969,A>C,TAT,0.51
531,T[A>C]T,2,0.00023160752607509494,A>C,TAT,0.02
723,T[A>C]T,3,0.0008267699158750474,A>C,TAT,0.08
4,A[A>G]A,0,0.010454055853188038,A>G,AAA,1.05
196,A[A>G]A,1,0.005260789766907692,A>G,AAA,0.53
388,A[A>G]A,2,0.009443819522857666,A>G,AAA,0.94
580,A[A>G]A,3,0.015812357887625694,A>G,AAA,1.58
5,A[A>G]C,0,0.007841003127396107,A>G,AAC,0.78
197,A[A>G]C,1,0.005136775318533182,A>G,AAC,0.51
389,A[A>G]C,2,0.004382734186947346,A>G,AAC,0.44
581,A[A>G]C,3,0.012433544732630253,A>G,AAC,1.24
6,A[A>G]G,0,0.007262359838932753,A>G,AAG,0.73
198,A[A>G]G,1,0.005073237232863903,A>G,AAG,0.51
390,A[A>G]G,2,0.009573732502758503,A>G,AAG,0.96
582,A[A>G]G,3,0.016151797026395798,A>G,AAG,1.62
7,A[A>G]T,0,0.00876761507242918,A>G,AAT,0.88
199,A[A>G]T,1,0.0050840736366808414,A>G,AAT,0.51
391,A[A>G]T,2,0.008589877746999264,A>G,AAT,0.86
583,A[A>G]T,3,0.017007211223244667,A>G,AAT,1.7
52,C[A>G]A,0,0.008561981841921806,A>G,CAA,0.86
244,C[A>G]A,1,0.00506003899499774,A>G,CAA,0.51
436,C[A>G]A,2,0.004623267333954573,A>G,CAA,0.46
628,C[A>G]A,3,0.010053258389234543,A>G,CAA,1.01
53,C[A>G]C,0,0.005243536550551653,A>G,CAC,0.52
245,C[A>G]C,1,0.005080828443169594,A>G,CAC,0.51
437,C[A>G]C,2,0.002468420658260584,A>G,CAC,0.25
629,C[A>G]C,3,0.00956946425139904,A>G,CAC,0.96
54,C[A>G]G,0,0.0051766871474683285,A>G,CAG,0.52
246,C[A>G]G,1,0.005114009138196707,A>G,CAG,0.51
438,C[A>G]G,2,0.004517139866948128,A>G,CAG,0.45
630,C[A>G]G,3,0.010650101117789745,A>G,CAG,1.07
55,C[A>G]T,0,0.006152707152068615,A>G,CAT,0.62
247,C[A>G]T,1,0.005057106725871563,A>G,CAT,0.51
439,C[A>G]T,2,0.0050912960432469845,A>G,CAT,0.51
631,C[A>G]T,3,0.011359179392457008,A>G,CAT,1.14
100,G[A>G]A,0,0.006057011894881725,A>G,GAA,0.61
292,G[A>G]A,1,0.0052058640867471695,A>G,GAA,0.52
484,G[A>G]A,2,0.0041410550475120544,A>G,GAA,0.41
676,G[A>G]A,3,0.008491488173604012,A>G,GAA,0.85
101,G[A>G]C,0,0.004589802585542202,A>G,GAC,0.46
293,G[A>G]C,1,0.00621000723913312,A>G,GAC,0.62
485,G[A>G]C,2,0.00184934725984931,A>G,GAC,0.18
677,G[A>G]C,3,0.005379623733460903,A>G,GAC,0.54
102,G[A>G]G,0,0.004367310553789139,A>G,GAG,0.44
294,G[A>G]G,1,0.005054357461631298,A>G,GAG,0.51
486,G[A>G]G,2,0.003392700105905533,A>G,GAG,0.34
678,G[A>G]G,3,0.005569731816649437,A>G,GAG,0.56
103,G[A>G]T,0,0.005198667757213116,A>G,GAT,0.52
295,G[A>G]T,1,0.005767022725194693,A>G,GAT,0.58
487,G[A>G]T,2,0.007381030824035406,A>G,GAT,0.74
679,G[A>G]T,3,0.010747570544481277,A>G,GAT,1.07
148,T[A>G]A,0,0.00868301186710596,A>G,TAA,0.87
340,T[A>G]A,1,0.005052162334322929,A>G,TAA,0.51
532,T[A>G]A,2,0.002823774702847004,A>G,TAA,0.28
724,T[A>G]A,3,0.008116621524095535,A>G,TAA,0.81
149,T[A>G]C,0,0.006833869498223066,A>G,TAC,0.68
341,T[A>G]C,1,0.005073358304798603,A>G,TAC,0.51
533,T[A>G]C,2,0.0031746814493089914,A>G,TAC,0.32
725,T[A>G]C,3,0.009796146303415298,A>G,TAC,0.98
150,T[A>G]G,0,0.005722046364098787,A>G,TAG,0.57
342,T[A>G]G,1,0.00508636562153697,A>G,TAG,0.51
534,T[A>G]G,2,0.0065516820177435875,A>G,TAG,0.66
726,T[A>G]G,3,0.00899636372923851,A>G,TAG,0.9
151,T[A>G]T,0,0.009325339458882809,A>G,TAT,0.93
343,T[A>G]T,1,0.005074633751064539,A>G,TAT,0.51
535,T[A>G]T,2,0.009227154776453972,A>G,TAT,0.92
727,T[A>G]T,3,0.013993494212627411,A>G,TAT,1.4
8,A[A>T]A,0,0.006624672561883926,A>T,AAA,0.66
200,A[A>T]A,1,0.005216037854552269,A>T,AAA,0.52
392,A[A>T]A,2,0.004009007476270199,A>T,AAA,0.4
584,A[A>T]A,3,0.0028382015880197287,A>T,AAA,0.28
9,A[A>T]C,0,0.003984364680945873,A>T,AAC,0.4
201,A[A>T]C,1,0.005080468952655792,A>T,AAC,0.51
393,A[A>T]C,2,0.0002171659580199048,A>T,AAC,0.02
585,A[A>T]C,3,0.0007884574588388205,A>T,AAC,0.08
10,A[A>T]G,0,0.0057715740986168385,A>T,AAG,0.58
202,A[A>T]G,1,0.00507071428000927,A>T,AAG,0.51
394,A[A>T]G,2,0.0010711237555369735,A>T,AAG,0.11
586,A[A>T]G,3,0.002374125411733985,A>T,AAG,0.24
11,A[A>T]T,0,0.007286732085049152,A>T,AAT,0.73
203,A[A>T]T,1,0.00505621125921607,A>T,AAT,0.51
395,A[A>T]T,2,0.0016876872396096587,A>T,AAT,0.17
587,A[A>T]T,3,0.0020250438246876,A>T,AAT,0.2
56,C[A>T]A,0,0.00782932061702013,A>T,CAA,0.78
248,C[A>T]A,1,0.005085500422865152,A>T,CAA,0.51
440,C[A>T]A,2,0.002718427451327443,A>T,CAA,0.27
632,C[A>T]A,3,0.00870951171964407,A>T,CAA,0.87
57,C[A>T]C,0,0.0039389487355947495,A>T,CAC,0.39
249,C[A>T]C,1,0.005166035611182451,A>T,CAC,0.52
441,C[A>T]C,2,0.0008282688213512301,A>T,CAC,0.08
633,C[A>T]C,3,0.0019766963087022305,A>T,CAC,0.2
58,C[A>T]G,0,0.005315485876053572,A>T,CAG,0.53
250,C[A>T]G,1,0.005078496411442757,A>T,CAG,0.51
442,C[A>T]G,2,0.0031465371139347553,A>T,CAG,0.31
634,C[A>T]G,3,0.004906806163489819,A>T,CAG,0.49
59,C[A>T]T,0,0.0060810972936451435,A>T,CAT,0.61
251,C[A>T]T,1,0.005066412501037121,A>T,CAT,0.51
443,C[A>T]T,2,0.0022105544339865446,A>T,CAT,0.22
635,C[A>T]T,3,0.003837459022179246,A>T,CAT,0.38
104,G[A>T]A,0,0.00476801348850131,A>T,GAA,0.48
296,G[A>T]A,1,0.004985918756574392,A>T,GAA,0.5
488,G[A>T]A,2,0.0006729066371917725,A>T,GAA,0.07
680,G[A>T]A,3,0.0022814739495515823,A>T,GAA,0.23
105,G[A>T]C,0,0.0023080732207745314,A>T,GAC,0.23
297,G[A>T]C,1,0.005034442991018295,A>T,GAC,0.5
489,G[A>T]C,2,0.0003476344281807542,A>T,GAC,0.03
681,G[A>T]C,3,0.00048478657845407724,A>T,GAC,0.05
106,G[A>T]G,0,0.003351133782416582,A>T,GAG,0.34
298,G[A>T]G,1,0.007399347145110369,A>T,GAG,0.74
490,G[A>T]G,2,0.0009509846568107605,A>T,GAG,0.1
682,G[A>T]G,3,0.0012195897288620472,A>T,GAG,0.12
107,G[A>T]T,0,0.0032134498469531536,A>T,GAT,0.32
299,G[A>T]T,1,0.005021346732974052,A>T,GAT,0.5
491,G[A>T]T,2,0.0009867525659501553,A>T,GAT,0.1
683,G[A>T]T,3,0.0016778531717136502,A>T,GAT,0.17
152,T[A>T]A,0,0.0061598834581673145,A>T,TAA,0.62
344,T[A>T]A,1,0.005043373443186283,A>T,TAA,0.5
536,T[A>T]A,2,0.0010697299148887396,A>T,TAA,0.11
728,T[A>T]A,3,0.0025619494263082743,A>T,TAA,0.26
153,T[A>T]C,0,0.003928032703697681,A>T,TAC,0.39
345,T[A>T]C,1,0.005094077903777361,A>T,TAC,0.51
537,T[A>T]C,2,0.0006801381823606789,A>T,TAC,0.07
729,T[A>T]C,3,0.0007180813699960709,A>T,TAC,0.07
154,T[A>T]G,0,0.004711303394287825,A>T,TAG,0.47
346,T[A>T]G,1,0.005018891766667366,A>T,TAG,0.5
538,T[A>T]G,2,0.0013631170149892569,A>T,TAG,0.14
730,T[A>T]G,3,0.0014888378791511059,A>T,TAG,0.15
155,T[A>T]T,0,0.005785845685750246,A>T,TAT,0.58
347,T[A>T]T,1,0.005100317765027285,A>T,TAT,0.51
539,T[A>T]T,2,0.0004865675582550466,A>T,TAT,0.05
731,T[A>T]T,3,0.003150123870000243,A>T,TAT,0.32
12,A[C>A]A,0,0.00805643294006586,C>A,ACA,0.81
204,A[C>A]A,1,0.005343245808035135,C>A,ACA,0.53
396,A[C>A]A,2,0.002797674387693405,C>A,ACA,0.28
588,A[C>A]A,3,0.0043702456168830395,C>A,ACA,0.44
13,A[C>A]C,0,0.004680003505200148,C>A,ACC,0.47
205,A[C>A]C,1,0.005159475840628147,C>A,ACC,0.52
397,A[C>A]C,2,0.001630376442335546,C>A,ACC,0.16
589,A[C>A]C,3,0.0030439100228250027,C>A,ACC,0.3
14,A[C>A]G,0,0.001500224112533033,C>A,ACG,0.15
206,A[C>A]G,1,0.005030123051255941,C>A,ACG,0.5
398,A[C>A]G,2,0.0008496113587170839,C>A,ACG,0.08
590,A[C>A]G,3,0.0017375926254317164,C>A,ACG,0.17
15,A[C>A]T,0,0.008174235932528973,C>A,ACT,0.82
207,A[C>A]T,1,0.0050811562687158585,C>A,ACT,0.51
399,A[C>A]T,2,0.0022656586952507496,C>A,ACT,0.23
591,A[C>A]T,3,0.009061363525688648,C>A,ACT,0.91
60,C[C>A]A,0,0.004620044957846403,C>A,CCA,0.46
252,C[C>A]A,1,0.005112483166158199,C>A,CCA,0.51
444,C[C>A]A,2,0.0022661106195300817,C>A,CCA,0.23
636,C[C>A]A,3,0.003613367909565568,C>A,CCA,0.36
61,C[C>A]C,0,0.0010895062005147338,C>A,CCC,0.11
253,C[C>A]C,1,0.005162385758012533,C>A,CCC,0.52
445,C[C>A]C,2,0.00034083169884979725,C>A,CCC,0.03
637,C[C>A]C,3,0.001630143728107214,C>A,CCC,0.16
62,C[C>A]G,0,0.0008617270505055785,C>A,CCG,0.09
254,C[C>A]G,1,0.00497356615960598,C>A,CCG,0.5
446,C[C>A]G,2,0.0006181881763041019,C>A,CCG,0.06
638,C[C>A]G,3,0.001246285275556147,C>A,CCG,0.12
63,C[C>A]T,0,0.004545575473457575,C>A,CCT,0.45
255,C[C>A]T,1,0.005181754939258099,C>A,CCT,0.52
447,C[C>A]T,2,0.0017894034972414374,C>A,CCT,0.18
639,C[C>A]T,3,0.006717562675476074,C>A,CCT,0.67
108,G[C>A]A,0,0.003503807820379734,C>A,GCA,0.35
300,G[C>A]A,1,0.005068404600024223,C>A,GCA,0.51
492,G[C>A]A,2,0.0007412402192130685,C>A,GCA,0.07
684,G[C>A]A,3,0.0017535605002194643,C>A,GCA,0.18
109,G[C>A]C,0,0.0015655154129490256,C>A,GCC,0.16
301,G[C>A]C,1,0.005206211470067501,C>A,GCC,0.52
493,G[C>A]C,2,0.00032200146233662963,C>A,GCC,0.03
685,G[C>A]C,3,0.0012151547707617283,C>A,GCC,0.12
110,G[C>A]G,0,0.0007403918425552547,C>A,GCG,0.07
302,G[C>A]G,1,0.005075668916106224,C>A,GCG,0.51
494,G[C>A]G,2,0.00011795021418947726,C>A,GCG,0.01
686,G[C>A]G,3,0.0008047513547353446,C>A,GCG,0.08
111,G[C>A]T,0,0.004985441919416189,C>A,GCT,0.5
303,G[C>A]T,1,0.005014852620661259,C>A,GCT,0.5
495,G[C>A]T,2,0.0003624477540142834,C>A,GCT,0.04
687,G[C>A]T,3,0.003996710758656263,C>A,GCT,0.4
156,T[C>A]A,0,0.00452814856544137,C>A,TCA,0.45
348,T[C>A]A,1,0.005027791950851679,C>A,TCA,0.5
540,T[C>A]A,2,0.0012444398598745465,C>A,TCA,0.12
732,T[C>A]A,3,0.0038273578975349665,C>A,TCA,0.38
157,T[C>A]C,0,0.002496541477739811,C>A,TCC,0.25
349,T[C>A]C,1,0.005047088023275137,C>A,TCC,0.5
541,T[C>A]C,2,0.0007480288040824234,C>A,TCC,0.07
733,T[C>A]C,3,0.0015330855967476964,C>A,TCC,0.15
158,T[C>A]G,0,0.0013696334790438414,C>A,TCG,0.14
350,T[C>A]G,1,0.00527048297226429,C>A,TCG,0.53
542,T[C>A]G,2,0.00040548821561969817,C>A,TCG,0.04
734,T[C>A]G,3,0.0010182816768065095,C>A,TCG,0.1
159,T[C>A]T,0,0.006414270959794521,C>A,TCT,0.64
351,T[C>A]T,1,0.005099714267998934,C>A,TCT,0.51
543,T[C>A]T,2,0.00168566161300987,C>A,TCT,0.17
735,T[C>A]T,3,0.0057348464615643024,C>A,TCT,0.57
16,A[C>G]A,0,0.0034418622963130474,C>G,ACA,0.34
208,A[C>G]A,1,0.0051289768889546394,C>G,ACA,0.51
400,A[C>G]A,2,0.00036955918767489493,C>G,ACA,0.04
592,A[C>G]A,3,0.0012541280593723059,C>G,ACA,0.13
17,A[C>G]C,0,0.002012485871091485,C>G,ACC,0.2
209,A[C>G]C,1,0.004990368150174618,C>G,ACC,0.5
401,A[C>G]C,2,5.0635037041502073e-05,C>G,ACC,0.01
593,A[C>G]C,3,0.0004852393176406622,C>G,ACC,0.05
18,A[C>G]G,0,0.0008411788730882108,C>G,ACG,0.08
210,A[C>G]G,1,0.011450165882706642,C>G,ACG,1.15
402,A[C>G]G,2,0.00022693148639518768,C>G,ACG,0.02
594,A[C>G]G,3,0.00018024674500338733,C>G,ACG,0.02
19,A[C>G]T,0,0.004182768054306507,C>G,ACT,0.42
211,A[C>G]T,1,0.005006663501262665,C>G,ACT,0.5
403,A[C>G]T,2,0.0005194890545681119,C>G,ACT,0.05
595,A[C>G]T,3,0.0010969223221763968,C>G,ACT,0.11
64,C[C>G]A,0,0.0021252823062241077,C>G,CCA,0.21
256,C[C>G]A,1,0.005029603838920593,C>G,CCA,0.5
448,C[C>G]A,2,0.00022926894598640501,C>G,CCA,0.02
640,C[C>G]A,3,0.001064014039002359,C>G,CCA,0.11
65,C[C>G]C,0,0.0009272568859159946,C>G,CCC,0.09
257,C[C>G]C,1,0.010073797777295113,C>G,CCC,1.01
449,C[C>G]C,2,0.00012170094851171598,C>G,CCC,0.01
641,C[C>G]C,3,0.00021722142992075533,C>G,CCC,0.02
66,C[C>G]G,0,0.0003104345523752272,C>G,CCG,0.03
258,C[C>G]G,1,0.004910652991384268,C>G,CCG,0.49
450,C[C>G]G,2,5.0014648877549917e-05,C>G,CCG,0.01
642,C[C>G]G,3,0.00024163357738871127,C>G,CCG,0.02
67,C[C>G]T,0,0.002286488888785243,C>G,CCT,0.23
259,C[C>G]T,1,0.0050257728435099125,C>G,CCT,0.5
451,C[C>G]T,2,0.0005974051309749484,C>G,CCT,0.06
643,C[C>G]T,3,0.0009492061217315495,C>G,CCT,0.09
112,G[C>G]A,0,0.0015842923894524574,C>G,GCA,0.16
304,G[C>G]A,1,0.00513834971934557,C>G,GCA,0.51
496,G[C>G]A,2,0.00016939644410740584,C>G,GCA,0.02
688,G[C>G]A,3,0.0003969167883042246,C>G,GCA,0.04
113,G[C>G]C,0,0.0009488195646554232,C>G,GCC,0.09
305,G[C>G]C,1,0.004929961636662483,C>G,GCC,0.49
497,G[C>G]C,2,3.08381968352478e-05,C>G,GCC,0.0
689,G[C>G]C,3,0.0001951527810888365,C>G,GCC,0.02
114,G[C>G]G,0,0.00048334943130612373,C>G,GCG,0.05
306,G[C>G]G,1,0.004869213793426752,C>G,GCG,0.49
498,G[C>G]G,2,5.8218873164150864e-05,C>G,GCG,0.01
690,G[C>G]G,3,4.106621418031864e-05,C>G,GCG,0.0
115,G[C>G]T,0,0.0028158759232610464,C>G,GCT,0.28
307,G[C>G]T,1,0.0049481987953186035,C>G,GCT,0.49
499,G[C>G]T,2,0.0004967256681993604,C>G,GCT,0.05
691,G[C>G]T,3,0.0006735066999681294,C>G,GCT,0.07
160,T[C>G]A,0,0.002934388117864728,C>G,TCA,0.29
352,T[C>G]A,1,0.004961294587701559,C>G,TCA,0.5
544,T[C>G]A,2,0.0002633136755321175,C>G,TCA,0.03
736,T[C>G]A,3,0.0015305206179618835,C>G,TCA,0.15
161,T[C>G]C,0,0.001467263326048851,C>G,TCC,0.15
353,T[C>G]C,1,0.004953967407345772,C>G,TCC,0.5
545,T[C>G]C,2,0.00010532459418755025,C>G,TCC,0.01
737,T[C>G]C,3,0.00044396365410648286,C>G,TCC,0.04
162,T[C>G]G,0,0.0006610885611735284,C>G,TCG,0.07
354,T[C>G]G,1,0.005281811114400625,C>G,TCG,0.53
546,T[C>G]G,2,7.851804548408836e-05,C>G,TCG,0.01
738,T[C>G]G,3,0.00037332202191464603,C>G,TCG,0.04
163,T[C>G]T,0,0.004172047134488821,C>G,TCT,0.42
355,T[C>G]T,1,0.0049916477873921394,C>G,TCT,0.5
547,T[C>G]T,2,0.0001482463558204472,C>G,TCT,0.01
739,T[C>G]T,3,0.0015403227880597115,C>G,TCT,0.15
20,A[C>T]A,0,0.02222309447824955,C>T,ACA,2.22
212,A[C>T]A,1,0.00508317444473505,C>T,ACA,0.51
404,A[C>T]A,2,0.07187730818986893,C>T,ACA,7.19
596,A[C>T]A,3,0.033769384026527405,C>T,ACA,3.38
21,A[C>T]C,0,0.009950626641511917,C>T,ACC,1.0
213,A[C>T]C,1,0.005309107713401318,C>T,ACC,0.53
405,A[C>T]C,2,0.029058236628770828,C>T,ACC,2.91
597,A[C>T]C,3,0.014112390577793121,C>T,ACC,1.41
22,A[C>T]G,0,0.005128682125359774,C>T,ACG,0.51
214,A[C>T]G,1,0.005281689576804638,C>T,ACG,0.53
406,A[C>T]G,2,0.016233593225479126,C>T,ACG,1.62
598,A[C>T]G,3,0.007718784734606743,C>T,ACG,0.77
23,A[C>T]T,0,0.016551431268453598,C>T,ACT,1.66
215,A[C>T]T,1,0.005229976959526539,C>T,ACT,0.52
407,A[C>T]T,2,0.06263294816017151,C>T,ACT,6.26
599,A[C>T]T,3,0.030813319608569145,C>T,ACT,3.08
68,C[C>T]A,0,0.007633311673998833,C>T,CCA,0.76
260,C[C>T]A,1,0.005559115670621395,C>T,CCA,0.56
452,C[C>T]A,2,0.025196867063641548,C>T,CCA,2.52
644,C[C>T]A,3,0.01328251976519823,C>T,CCA,1.33
69,C[C>T]C,0,0.0028325063176453114,C>T,CCC,0.28
261,C[C>T]C,1,0.005042786244302988,C>T,CCC,0.5
453,C[C>T]C,2,0.009567970409989357,C>T,CCC,0.96
645,C[C>T]C,3,0.004380774684250355,C>T,CCC,0.44
70,C[C>T]G,0,0.0020612895023077726,C>T,CCG,0.21
262,C[C>T]G,1,0.005047538783401251,C>T,CCG,0.5
454,C[C>T]G,2,0.008206763304769993,C>T,CCG,0.82
646,C[C>T]G,3,0.0027718101628124714,C>T,CCG,0.28
71,C[C>T]T,0,0.009625103324651718,C>T,CCT,0.96
263,C[C>T]T,1,0.005052519496530294,C>T,CCT,0.51
455,C[C>T]T,2,0.023533504456281662,C>T,CCT,2.35
647,C[C>T]T,3,0.01301230862736702,C>T,CCT,1.3
116,G[C>T]A,0,0.008336302824318409,C>T,GCA,0.83
308,G[C>T]A,1,0.005425610113888979,C>T,GCA,0.54
500,G[C>T]A,2,0.021574629470705986,C>T,GCA,2.16
692,G[C>T]A,3,0.0113215958699584,C>T,GCA,1.13
117,G[C>T]C,0,0.003919227048754692,C>T,GCC,0.39
309,G[C>T]C,1,0.005083686206489801,C>T,GCC,0.51
501,G[C>T]C,2,0.01136515662074089,C>T,GCC,1.14
693,G[C>T]C,3,0.005938468500971794,C>T,GCC,0.59
118,G[C>T]G,0,0.002602991182357073,C>T,GCG,0.26
310,G[C>T]G,1,0.005053524859249592,C>T,GCG,0.51
502,G[C>T]G,2,0.0077990260906517506,C>T,GCG,0.78
694,G[C>T]G,3,0.0032700730953365564,C>T,GCG,0.33
119,G[C>T]T,0,0.01230383850634098,C>T,GCT,1.23
311,G[C>T]T,1,0.005120908375829458,C>T,GCT,0.51
503,G[C>T]T,2,0.038907524198293686,C>T,GCT,3.89
695,G[C>T]T,3,0.019638044759631157,C>T,GCT,1.96
164,T[C>T]A,0,0.01418230403214693,C>T,TCA,1.42
356,T[C>T]A,1,0.005097478628158569,C>T,TCA,0.51
548,T[C>T]A,2,0.04301099106669426,C>T,TCA,4.3
740,T[C>T]A,3,0.021643467247486115,C>T,TCA,2.16
165,T[C>T]C,0,0.0059487163089215755,C>T,TCC,0.59
357,T[C>T]C,1,0.005049156956374645,C>T,TCC,0.5
549,T[C>T]C,2,0.01912221871316433,C>T,TCC,1.91
741,T[C>T]C,3,0.008435273543000221,C>T,TCC,0.84
166,T[C>T]G,0,0.0037316654343158007,C>T,TCG,0.37
358,T[C>T]G,1,0.005063177552074194,C>T,TCG,0.51
550,T[C>T]G,2,0.016778234392404556,C>T,TCG,1.68
742,T[C>T]G,3,0.005501377861946821,C>T,TCG,0.55
167,T[C>T]T,0,0.013327838853001595,C>T,TCT,1.33
359,T[C>T]T,1,0.005196430254727602,C>T,TCT,0.52
551,T[C>T]T,2,0.05254003405570984,C>T,TCT,5.25
743,T[C>T]T,3,0.023513752967119217,C>T,TCT,2.35
24,A[G>A]A,0,0.008083689026534557,G>A,AGA,0.81
216,A[G>A]A,1,0.005061418283730745,G>A,AGA,0.51
408,A[G>A]A,2,0.006912277080118656,G>A,AGA,0.69
600,A[G>A]A,3,0.013746884651482105,G>A,AGA,1.37
25,A[G>A]C,0,0.004524161573499441,G>A,AGC,0.45
217,A[G>A]C,1,0.005406951531767845,G>A,AGC,0.54
409,A[G>A]C,2,0.005548589862883091,G>A,AGC,0.55
601,A[G>A]C,3,0.007270297035574913,G>A,AGC,0.73
26,A[G>A]G,0,0.005030054599046707,G>A,AGG,0.5
218,A[G>A]G,1,0.0051308898255229,G>A,AGG,0.51
410,A[G>A]G,2,0.007084018550813198,G>A,AGG,0.71
602,A[G>A]G,3,0.00913805328309536,G>A,AGG,0.91
27,A[G>A]T,0,0.006857921835035086,G>A,AGT,0.69
219,A[G>A]T,1,0.005430156365036964,G>A,AGT,0.54
411,A[G>A]T,2,0.005945634562522173,G>A,AGT,0.59
603,A[G>A]T,3,0.011399307288229465,G>A,AGT,1.14
72,C[G>A]A,0,0.0009059316362254322,G>A,CGA,0.09
264,C[G>A]A,1,0.005069749895483255,G>A,CGA,0.51
456,C[G>A]A,2,0.0017788559198379517,G>A,CGA,0.18
648,C[G>A]A,3,0.0032932565081864595,G>A,CGA,0.33
73,C[G>A]C,0,0.0018335641361773014,G>A,CGC,0.18
265,C[G>A]C,1,0.00549802090972662,G>A,CGC,0.55
457,C[G>A]C,2,0.004369940608739853,G>A,CGC,0.44
649,C[G>A]C,3,0.0031725983135402203,G>A,CGC,0.32
74,C[G>A]G,0,0.0016709446208551526,G>A,CGG,0.17
266,C[G>A]G,1,0.0050143590196967125,G>A,CGG,0.5
458,C[G>A]G,2,0.0032543910201638937,G>A,CGG,0.33
650,C[G>A]G,3,0.0025897466111928225,G>A,CGG,0.26
75,C[G>A]T,0,0.002212163992226124,G>A,CGT,0.22
267,C[G>A]T,1,0.005138908047229052,G>A,CGT,0.51
459,C[G>A]T,2,0.005995337851345539,G>A,CGT,0.6
651,C[G>A]T,3,0.005372133571654558,G>A,CGT,0.54
120,G[G>A]A,0,0.003150695003569126,G>A,GGA,0.32
312,G[G>A]A,1,0.005146300420165062,G>A,GGA,0.51
504,G[G>A]A,2,0.004462117794901133,G>A,GGA,0.45
696,G[G>A]A,3,0.005030705127865076,G>A,GGA,0.5
121,G[G>A]C,0,0.002008887706324458,G>A,GGC,0.2
313,G[G>A]C,1,0.005017101299017668,G>A,GGC,0.5
505,G[G>A]C,2,0.0033832727931439877,G>A,GGC,0.34
697,G[G>A]C,3,0.004603996407240629,G>A,GGC,0.46
122,G[G>A]G,0,0.0016533881425857544,G>A,GGG,0.17
314,G[G>A]G,1,0.005113688297569752,G>A,GGG,0.51
506,G[G>A]G,2,0.003048350801691413,G>A,GGG,0.3
698,G[G>A]G,3,0.002790951170027256,G>A,GGG,0.28
123,G[G>A]T,0,0.005057451780885458,G>A,GGT,0.51
315,G[G>A]T,1,0.0051165372133255005,G>A,GGT,0.51
507,G[G>A]T,2,0.0033731204457581043,G>A,GGT,0.34
699,G[G>A]T,3,0.00679437443614006,G>A,GGT,0.68
168,T[G>A]A,0,0.007665327284485102,G>A,TGA,0.77
360,T[G>A]A,1,0.00512248370796442,G>A,TGA,0.51
552,T[G>A]A,2,0.004566560499370098,G>A,TGA,0.46
744,T[G>A]A,3,0.010141526348888874,G>A,TGA,1.01
169,T[G>A]C,0,0.007960321381688118,G>A,TGC,0.8
361,T[G>A]C,1,0.00508570671081543,G>A,TGC,0.51
553,T[G>A]C,2,0.004772545769810677,G>A,TGC,0.48
745,T[G>A]C,3,0.008089489303529263,G>A,TGC,0.81
170,T[G>A]G,0,0.006077720783650875,G>A,TGG,0.61
362,T[G>A]G,1,0.0050602746196091175,G>A,TGG,0.51
554,T[G>A]G,2,0.006867741700261831,G>A,TGG,0.69
746,T[G>A]G,3,0.010344224981963634,G>A,TGG,1.03
171,T[G>A]T,0,0.011947616934776306,G>A,TGT,1.19
363,T[G>A]T,1,0.005075036082416773,G>A,TGT,0.51
555,T[G>A]T,2,0.008610596880316734,G>A,TGT,0.86
747,T[G>A]T,3,0.016301970928907394,G>A,TGT,1.63
28,A[G>C]A,0,0.00548191275447607,G>C,AGA,0.55
220,A[G>C]A,1,0.005072807427495718,G>C,AGA,0.51
412,A[G>C]A,2,0.004393904469907284,G>C,AGA,0.44
604,A[G>C]A,3,0.0032560229301452637,G>C,AGA,0.33
29,A[G>C]C,0,0.0016322293085977435,G>C,AGC,0.16
221,A[G>C]C,1,0.005034183152019978,G>C,AGC,0.5
413,A[G>C]C,2,0.00030246583628468215,G>C,AGC,0.03
605,A[G>C]C,3,0.001012787688523531,G>C,AGC,0.1
30,A[G>C]G,0,0.0027934573590755463,G>C,AGG,0.28
222,A[G>C]G,1,0.005003822967410088,G>C,AGG,0.5
414,A[G>C]G,2,0.0009236520854756236,G>C,AGG,0.09
606,A[G>C]G,3,0.0005497678648680449,G>C,AGG,0.05
31,A[G>C]T,0,0.0037620151415467262,G>C,AGT,0.38
223,A[G>C]T,1,0.005146912764757872,G>C,AGT,0.51
415,A[G>C]T,2,0.0010893505532294512,G>C,AGT,0.11
607,A[G>C]T,3,0.0015300100203603506,G>C,AGT,0.15
76,C[G>C]A,0,0.0009061056189239025,G>C,CGA,0.09
268,C[G>C]A,1,0.0051772878505289555,G>C,CGA,0.52
460,C[G>C]A,2,0.0006067079375497997,G>C,CGA,0.06
652,C[G>C]A,3,0.0012489184737205505,G>C,CGA,0.12
77,C[G>C]C,0,0.0008720626938156784,G>C,CGC,0.09
269,C[G>C]C,1,0.004967548418790102,G>C,CGC,0.5
461,C[G>C]C,2,0.00026829593116417527,G>C,CGC,0.03
653,C[G>C]C,3,0.0003892644017469138,G>C,CGC,0.04
78,C[G>C]G,0,0.0006711847381666303,G>C,CGG,0.07
270,C[G>C]G,1,0.004958741832524538,G>C,CGG,0.5
462,C[G>C]G,2,0.00010033489525085315,G>C,CGG,0.01
654,C[G>C]G,3,7.954720058478415e-05,G>C,CGG,0.01
79,C[G>C]T,0,0.001714562182314694,G>C,CGT,0.17
271,C[G>C]T,1,0.005036851856857538,G>C,CGT,0.5
463,C[G>C]T,2,0.0005581523291766644,G>C,CGT,0.06
655,C[G>C]T,3,0.0005339390481822193,G>C,CGT,0.05
124,G[G>C]A,0,0.0017463595140725374,G>C,GGA,0.17
316,G[G>C]A,1,0.005147622898221016,G>C,GGA,0.51
508,G[G>C]A,2,0.0005062578129582107,G>C,GGA,0.05
700,G[G>C]A,3,0.0011688891099765897,G>C,GGA,0.12
125,G[G>C]C,0,0.0012784339487552643,G>C,GGC,0.13
317,G[G>C]C,1,0.005029772873967886,G>C,GGC,0.5
509,G[G>C]C,2,0.00032367079984396696,G>C,GGC,0.03
701,G[G>C]C,3,0.0001979919761652127,G>C,GGC,0.02
126,G[G>C]G,0,0.0005348711856640875,G>C,GGG,0.05
318,G[G>C]G,1,0.005086030811071396,G>C,GGG,0.51
510,G[G>C]G,2,0.0002443949633743614,G>C,GGG,0.02
702,G[G>C]G,3,0.0002797677007038146,G>C,GGG,0.03
127,G[G>C]T,0,0.002583099063485861,G>C,GGT,0.26
319,G[G>C]T,1,0.005169393494725227,G>C,GGT,0.52
511,G[G>C]T,2,0.000286120775854215,G>C,GGT,0.03
703,G[G>C]T,3,0.0009082572069019079,G>C,GGT,0.09
172,T[G>C]A,0,0.005204214248806238,G>C,TGA,0.52
364,T[G>C]A,1,0.005153762176632881,G>C,TGA,0.52
556,T[G>C]A,2,0.0031795604154467583,G>C,TGA,0.32
748,T[G>C]A,3,0.003201135201379657,G>C,TGA,0.32
173,T[G>C]C,0,0.0037394959945231676,G>C,TGC,0.37
365,T[G>C]C,1,0.005022068042308092,G>C,TGC,0.5
557,T[G>C]C,2,0.0008038475643843412,G>C,TGC,0.08
749,T[G>C]C,3,0.0005763916415162385,G>C,TGC,0.06
174,T[G>C]G,0,0.0036203598137944937,G>C,TGG,0.36
366,T[G>C]G,1,0.0050934297032654285,G>C,TGG,0.51
558,T[G>C]G,2,0.0005156301194801927,G>C,TGG,0.05
750,T[G>C]G,3,0.0013567034620791674,G>C,TGG,0.14
175,T[G>C]T,0,0.005397721193730831,G>C,TGT,0.54
367,T[G>C]T,1,0.004999734926968813,G>C,TGT,0.5
559,T[G>C]T,2,0.0021019033156335354,G>C,TGT,0.21
751,T[G>C]T,3,0.0028534734155982733,G>C,TGT,0.29
32,A[G>T]A,0,0.010166116990149021,G>T,AGA,1.02
224,A[G>T]A,1,0.005347441881895065,G>T,AGA,0.53
416,A[G>T]A,2,0.020062319934368134,G>T,AGA,2.01
608,A[G>T]A,3,0.006381452549248934,G>T,AGA,0.64
33,A[G>T]C,0,0.006983078550547361,G>T,AGC,0.7
225,A[G>T]C,1,0.005073843523859978,G>T,AGC,0.51
417,A[G>T]C,2,0.010572176426649094,G>T,AGC,1.06
609,A[G>T]C,3,0.005382046569138765,G>T,AGC,0.54
34,A[G>T]G,0,0.00594145804643631,G>T,AGG,0.59
226,A[G>T]G,1,0.005097349174320698,G>T,AGG,0.51
418,A[G>T]G,2,0.011272002011537552,G>T,AGG,1.13
610,A[G>T]G,3,0.0058308751322329044,G>T,AGG,0.58
35,A[G>T]T,0,0.011406890116631985,G>T,AGT,1.14
227,A[G>T]T,1,0.00520568061619997,G>T,AGT,0.52
419,A[G>T]T,2,0.021410416811704636,G>T,AGT,2.14
611,A[G>T]T,3,0.009005376137793064,G>T,AGT,0.9
80,C[G>T]A,0,0.0021499774884432554,G>T,CGA,0.21
272,C[G>T]A,1,0.005063936114311218,G>T,CGA,0.51
464,C[G>T]A,2,0.004367590416222811,G>T,CGA,0.44
656,C[G>T]A,3,0.001333592226728797,G>T,CGA,0.13
81,C[G>T]C,0,0.002593003446236253,G>T,CGC,0.26
273,C[G>T]C,1,0.00517791323363781,G>T,CGC,0.52
465,C[G>T]C,2,0.004637221805751324,G>T,CGC,0.46
657,C[G>T]C,3,0.0018350293394178152,G>T,CGC,0.18
82,C[G>T]G,0,0.0014945726143196225,G>T,CGG,0.15
274,C[G>T]G,1,0.0053155915811657906,G>T,CGG,0.53
466,C[G>T]G,2,0.0038319050800055265,G>T,CGG,0.38
658,C[G>T]G,3,0.001806724234484136,G>T,CGG,0.18
83,C[G>T]T,0,0.00393318198621273,G>T,CGT,0.39
275,C[G>T]T,1,0.005438264459371567,G>T,CGT,0.54
467,C[G>T]T,2,0.008108898065984249,G>T,CGT,0.81
659,C[G>T]T,3,0.003550640307366848,G>T,CGT,0.36
128,G[G>T]A,0,0.004204173572361469,G>T,GGA,0.42
320,G[G>T]A,1,0.005080141127109528,G>T,GGA,0.51
512,G[G>T]A,2,0.006000584922730923,G>T,GGA,0.6
704,G[G>T]A,3,0.002437748247757554,G>T,GGA,0.24
129,G[G>T]C,0,0.0032990637701004744,G>T,GGC,0.33
321,G[G>T]C,1,0.005111139267683029,G>T,GGC,0.51
513,G[G>T]C,2,0.004661766812205315,G>T,GGC,0.47
705,G[G>T]C,3,0.0045867194421589375,G>T,GGC,0.46
130,G[G>T]G,0,0.001734613673761487,G>T,GGG,0.17
322,G[G>T]G,1,0.0051042502745985985,G>T,GGG,0.51
514,G[G>T]G,2,0.0014176409458741546,G>T,GGG,0.14
706,G[G>T]G,3,0.0018687222618609667,G>T,GGG,0.19
131,G[G>T]T,0,0.007529796101152897,G>T,GGT,0.75
323,G[G>T]T,1,0.005199323408305645,G>T,GGT,0.52
515,G[G>T]T,2,0.007920799776911736,G>T,GGT,0.79
707,G[G>T]T,3,0.004958515055477619,G>T,GGT,0.5
176,T[G>T]A,0,0.010104190558195114,G>T,TGA,1.01
368,T[G>T]A,1,0.005351762752979994,G>T,TGA,0.54
560,T[G>T]A,2,0.017428381368517876,G>T,TGA,1.74
752,T[G>T]A,3,0.00539204478263855,G>T,TGA,0.54
177,T[G>T]C,0,0.011033478192985058,G>T,TGC,1.1
369,T[G>T]C,1,0.005203545559197664,G>T,TGC,0.52
561,T[G>T]C,2,0.019763540476560593,G>T,TGC,1.98
753,T[G>T]C,3,0.008860546164214611,G>T,TGC,0.89
178,T[G>T]G,0,0.010186259634792805,G>T,TGG,1.02
370,T[G>T]G,1,0.005092983599752188,G>T,TGG,0.51
562,T[G>T]G,2,0.013630691915750504,G>T,TGG,1.36
754,T[G>T]G,3,0.0059091635048389435,G>T,TGG,0.59
179,T[G>T]T,0,0.016219329088926315,G>T,TGT,1.62
371,T[G>T]T,1,0.0052135540172457695,G>T,TGT,0.52
563,T[G>T]T,2,0.029008442535996437,G>T,TGT,2.9
755,T[G>T]T,3,0.011077893897891045,G>T,TGT,1.11
36,A[T>A]A,0,0.002852729754522443,T>A,ATA,0.29
228,A[T>A]A,1,0.004973466973751783,T>A,ATA,0.5
420,A[T>A]A,2,0.0007797403377480805,T>A,ATA,0.08
612,A[T>A]A,3,0.0008179860305972397,T>A,ATA,0.08
37,A[T>A]C,0,0.0025888392701745033,T>A,ATC,0.26
229,A[T>A]C,1,0.005014072638005018,T>A,ATC,0.5
421,A[T>A]C,2,0.00021538307191804051,T>A,ATC,0.02
613,A[T>A]C,3,0.001283740857616067,T>A,ATC,0.13
38,A[T>A]G,0,0.00533104594796896,T>A,ATG,0.53
230,A[T>A]G,1,0.005144377239048481,T>A,ATG,0.51
422,A[T>A]G,2,0.0017787214601412416,T>A,ATG,0.18
614,A[T>A]G,3,0.0031836091075092554,T>A,ATG,0.32
39,A[T>A]T,0,0.005584548227488995,T>A,ATT,0.56
231,A[T>A]T,1,0.005172553472220898,T>A,ATT,0.52
423,A[T>A]T,2,0.0010684977751225233,T>A,ATT,0.11
615,A[T>A]T,3,0.001792293624021113,T>A,ATT,0.18
84,C[T>A]A,0,0.00540184834972024,T>A,CTA,0.54
276,C[T>A]A,1,0.005054430104792118,T>A,CTA,0.51
468,C[T>A]A,2,0.0008938242099247873,T>A,CTA,0.09
660,C[T>A]A,3,0.0019743379671126604,T>A,CTA,0.2
85,C[T>A]C,0,0.003577277995646,T>A,CTC,0.36
277,C[T>A]C,1,0.0049702078104019165,T>A,CTC,0.5
469,C[T>A]C,2,0.00033681109198369086,T>A,CTC,0.03
661,C[T>A]C,3,0.0016934492159634829,T>A,CTC,0.17
86,C[T>A]G,0,0.0066697318106889725,T>A,CTG,0.67
278,C[T>A]G,1,0.005038433242589235,T>A,CTG,0.5
470,C[T>A]G,2,0.0014903406845405698,T>A,CTG,0.15
662,C[T>A]G,3,0.00645305123180151,T>A,CTG,0.65
87,C[T>A]T,0,0.006250937934964895,T>A,CTT,0.63
279,C[T>A]T,1,0.005128754768520594,T>A,CTT,0.51
471,C[T>A]T,2,0.0012000079732388258,T>A,CTT,0.12
663,C[T>A]T,3,0.0023582251742482185,T>A,CTT,0.24
132,G[T>A]A,0,0.0023467415012419224,T>A,GTA,0.23
324,G[T>A]A,1,0.005137954838573933,T>A,GTA,0.51
516,G[T>A]A,2,0.0003209426940884441,T>A,GTA,0.03
708,G[T>A]A,3,0.0007715053507126868,T>A,GTA,0.08
133,G[T>A]C,0,0.0013334030518308282,T>A,GTC,0.13
325,G[T>A]C,1,0.004988462198525667,T>A,GTC,0.5
517,G[T>A]C,2,0.00025611749151721597,T>A,GTC,0.03
709,G[T>A]C,3,0.000162567914230749,T>A,GTC,0.02
134,G[T>A]G,0,0.003960693720728159,T>A,GTG,0.4
326,G[T>A]G,1,0.005222536623477936,T>A,GTG,0.52
518,G[T>A]G,2,0.0004908887785859406,T>A,GTG,0.05
710,G[T>A]G,3,0.000991565058939159,T>A,GTG,0.1
135,G[T>A]T,0,0.002991713583469391,T>A,GTT,0.3
327,G[T>A]T,1,0.0049781217239797115,T>A,GTT,0.5
519,G[T>A]T,2,0.0003924740303773433,T>A,GTT,0.04
711,G[T>A]T,3,0.0008434909977950156,T>A,GTT,0.08
180,T[T>A]A,0,0.006436798721551895,T>A,TTA,0.64
372,T[T>A]A,1,0.005063849501311779,T>A,TTA,0.51
564,T[T>A]A,2,0.0014599664136767387,T>A,TTA,0.15
756,T[T>A]A,3,0.001988401170819998,T>A,TTA,0.2
181,T[T>A]C,0,0.005043493118137121,T>A,TTC,0.5
373,T[T>A]C,1,0.005043040029704571,T>A,TTC,0.5
565,T[T>A]C,2,0.00088274828158319,T>A,TTC,0.09
757,T[T>A]C,3,0.0015006139874458313,T>A,TTC,0.15
182,T[T>A]G,0,0.007843879982829094,T>A,TTG,0.78
374,T[T>A]G,1,0.005083034280687571,T>A,TTG,0.51
566,T[T>A]G,2,0.002441912656649947,T>A,TTG,0.24
758,T[T>A]G,3,0.006665878929197788,T>A,TTG,0.67
183,T[T>A]T,0,0.007637673523277044,T>A,TTT,0.76
375,T[T>A]T,1,0.004984041675925255,T>A,TTT,0.5
567,T[T>A]T,2,0.001096719759516418,T>A,TTT,0.11
759,T[T>A]T,3,0.0022617934737354517,T>A,TTT,0.23
40,A[T>C]A,0,0.009074033237993717,T>C,ATA,0.91
232,A[T>C]A,1,0.005092704202979803,T>C,ATA,0.51
424,A[T>C]A,2,0.010590944439172745,T>C,ATA,1.06
616,A[T>C]A,3,0.012327623553574085,T>C,ATA,1.23
41,A[T>C]C,0,0.005719538778066635,T>C,ATC,0.57
233,A[T>C]C,1,0.005011552944779396,T>C,ATC,0.5
425,A[T>C]C,2,0.010792968794703484,T>C,ATC,1.08
617,A[T>C]C,3,0.009424189105629921,T>C,ATC,0.94
42,A[T>C]G,0,0.008316213265061378,T>C,ATG,0.83
234,A[T>C]G,1,0.005342861171811819,T>C,ATG,0.53
426,A[T>C]G,2,0.010443728417158127,T>C,ATG,1.04
618,A[T>C]G,3,0.01783682405948639,T>C,ATG,1.78
43,A[T>C]T,0,0.008286663331091404,T>C,ATT,0.83
235,A[T>C]T,1,0.005085494834929705,T>C,ATT,0.51
427,A[T>C]T,2,0.008466350845992565,T>C,ATT,0.85
619,A[T>C]T,3,0.020771970972418785,T>C,ATT,2.08
88,C[T>C]A,0,0.0075231934897601604,T>C,CTA,0.75
280,C[T>C]A,1,0.005091625265777111,T>C,CTA,0.51
472,C[T>C]A,2,0.004351452458649874,T>C,CTA,0.44
664,C[T>C]A,3,0.010532055981457233,T>C,CTA,1.05
89,C[T>C]C,0,0.003567470470443368,T>C,CTC,0.36
281,C[T>C]C,1,0.005058508366346359,T>C,CTC,0.51
473,C[T>C]C,2,0.0029780662152916193,T>C,CTC,0.3
665,C[T>C]C,3,0.005672192666679621,T>C,CTC,0.57
90,C[T>C]G,0,0.00541292317211628,T>C,CTG,0.54
282,C[T>C]G,1,0.005100879352539778,T>C,CTG,0.51
474,C[T>C]G,2,0.004733733832836151,T>C,CTG,0.47
666,C[T>C]G,3,0.010313563980162144,T>C,CTG,1.03
91,C[T>C]T,0,0.008766192011535168,T>C,CTT,0.88
283,C[T>C]T,1,0.00507197855040431,T>C,CTT,0.51
475,C[T>C]T,2,0.005219665355980396,T>C,CTT,0.52
667,C[T>C]T,3,0.012408806011080742,T>C,CTT,1.24
136,G[T>C]A,0,0.007003006059676409,T>C,GTA,0.7
328,G[T>C]A,1,0.005187885835766792,T>C,GTA,0.52
520,G[T>C]A,2,0.0020019353833049536,T>C,GTA,0.2
712,G[T>C]A,3,0.006789615843445063,T>C,GTA,0.68
137,G[T>C]C,0,0.0032183299772441387,T>C,GTC,0.32
329,G[T>C]C,1,0.005748341791331768,T>C,GTC,0.57
521,G[T>C]C,2,0.0018250304274260998,T>C,GTC,0.18
713,G[T>C]C,3,0.00529076810926199,T>C,GTC,0.53
138,G[T>C]G,0,0.007322252728044987,T>C,GTG,0.73
330,G[T>C]G,1,0.005516971927136183,T>C,GTG,0.55
522,G[T>C]G,2,0.004359075333923101,T>C,GTG,0.44
714,G[T>C]G,3,0.009017453528940678,T>C,GTG,0.9
139,G[T>C]T,0,0.008534083142876625,T>C,GTT,0.85
331,G[T>C]T,1,0.00506178755313158,T>C,GTT,0.51
523,G[T>C]T,2,0.004034136421978474,T>C,GTT,0.4
715,G[T>C]T,3,0.012430128641426563,T>C,GTT,1.24
184,T[T>C]A,0,0.011647271923720837,T>C,TTA,1.16
376,T[T>C]A,1,0.005084911361336708,T>C,TTA,0.51
568,T[T>C]A,2,0.005402293987572193,T>C,TTA,0.54
760,T[T>C]A,3,0.01280276570469141,T>C,TTA,1.28
185,T[T>C]C,0,0.0057203504256904125,T>C,TTC,0.57
377,T[T>C]C,1,0.0051326993852853775,T>C,TTC,0.51
569,T[T>C]C,2,0.00479137571528554,T>C,TTC,0.48
761,T[T>C]C,3,0.007482719607651234,T>C,TTC,0.75
186,T[T>C]G,0,0.010402546264231205,T>C,TTG,1.04
378,T[T>C]G,1,0.0050756740383803844,T>C,TTG,0.51
570,T[T>C]G,2,0.005452361889183521,T>C,TTG,0.55
762,T[T>C]G,3,0.011190175078809261,T>C,TTG,1.12
187,T[T>C]T,0,0.012693035416305065,T>C,TTT,1.27
379,T[T>C]T,1,0.005079897586256266,T>C,TTT,0.51
571,T[T>C]T,2,0.005329792853444815,T>C,TTT,0.53
763,T[T>C]T,3,0.013720856048166752,T>C,TTT,1.37
44,A[T>G]A,0,0.00197889213450253,T>G,ATA,0.2
236,A[T>G]A,1,0.005353755783289671,T>G,ATA,0.54
428,A[T>G]A,2,0.0003265673585701734,T>G,ATA,0.03
620,A[T>G]A,3,0.0002995783288497478,T>G,ATA,0.03
45,A[T>G]C,0,0.003314253408461809,T>G,ATC,0.33
237,A[T>G]C,1,0.005109693389385939,T>G,ATC,0.51
429,A[T>G]C,2,0.0004904725356027484,T>G,ATC,0.05
621,A[T>G]C,3,0.0028906571678817272,T>G,ATC,0.29
46,A[T>G]G,0,0.004374915733933449,T>G,ATG,0.44
238,A[T>G]G,1,0.005156312603503466,T>G,ATG,0.52
430,A[T>G]G,2,0.0006533637060783803,T>G,ATG,0.07
622,A[T>G]G,3,0.0018314275657758117,T>G,ATG,0.18
47,A[T>G]T,0,0.0065538594499230385,T>G,ATT,0.66
239,A[T>G]T,1,0.005044945515692234,T>G,ATT,0.5
431,A[T>G]T,2,0.0011159043060615659,T>G,ATT,0.11
623,A[T>G]T,3,0.003690265817567706,T>G,ATT,0.37
92,C[T>G]A,0,0.002632075920701027,T>G,CTA,0.26
284,C[T>G]A,1,0.005066482815891504,T>G,CTA,0.51
476,C[T>G]A,2,0.00018906863988377154,T>G,CTA,0.02
668,C[T>G]A,3,0.0008052776101976633,T>G,CTA,0.08
93,C[T>G]C,0,0.0034156888723373413,T>G,CTC,0.34
285,C[T>G]C,1,0.005026953760534525,T>G,CTC,0.5
477,C[T>G]C,2,0.0005060881958343089,T>G,CTC,0.05
669,C[T>G]C,3,0.0034614072646945715,T>G,CTC,0.35
94,C[T>G]G,0,0.005381343420594931,T>G,CTG,0.54
286,C[T>G]G,1,0.005172511097043753,T>G,CTG,0.52
478,C[T>G]G,2,0.0006380687700584531,T>G,CTG,0.06
670,C[T>G]G,3,0.002573807956650853,T>G,CTG,0.26
95,C[T>G]T,0,0.008705034852027893,T>G,CTT,0.87
287,C[T>G]T,1,0.0050451192073524,T>G,CTT,0.5
479,C[T>G]T,2,0.001128481118939817,T>G,CTT,0.11
671,C[T>G]T,3,0.0037300868425518274,T>G,CTT,0.37
140,G[T>G]A,0,0.0019188032019883394,T>G,GTA,0.19
332,G[T>G]A,1,0.005196508951485157,T>G,GTA,0.52
524,G[T>G]A,2,4.2708263208623976e-05,T>G,GTA,0.0
716,G[T>G]A,3,0.0004900755011476576,T>G,GTA,0.05
141,G[T>G]C,0,0.001982234651222825,T>G,GTC,0.2
333,G[T>G]C,1,0.00494989613071084,T>G,GTC,0.49
525,G[T>G]C,2,0.0002996765833813697,T>G,GTC,0.03
717,G[T>G]C,3,0.0010231303749606013,T>G,GTC,0.1
142,G[T>G]G,0,0.0031053407583385706,T>G,GTG,0.31
334,G[T>G]G,1,0.0050531113520264626,T>G,GTG,0.51
526,G[T>G]G,2,0.0003645183751359582,T>G,GTG,0.04
718,G[T>G]G,3,0.001123844995163381,T>G,GTG,0.11
143,G[T>G]T,0,0.00537988031283021,T>G,GTT,0.54
335,G[T>G]T,1,0.005090102553367615,T>G,GTT,0.51
527,G[T>G]T,2,0.0010611643083393574,T>G,GTT,0.11
719,G[T>G]T,3,0.0013221916742622852,T>G,GTT,0.13
188,T[T>G]A,0,0.0033486713655292988,T>G,TTA,0.33
380,T[T>G]A,1,0.005227223038673401,T>G,TTA,0.52
572,T[T>G]A,2,0.0007122444221749902,T>G,TTA,0.07
764,T[T>G]A,3,0.00100431137252599,T>G,TTA,0.1
189,T[T>G]C,0,0.005879158619791269,T>G,TTC,0.59
381,T[T>G]C,1,0.005008784122765064,T>G,TTC,0.5
573,T[T>G]C,2,0.000725442252587527,T>G,TTC,0.07
765,T[T>G]C,3,0.00400676392018795,T>G,TTC,0.4
190,T[T>G]G,0,0.006312126759439707,T>G,TTG,0.63
382,T[T>G]G,1,0.005129240453243256,T>G,TTG,0.51
574,T[T>G]G,2,0.0007931151194497943,T>G,TTG,0.08
766,T[T>G]G,3,0.0016279721166938543,T>G,TTG,0.16
191,T[T>G]T,0,0.00986422412097454,T>G,TTT,0.99
383,T[T>G]T,1,0.005198222119361162,T>G,TTT,0.52
575,T[T>G]T,2,0.0013449883554130793,T>G,TTT,0.13
767,T[T>G]T,3,0.0023354203440248966,T>G,TTT,0.23
