document,0,1,2,3,4,5,6,7,8,9,10,11,12,13
0,,,,,,,0.047836654,,0.61680377,,0.22806178,,,0.09278441
1,,,,,,,0.061360154,,0.7398628,,0.061441343,,,0.1221781
2,,0.03292348,0.19492699,,,,0.13525769,,,,,0.6028939,,
3,,,,,,,0.33538178,,0.47754365,,,,0.14083566,0.016546927
4,0.11052269,,,,,,,,0.8179965,,,,,0.044804692
5,,0.047721036,,,,,,,,,0.26152688,0.6235795,,0.03882709
6,,,,,0.2739572,,0.7058734,,,,,,,
7,,,,,0.6938422,,0.12992007,,,,,0.143774,,
8,,,0.033361692,,0.046217967,,0.5595455,,0.18275124,,,0.17326279,,
9,,0.029130934,,,0.2780338,,0.45642903,0.088029526,,,,0.1473946,,
10,0.08556459,,,,0.057528295,,0.29977304,0.5372531,,,,,,
11,,0.051806442,0.03851558,,0.2530887,,0.35219243,0.13624051,,,,0.16527618,,
12,,,,,,,0.055034023,,0.8153814,,,,,0.123041175
13,0.083155334,,,,,,,,0.7712208,,,,,0.13816349
14,0.6498337,,,0.01853505,,,,,,,,0.19271947,,0.10386704
15,,,,,,,0.06074462,,0.7398885,,,0.10571377,,0.08917725
16,0.26480573,,,,,,,,0.6242073,,,,,0.091022536
17,,,,,,0.14227489,0.09960361,,0.563905,,,0.16878486,,
18,,,,,,,0.05629262,,0.7997567,,0.06722838,,,0.06368394
19,,,,,,0.22630033,0.060653336,,,,,0.50513726,0.18958361,
20,,,,,,0.15974063,0.12190597,,,,,0.35513103,0.27730376,0.053534575
21,,,,,0.042606726,,0.11020696,,0.62548983,,,0.10090901,,0.09658385
22,,,,,,,0.20553897,,0.70133066,,0.027526822,,,0.044716332
23,0.17851263,,,,,0.04490734,,,0.71888167,,,,,0.040940795
24,0.23723242,,,,,,0.45720154,,0.24853264,,,,,0.029079968
25,,,0.07011177,,,,0.07675028,,0.73197466,,,0.012474325,,0.09998987
26,,,0.24905246,,0.055335294,,,,,,0.2574579,0.40551448,,
27,,,,,0.036255687,,0.113540374,,0.58699304,,0.15492277,0.09052681,,
28,,,0.09489562,,,,0.14194596,,0.6819608,,,,,0.06121728
29,,,,,0.17400347,,,,0.03861437,,,0.7417964,,0.028372005
30,,0.08151698,0.059807453,,,,0.27349514,,0.4270898,,0.09671289,,,0.03427032
31,,,,0.031659126,0.06350439,,0.35677707,,,,,0.49501693,,0.021970708
32,,,,,,,0.02958213,,0.8982902,,,,,0.063959375
33,,,,,,,0.38959903,,0.30146077,,,0.27410027,,
34,,,,,,0.87758875,,,0.112476766,,,,,
35,,,0.12874278,,,,0.05544975,,,,0.43189377,0.35506907,,
36,,0.09559157,,,0.06892811,0.1043948,0.27863783,,0.10251658,,,0.2933683,,0.034151956
37,,,,,,,0.08273791,,,,,0.8834749,,0.012762084
38,,,,,,,0.38388768,,0.53778213,,0.052466273,,,
39,,,0.19860291,,,,0.04472973,,0.09076656,,0.269141,0.37543535,,
40,,,0.10507443,,,,0.2461427,,0.46041143,,,0.09671532,,0.07832513
41,,0.038559053,,0.034175087,,,0.20273982,,,,0.14667532,0.5654937,,
42,0.18145725,0.08813532,0.10264724,0.030379038,,0.13228144,,,0.102643624,,,0.3487684,,
43,,,,,,,0.08728352,,0.058083188,,,0.79451555,,0.03545466
44,0.15370663,,,,,,0.051532373,,0.71029043,,,,,0.07312941
45,,0.07732595,,,,0.27331805,0.11679597,,,,,0.518556,,
46,,,0.14971398,0.06929124,,0.17285189,0.12768148,,,0.27259046,,0.18047039,,
47,,,0.07059002,0.010798241,0.051684607,0.061900493,0.05583556,,,,,0.66058743,,0.074491516
48,,0.036321055,0.18524015,0.05292387,0.059513643,0.12401303,0.12230914,,,,,0.32837555,0.070248514,
49,0.057765406,0.080920026,,0.022456864,0.115711175,,0.32107192,,,,0.16602655,0.22187895,,
50,0.08569425,,,0.021908373,0.034043916,,0.35559404,,0.23305391,,0.067082144,0.14674355,,0.04173507
51,0.8623999,,,,,,,,0.113313876,,,,,
52,,,0.09856794,0.015240257,0.05105235,,0.08706827,,,,0.36290848,0.37598094,,
53,0.34013644,,,,,,0.12503837,,0.3474514,,,,,0.16230327
54,,0.021974936,,,,,0.07776803,,0.7120181,,,,0.08329444,0.08959856
55,0.14438306,0.049011804,0.026508877,,,,,,,,0.23923899,0.497377,,0.021077877
56,0.16438031,,0.07687873,,,0.12200552,,,,,,0.4254218,0.19932637,
57,,,0.040552057,,,,0.056085818,,0.8194752,,0.042468343,,,0.023664473
58,0.08707973,0.18092212,,,,0.2439896,0.07091671,,,,,0.39897513,,
59,,0.07192151,,,,,0.41957986,,0.32431683,,0.14981739,,,
60,,0.19800362,,0.025504967,,,0.47819215,,,,,0.22505072,,0.05674752
61,,0.027929133,,,0.049515393,,0.19601715,,,,,0.69518065,,
62,,,,,0.7419671,,0.255132,,,,,,,
63,0.3279879,,,,,,,,0.60757345,,,,,0.051676158
64,0.4350321,,,,0.08980081,,,,0.116033375,,0.2584106,,0.041808967,0.039298143
65,,,,,,,,,0.920672,,0.013422876,0.021715667,,0.04361899
66,,,0.053087234,,,,0.16918842,,0.74809885,,,,,
67,,0.11204709,0.11609138,,,,0.12856153,,0.20624803,,,0.40676796,,0.017362146
68,,0.08825638,0.06200406,0.017389333,,0.10560565,0.1705815,,0.06914662,,,0.4746044,,
69,,,,,,,,,0.8712452,,,0.03976896,,0.08347796
70,0.15526113,,,,,0.12766086,0.5764894,,0.10988359,,,,,
71,,,,,,,0.63263005,,0.05222371,,,0.23901103,,0.04368468
72,,,0.06774629,,,,0.23152092,,0.2920235,,0.15293525,0.24246919,,
73,,,,,0.10314392,0.08147547,0.27903268,,0.05850942,,,0.38544747,,0.080849916
74,0.22572711,0.018091261,,0.019430144,,,0.4762359,,0.025722262,,,0.18090105,,0.03624246
75,,,,0.012170466,0.012127223,,,,,,,,,0.97517604
76,0.14917003,,,,,,0.3871399,,0.010108658,,0.31874716,,,0.10688563
77,,,0.012177101,,0.6683188,,0.29075313,,,,,,,0.026314782
78,,,0.09372959,,,0.33994353,,,,0.2117088,0.18866172,0.13411883,,
79,,,0.071299314,0.042414133,,,0.422746,,0.10601984,,0.12187249,0.21244746,,
80,,,,,,0.07914577,0.14338456,,,,0.15465252,0.51299614,0.074952334,0.015283293
81,,,,,,,0.20052744,,0.2535698,0.28076634,,0.23655723,,
82,,0.038633026,,,,0.1306161,0.22785978,,0.04136921,,0.19161804,0.35581097,,
83,,0.014202924,0.09389821,,,,0.48022512,,0.22152068,,,0.1254251,,0.042804405
84,0.21877316,,,,,,0.17765002,,0.33134475,,,0.24092443,,
85,,,0.22045197,,,0.17547873,0.20815618,,,,0.051329155,0.29351574,,0.032594603
86,,0.070401005,,,,,0.25204715,,,,,0.6153904,,0.03740053
87,,,0.04753854,0.03000407,0.05168394,0.10679547,0.110505365,0.12366535,,,0.11798456,0.3997283,,
88,,,0.07390999,,,,0.14896938,,,,0.110359006,0.37466598,0.21166277,0.059722487
89,,,,,,,0.019981204,,0.92810446,,0.034371268,,,
90,,,,,,,,,0.9414935,,,0.024599044,,0.030331818
91,,0.046693064,0.1471668,,,,0.17301369,,0.08957681,,,0.5163188,,
92,,,0.10072527,,,0.18442829,0.33389956,,0.14017625,,,0.1139642,,0.099845946
93,0.30109608,,0.05225381,,,,0.08812971,,0.44800538,,,,,0.09160503
94,,,0.37901512,0.071652986,0.056008235,0.11227121,0.07411335,,0.06264139,,,0.22401065,,
95,,,,,,,0.063196465,,0.8598616,,,,,0.0582127
96,,0.11374367,,0.04544195,,0.03409898,0.30511656,,,,,0.33235684,0.14879313,
97,,,,0.014461257,0.60563684,,0.36187196,,,,,,,
98,,,,0.044095077,,0.2122814,0.09645645,,0.13410746,,0.047473013,0.44633257,,
99,,0.08149818,,,,,0.2270456,,0.5843777,,,,,0.06784438
100,,,,0.034082185,0.09852136,0.28761786,0.35518837,,,,0.03574763,0.16268612,,
101,,0.079002135,,,,,0.060302433,,,0.37324467,0.17373495,0.283051,,
102,,0.062044587,,,,0.13670981,,,0.13175173,,0.2896981,0.33991864,,0.025647003
103,,0.023943197,,0.012727161,0.123071,0.32140294,0.067744225,,,,,0.42722452,,
104,,,,0.025186274,,,0.14833853,,0.16889708,,,0.59471315,,0.037195586
105,,0.06261034,0.09589131,,,0.12364873,0.11722034,,0.05359515,,0.13793562,0.39272836,,
106,,0.07247624,0.08815612,,,0.07764342,0.028507123,,0.107879676,,,0.6034383,,0.010905564
107,,,,,,0.032253314,0.38513786,,0.3560752,,0.059781626,0.08388866,,0.06489388
108,,0.1000115,,,,,0.05034117,,0.044102695,,0.12359967,0.66585755,,
109,0.08549337,,,,,,,,0.79771656,,,,,0.107048154
110,0.042966437,,0.091847524,0.02715025,0.19557965,,0.069815986,,,,0.04064527,0.5072557,,
111,,,,,,,0.19207503,,0.07547984,,,0.70797604,,
112,,,0.2550865,,,,0.6469404,,,,0.061451916,,,
113,,,,,0.07469742,,,,0.1034659,,0.19162114,0.5761123,,0.02724136
114,0.1578008,,,,,,0.16581169,,0.59225804,,,,,0.06661773
115,0.082194224,,0.06790122,,,,0.095243745,,,0.021421937,0.04080061,0.49086967,0.18876296,
116,,,0.107177295,0.021100014,,,0.18219487,,0.42205942,,,0.19444048,,0.059331164
117,0.21953939,,,,,,,,0.5906119,,,,,0.15304185
118,,,0.08050263,,,,0.3065,,0.22122182,,,0.26793125,0.045424342,0.06439445
119,,0.0895084,0.191458,,,0.10616722,0.06916146,,,,0.108965196,0.4247737,,
120,0.06762027,0.03580575,,,,,0.13225809,,,0.51714164,,0.21854167,,
121,0.060610086,0.19042413,,,,0.27733147,0.2078316,,0.052821063,0.18777503,,,,
122,,,,,,,0.038615014,,0.8384743,,0.044490173,,,0.069160774
123,0.49288973,,,,,,0.1554649,,0.24815728,,,,,0.08304417
124,,,0.09594583,,,,,,0.7738735,,,,,0.10758008
125,,,,,0.55040365,,0.36075708,,0.07884563,,,,,
126,0.13949835,,0.82686,,,,0.02651063,,,,,,,
127,,,0.123996876,,,,0.29988062,,0.5496349,,,,,
128,,,,,,,0.047575332,,0.8736524,,,,,0.06763247
129,0.06869871,,0.046243325,,,0.031295594,,,0.7931851,,,,,0.048251547
130,,,,,0.70523435,,0.29221162,,,,,,,
131,0.20747545,,,,0.05933953,,,,0.57715267,,,0.09615686,,0.031346817
132,0.03396919,,,,,,0.0784706,,0.819645,,,,,0.059716437
133,,,0.17615947,,,0.072156,,,,,,0.7152777,,
134,,,,,0.07914772,,0.09770387,,0.0935899,,,0.69620776,,
135,,,,,,,,,0.25887,,0.29219207,0.41899014,,0.015623723
136,,,,,,,0.2653029,,0.4824819,,,0.14408684,,0.081032164
137,0.07699693,0.041868437,0.037404608,,,,0.14026381,,0.634506,,,,,0.05431239
138,,,0.057242546,0.023391148,,0.057974763,0.04237564,,0.42086104,,,0.3371766,0.04417485,
139,,0.108049996,0.05887008,0.029104142,0.054368183,,0.15908752,0.14481305,0.06609536,,0.15610895,0.14322412,,0.068084486
140,,,,,0.10633551,,0.572875,,0.20075296,,,0.040813282,,0.049014796
141,,,0.07279618,,,,0.102665894,,0.7537729,,,,,0.043838453
142,,,,,,,0.028635405,,0.93257564,,,,,0.032663565
143,0.4269854,,,,,,0.12673195,,0.3161676,,,,,0.09747498
144,,,,,,,0.077996075,,0.18391877,,0.2968848,0.42094445,,
145,,,,0.017114647,,,0.20500435,,0.50734615,,,0.19640292,,0.057976242
146,,0.019134127,0.046498828,,,,0.12083257,,0.7527425,,,,,0.045681007
147,,,,,,,0.056844473,,,,,0.85723096,,0.05316204
148,,0.08934901,,,,,0.10052029,,,,0.02559865,0.75574607,,
149,,,,,,,0.08314041,,0.7568836,,,0.112522505,,0.039586633
150,0.053558834,0.015394981,0.01680719,0.024498472,,,,0.019847328,0.6984605,,0.09894606,,,0.06358352
151,0.057200387,,,,,0.096213,0.07806763,,0.6139025,,,,0.09469458,0.04991134
152,,,0.04992673,0.010466027,,,0.15779236,,0.6596314,,,0.07403421,,0.028497342
153,,,,0.0116209425,,,,,0.18992141,,0.547656,0.20225516,,0.028776234
154,0.27762008,,,,,,0.076410174,,0.5230549,,,,,0.10771207
155,,,,,,,0.11188766,,0.73944354,,0.04455478,,,0.09077659
156,,,,,,,0.12033549,,0.77453667,,,,,0.09417439
157,,,,0.0267867,,,0.2868849,,0.08211422,,,0.57212156,,
158,0.35033923,,0.109476276,,,0.16313878,0.3094524,,0.04486036,,,,,
159,,0.01985551,,0.032619577,,,0.45704752,,,,0.115036316,0.35630605,,
160,,,,0.036183134,,0.060160246,0.022553684,,0.1926466,,0.15486296,0.5000026,,0.021138428
161,,,0.03194363,,0.18773992,,0.15865493,,0.5559899,,,,,0.062332824
162,,,,0.015818784,,0.033118118,,,0.7288321,,,0.08675322,,0.12386513
163,,,,,,,0.020986486,,0.89126766,,0.055821985,,,0.028956316
164,,,,,,,0.22519138,,0.53912127,,,0.14889534,,0.05786949
165,,0.11037657,0.11165017,,,,0.09856351,,0.09010139,,,0.31732988,0.21097985,0.04133604
166,,,0.09913736,0.03312755,,0.079897195,0.20881662,,,,0.13770398,,,0.42525852
167,0.3513749,,,0.019174203,,,0.2759672,,0.28676453,,,,,0.03541796
168,0.105402075,,0.17703308,0.03520557,,0.25633818,,0.20480967,,,,0.20403595,,
169,,0.049022544,,,0.06475646,0.10503072,0.094987884,,,,0.10291958,0.54141015,,0.022608668
170,0.11021485,,,,,,0.085366525,,0.6316592,,,0.015280873,,0.14246276
171,,0.07517635,0.105992354,0.051513806,,,,,,,0.10778805,0.3311742,0.30434093,
172,,0.083296046,,,0.10471643,0.33672047,,,,,0.102553114,,0.34208658,
173,0.66684675,,,,,,0.16462925,,,,,,,0.13512999
174,,,,0.02686754,0.48028067,,,0.48201463,,,,,,
175,,,,,0.035870586,0.13537405,0.14645211,,,0.28050783,,0.33389202,,0.040636603
176,,0.05800835,,0.013297189,0.48170146,,0.2802728,,,,0.016256591,0.14761959,,
177,,0.060400307,0.09160907,0.055276986,,,0.17083201,0.11799435,0.039940108,,0.07163199,0.37469763,,
178,,,0.010185607,,,,0.72472674,,,,0.22699107,,,
179,,,,,0.11350225,,0.83153677,,0.039490636,,,,,
180,0.016852273,,,,,,,,0.91677773,,,,,0.06295333
181,0.08254562,,0.035925288,,,,0.049273077,,0.7186555,,,,,0.09955004
182,0.24833527,,,,,,0.030692624,,0.58771497,,,0.064911835,,0.053963408
183,0.036402583,0.023284659,,,,0.03321048,0.056131285,,0.52018434,,0.30541158,,,0.012318645
184,0.04361998,0.02542662,,,,,,,0.8493418,,,,,0.074611396
185,,,,0.040570863,,,0.18222247,,0.13772167,,,0.6068194,,
186,,,,,0.049589287,,0.084259495,,,,0.16120425,0.64311737,,0.039042365
187,,,,0.022308465,,,0.35832864,,0.30363163,,0.11771037,0.13482763,,0.043300726
188,,,0.09941093,,,,0.051625177,,,0.13167842,0.20008497,0.45047486,,0.039264575
189,,,,0.014418903,,,0.109755486,,0.6715843,,,0.18628357,,
190,,,,,,0.09506792,0.38630763,,0.25582147,,,0.2314776,,
191,,0.02046525,,,,,0.13165767,,0.6837107,,,0.1495469,,
192,,,,0.019653294,,,0.10288339,,,,,0.84076214,,
193,,,,0.025968678,,,0.079000935,,0.12817372,,0.2913221,0.4541689,,
194,0.32045567,,,,,,0.10931261,,0.48605585,,,,,0.06631711
195,,,,,,,0.26561123,,0.3807977,,,0.24778666,,0.08367732
196,0.08049973,0.10752646,,,,,0.5142812,,0.13878503,,,,,0.13003798
197,,,,,,0.24094371,0.124077484,,0.14007576,,0.05293287,0.3709341,,0.047337867
198,,0.11521427,,0.046659283,0.14610028,,0.33949256,,0.080488935,,,0.24574083,,
199,0.16725177,,,,,0.06865634,0.09494083,,0.53577965,,,,0.066847146,0.048332576
200,,0.04188072,,,,0.054418907,0.2295208,,0.054311883,,0.043853648,0.54408467,,0.017972024
201,,,0.096280634,,,,0.30704182,,0.08920701,,,0.40608203,,0.07292983
202,,,,0.046662506,,0.07087293,0.099632874,,0.12238244,,0.24166228,0.3993679,,
203,,,,0.0264176,0.12369069,,,,,,,0.8019713,,0.017736752
204,,0.06992176,,,,0.1516216,0.24041818,,,,,0.5105794,,
205,,,,,,0.5802464,0.30594012,,,,0.052615523,,,0.031369008
206,,,0.06706404,,0.052309457,0.06510193,0.13313483,,0.057284113,,0.16064365,0.40482134,,0.043313812
207,0.15808624,,,,,,0.23439342,,0.4112179,,,0.16900331,,
208,,,,,0.4892941,,0.50137776,,,,,,,
209,0.2400807,,,,,,0.056770448,,0.57188773,,,0.08507557,,0.024342615
210,,,0.34828815,,,0.1214702,0.32117718,,0.045598637,,0.08240414,,,0.05766783
211,,0.15030652,,,,0.1626045,0.2397497,,0.053559244,,0.058624532,0.31598753,,
212,0.05087858,,,,,,0.044569463,,0.84363586,,,,,0.055505615
213,0.0253144,,,,,0.29939148,0.29940283,,,0.22660604,0.12429668,,,
214,,,,,,0.071858786,0.0675151,,0.4043429,,,0.40486377,,0.032979194
215,0.09342395,0.028499318,,,,,0.03812519,,0.7206567,,,,,0.10467748
216,0.06258433,,,,,,0.12069405,,0.77872986,,,,,0.028277213
217,,,0.20803475,,,0.30926958,,,0.076923266,,,0.37271816,,
218,,0.03678924,,,0.07585518,,0.05774775,,0.48483503,,0.2709645,,,0.059293415
219,,,,0.02045952,0.16593014,0.6819196,,,0.01704694,,,,,0.08648307
220,,0.09486395,0.06082652,0.01061532,0.08537659,,0.16547081,,,,0.09909773,0.43281937,0.039809246,
221,,,0.09051114,,,0.07036936,0.19772132,,0.4898285,,,,,0.123553894
222,,,0.064597085,,,,,,0.3175538,,0.1856054,0.39883605,,0.020611394
223,,,,,,,0.46967113,,0.079989195,,,0.22683065,0.13395427,0.06841464
224,,0.13773654,,,0.03968285,0.2626567,0.10569994,0.26101574,,,,0.13152538,,0.042221565
225,,,,,,0.67504835,,,0.26341087,,,,,0.032924652
226,0.10722576,0.15263751,,0.0261431,,,0.24548736,,0.05603813,,,0.3935015,,
227,0.028123224,,,,,,0.023457156,,0.8289977,,,,,0.11444384
228,,,,,,,0.1126807,,0.18469693,,0.14015463,0.5089485,,0.03348704
229,0.30183294,,,,,0.29540792,,,,,,0.3540146,,0.023142926
230,,0.04671042,,,,0.525131,,,,,0.033834215,0.37786293,,
231,,,,,0.045794383,,0.23164643,,0.055544697,0.2846145,0.08285646,0.2602657,,0.02157209
232,,,0.119981505,0.011084452,0.10446076,0.21477431,0.14877526,,0.07252916,,,0.31094402,,
233,,,,,,0.44369268,0.080611244,,,,,0.45784086,,
234,,,,,,,0.11787708,,0.69915843,,0.117976755,,,0.051608775
235,,,0.098696746,,,,0.29072177,,0.4779854,,,,,0.099784836
236,0.045728263,0.0148413265,0.10039362,0.011073084,,0.12535696,0.15771215,0.14125901,0.018378636,0.013173332,0.10194305,0.2355409,0.03140517,
237,,0.049847554,,0.101907246,0.011050149,,0.04743376,0.28073052,,0.4121748,0.047198385,0.045769703,,
238,,0.026331495,,0.012027328,0.043069743,0.047547825,0.016403915,0.087360546,,0.3585735,0.051358867,0.094007164,0.25206438,
239,,,,,,0.015219949,0.026922712,0.0441353,0.045504518,0.32662162,0.118956886,0.12108258,0.27598932,
240,,0.0112989,,,,0.09053459,,0.017181179,,0.38839126,0.08999029,0.19961306,0.19232719,
241,0.19013064,,0.089920364,0.10227326,,0.2150645,0.16831978,,0.024442535,0.03107384,0.01640865,0.05483461,0.105830066,
242,0.09111128,0.011230227,,,,0.24593467,0.15789543,0.12551782,0.07242434,0.07047808,0.105022356,0.011202803,0.09850372,0.010318365
243,,,0.15470721,,0.027228879,0.1225145,0.31595373,0.17984082,,,,0.10231601,0.09128369,
244,0.021274053,,0.1417281,,,0.09525275,0.4087348,0.18597792,,,0.033591073,,0.10719972,
245,0.18121119,,0.14115387,0.014173665,0.017484207,0.22511658,0.0982657,0.06237589,0.012196378,0.058864202,0.09654749,,0.06936056,0.012311743
246,0.18091038,,,,,0.055947706,0.23652366,0.1414918,0.097329825,0.021552773,,0.05822882,0.191418,0.013038651
247,0.26506332,,0.08751616,,0.014435522,0.043889623,0.12961486,0.0872514,0.21387196,,,0.038971588,0.08870306,0.01670901
248,0.038789175,0.01969229,0.094984524,,0.018490212,0.13385795,0.23352781,0.108778305,0.029677832,0.072212085,0.030073166,0.06756517,0.15209852,
249,,,0.016648058,,,,0.019486915,,0.8617175,,0.07677095,,,0.016145064
250,0.25435975,,,,0.010749044,0.13340157,,,0.48722985,0.024463382,,0.03279257,0.022814758,0.02248294
251,0.19093075,0.016188564,0.085404746,,0.034366906,0.085798904,0.15491141,0.0945862,0.16118452,,0.027580174,0.035306714,0.094322294,0.018512195
252,0.19112948,,0.15208372,,,0.019345013,0.1982035,0.19271117,0.1396032,,,0.050481725,0.055340216,
253,0.03964757,,0.03758934,,0.028598765,0.2568927,0.29769877,0.055248123,0.010366014,0.11612039,0.034044873,0.025084443,0.07807264,
254,0.15776987,,0.07652068,,0.026972458,0.05884625,0.08192929,0.09263926,0.12706754,0.039065205,0.10921981,0.038960584,0.19085746,
255,0.36834592,0.014086059,0.12895918,,0.053183325,0.031057859,0.20092571,0.11345193,,0.015339853,,0.036668386,0.030167155,
256,0.02278498,,0.029050669,,0.042525094,0.42621177,0.16831098,0.10549869,,,,0.028361104,0.15401135,0.016204366
257,0.017486598,,0.053507123,,0.038789593,0.096084766,0.35522264,0.23238467,,0.0417467,,0.013627869,0.14516087,
258,0.68389547,0.012218415,0.041280158,,0.020940501,0.04895218,0.028298276,0.035984103,0.0935309,,,,0.014354857,0.012730775
259,0.05654091,,0.08042735,0.010909852,0.014179638,0.11473085,0.26352742,0.21164194,0.026278928,0.020121627,0.012160877,0.021435129,0.16284046,
260,0.064335875,,0.054108046,,0.06163477,0.18400009,0.26483244,0.17401855,,0.04724263,0.01996337,0.07065822,0.04761795,0.011224847
261,0.091315,,0.049744766,,,0.12487007,0.38959154,0.13663049,,0.024850845,,0.012084735,0.14604683,0.017332794
262,0.024532398,,0.081838496,,,0.077774175,0.290476,0.21972816,0.02431204,0.010958778,0.051559992,0.023087107,0.1645608,0.018832063
263,,,,0.050596237,0.23293751,,,0.7161775,,,,,,
264,0.09755824,,0.17045288,,,0.18624005,0.2084816,0.24194084,,,,0.028112313,0.059487548,
265,,,0.07244788,,0.03289086,0.027584473,0.12290756,0.07546697,,0.23749363,0.041800965,0.10571409,0.26869568,
266,0.37426496,,,,,0.17461027,0.0777903,0.10217674,0.17468686,,,,0.056955803,0.016462477
267,0.1916891,,0.05587339,,,0.11593178,0.20321588,0.11411018,0.09336571,,0.09343474,,0.09390556,0.022706036
268,,,0.15661865,,,0.082099095,0.23779055,0.32777002,,0.11902383,,0.06712136,,
269,,,,,,0.02970725,0.034946073,,0.7297563,,0.1888127,,,0.01000792
270,,,0.19625263,,0.021858588,0.040459175,0.2687439,0.19001056,,,0.03459172,0.061842997,0.16702041,
271,0.037375614,,0.029456515,,0.02645484,0.28035828,0.38566956,0.15246108,,,,,0.074670695,
272,0.08245878,,0.122301035,,0.05252232,0.258681,0.29184657,0.10856197,,,0.019815076,,0.06144232,
273,0.5181099,,,,,,0.038164865,0.06293739,0.30350825,0.012485779,,0.031729367,0.028700678,
274,,,,,,0.053752057,,,0.69817525,,0.18719718,,0.049607918,
275,0.13445248,0.016474288,0.21540742,,,0.13560158,0.22878474,0.20381235,0.022038247,,0.010519032,0.020850409,,
276,0.07742532,,0.17522773,,0.042612128,0.13448319,0.15635188,0.24801655,,,,0.07421064,0.08222022,
277,0.089899,,0.121023834,,,0.118002184,0.16686907,0.21344082,0.049259763,0.026463311,0.016536351,0.08558451,0.112487614,
278,,,0.1616748,0.014074537,0.013269073,0.14752476,0.21490888,0.21068712,,0.049650785,0.015929881,,0.16980413,
279,0.059829265,,0.1485793,0.012748639,,0.104094855,0.2553727,0.19401027,0.08500152,,0.016099907,0.07274159,,0.028661536
280,0.050343268,,0.1378241,,0.026440054,0.032901872,0.279729,0.15155259,,,,0.07464553,0.24537373,
281,0.24929424,0.017841257,0.11276406,,0.030501926,,0.16770436,0.10922164,0.101799496,0.011430747,,0.06641277,0.10095951,0.026209699
282,0.06600322,0.023091849,0.14201942,,,0.15428518,0.23848198,0.061707333,,0.025530517,0.08003313,,0.18400653,
283,,,0.19075905,,,0.119255535,0.2500409,0.25483593,,0.014632608,,,0.16160527,
284,,0.017281432,0.19655393,,0.07045976,0.12683475,0.29341355,0.17719251,,0.042693462,,0.027011741,0.047653526,
285,,,0.22526407,,,0.067417815,0.1631291,0.33772358,,0.05872339,,,0.1416702,
286,,,,,0.04804467,0.5326049,0.24155697,0.015822802,,0.03868698,0.037046842,,0.052281193,0.012127252
287,0.03781975,0.010828463,0.026547419,,,0.092412055,0.58936965,0.093090266,,0.019394545,0.0120075885,0.04909515,0.068765886,
288,0.032051552,,0.091729574,0.08488102,0.028380098,0.22072546,0.21245569,0.09717257,,0.06384235,,0.028288923,0.14007874,
289,0.02485009,0.015175711,0.12400972,,0.026329879,0.15193471,0.26287782,0.17389081,0.019421445,,,,0.17414165,0.01077785
290,0.060583785,,0.040112853,,0.025354143,0.2996038,0.20767769,0.028612234,0.04859863,0.050169956,0.065560326,,0.15391918,
291,,,0.07503873,,,0.03693045,0.25138402,0.16870354,,0.11279782,0.027194915,0.08730922,0.22552714,
292,0.115850165,0.012837374,0.07512911,,0.011617241,0.20069535,0.29863468,0.13231497,0.03361583,0.0119750975,0.014167895,0.020724906,0.059539277,0.012790016
293,0.07450914,,0.14386646,,0.036440793,0.09220853,0.25367787,0.24341816,,,,0.05721261,0.08876129,
294,0.032169458,,0.105952375,,,0.15858126,0.31570566,0.15008393,0.010595127,0.048359692,0.047473457,0.03484971,0.09309966,
295,,,0.033351913,,,0.12080466,0.100112244,0.019441104,0.4789869,,0.22155862,,0.011609734,
296,,,,,0.012430321,0.03386416,0.07349324,0.05268004,0.4501935,0.050213676,0.17248222,0.047498576,0.08165457,0.010042681
297,0.034595415,,0.115667306,,0.040277738,0.14812264,0.25324786,0.22270219,,,,0.012660122,0.16422103,
298,0.017934876,,,0.011980368,,0.42324036,0.18091564,0.07331416,0.06160948,,0.05353975,,0.16962658,
299,0.04043654,,0.042274807,,0.0134084895,0.05765845,0.029192457,0.033173695,0.09130783,0.10055352,0.18395616,0.14707127,0.25387254,
300,0.03789927,,0.14557903,,0.010244451,0.09778025,0.18390441,0.13985401,,0.13775824,0.042843904,0.031978652,0.16593577,
301,,,0.09463784,,0.04938757,0.12231685,0.27844542,0.22829995,,0.022065835,,0.07092943,0.12820934,
302,0.07447604,,0.023166982,,0.031446148,0.21286106,0.090085424,0.062554196,0.054499835,0.06797543,0.04870676,0.07051452,0.23473442,0.02873245
303,0.013876754,0.053991336,0.027248885,0.011198699,0.017624144,0.050782572,0.04227639,,,0.3968872,0.09004034,0.16872124,0.11299213,
304,,0.032645307,,,,,,0.057501882,0.08179678,0.24294291,0.5503666,0.027267288,,
305,0.07263265,0.021914633,0.060404982,0.019052165,,,,0.029368108,0.025395235,0.2349044,0.2672074,0.17969854,0.07576324,
306,0.043691654,0.011897423,0.20245226,0.0919295,,0.081439435,0.11665871,0.161208,,0.16303685,0.011968402,0.08109262,0.024127154,
307,0.18633269,,0.109372236,0.010608974,0.026807168,0.13200065,0.22819237,0.15783928,0.043098122,0.06788293,,,0.03547321,
308,0.017997906,0.02205156,0.052486066,0.0120555805,,0.023354093,0.075464435,0.1072983,,0.29936332,0.11558167,0.23487085,0.03588863,
309,0.28846967,,,,,0.054565303,0.2909913,0.13730983,0.02025356,,,0.093780324,0.10454701,
310,,,,,,,0.026782326,,0.08403607,0.07054932,0.39543673,0.2425023,0.17916168,
311,0.033147775,,,,0.051436994,0.5162893,0.25503308,0.07091538,,,,0.012635634,0.020230338,0.03016052
312,0.18873952,,0.12267813,0.023154357,0.023191333,0.10508629,0.042927094,0.24238606,0.010322414,0.017944135,0.025525127,0.08476914,0.11035979,
313,0.14652202,,0.11248531,,0.030558553,0.15694308,0.18520142,0.19958882,0.045080032,,,0.0161974,0.09312941,
314,0.029598776,,0.14837712,0.013183269,,0.049695216,0.13501506,0.32176667,0.022159386,,,0.13301742,0.12679473,
315,,,0.15521191,0.010489411,,0.06989598,0.15629448,0.27663675,0.09324114,0.014619376,0.03629939,0.06336009,0.11850727,
316,,,0.10830397,,,0.1704448,0.23571442,0.254934,,,,0.04635626,0.17240635,
317,,0.02551242,0.15939474,0.017018087,,,0.16322482,0.33729973,,0.06813785,,0.080526225,0.1277404,0.010043877
318,0.11515884,,0.112583846,,0.011130809,0.085619666,0.350074,0.12613831,,0.020462438,0.048172753,0.030190354,0.08844558,
319,0.035006553,,0.12746492,,,0.11653185,0.11345615,0.16042529,0.22199024,,0.09945703,,0.12236769,
320,,,0.19702005,,,0.095553085,0.24816076,0.17238358,,,0.027087554,0.09583951,0.15655884,
321,,,0.086088024,,0.023307942,0.045884307,0.23945072,0.28086883,,0.05278732,,0.12559302,0.137148,
322,,,0.03308441,,,,0.1112242,0.059697315,0.2876379,,0.49011505,0.01763522,,
323,0.09721488,0.018089645,0.03031973,0.011552423,0.02177273,0.02736671,0.11144188,0.1858567,0.17208421,0.05114346,0.10752419,0.036439262,0.111726336,0.017467886
324,0.07329361,,0.10655699,0.015363848,,0.1738607,0.18264271,0.13619007,0.013178049,0.015598987,0.07884251,0.08122311,0.1112627,0.0100031905
325,0.17656578,,0.025946755,,,0.3723789,0.037464492,,0.2084889,0.030668836,,0.036908705,0.0898244,0.02145753
326,0.052642044,,,,0.062914506,0.178563,0.16620849,0.15176335,0.112088345,,0.13886413,0.016063485,0.081816435,0.029371854
327,0.04880597,,0.075321615,,,0.07780147,0.32422075,0.1274695,0.05878577,0.024970878,0.07919595,0.15892069,,
328,0.21523045,,0.035851616,,0.031264156,0.18341589,0.28097183,0.033615444,0.11106378,,,0.04270023,0.044128746,0.013851714
329,0.011263759,0.019719534,0.022660531,0.030246533,,,0.038029883,0.016918521,0.029413592,0.22070436,0.18302833,0.23948984,0.17930222,
330,,0.011177054,0.74064934,0.014176425,0.020433443,,,,0.047388114,0.05317395,0.033575512,0.073346615,,
331,,0.0131231025,,,,,,,0.26287428,0.030685646,0.4701307,0.100316435,0.09678626,
332,0.11637155,,0.047340043,,0.04701903,0.15752828,0.22143623,0.23195079,,0.01793948,,,0.13753508,0.0138119
333,0.03901581,,0.06318895,0.013341357,0.027490962,0.13555487,0.39055288,0.1561517,,0.025458915,,0.03149921,0.109637834,
334,0.36438364,,0.08975556,,0.027618045,0.02785633,0.16097015,0.06784104,0.013369159,0.031026984,,0.059391752,0.13560693,0.02162296
335,0.37324926,,,,,0.047547963,0.0631699,0.026258519,0.35774723,0.041488897,,,0.04734137,0.020323202
336,0.02492083,0.010951598,0.122002654,,0.04813774,0.07657022,0.37463403,0.18902616,,,,0.031914413,0.12083628,
337,,0.04658441,,0.02291834,,0.05670907,,0.15871365,,0.30998856,0.07293114,0.26727062,0.056711845,
338,,,0.12302475,0.029551812,0.031456452,0.11017251,0.19528012,0.2970066,,0.05481393,,0.12050479,0.034533065,
339,0.025496313,,0.1650087,,0.022790475,0.110766545,0.31659067,0.19462286,,,,,0.14580727,0.017767478
340,,,0.05073152,,,0.025350913,0.16898686,0.03191533,0.33822912,0.02399695,0.2598248,0.02431277,0.03532315,0.020358613
341,0.119955644,,0.027421607,,0.013226883,0.03899995,0.26561224,0.282834,0.01759353,,,0.10488424,0.12640806,
342,,,0.1425782,,,0.02846526,0.3031644,0.25071532,,0.081908956,,0.06979699,0.104211055,
343,0.07411832,,0.06483669,,0.019277498,0.26985806,0.2606015,0.120932296,,,,0.10142291,0.082559735,
344,0.04122012,,0.060811084,0.011369296,0.02490513,0.14786735,0.30143613,0.035565153,0.017250298,0.10941778,0.066495456,0.020814419,0.15868421,
345,,,,,,0.055592116,,,0.4911092,,0.44593087,,,
346,0.114354536,,0.12909642,0.017367491,,0.0641696,0.27356172,0.24739252,,0.028277908,,,0.117277645,
347,,,0.107183345,,0.04065631,0.1792452,0.2727952,0.2811189,,0.034522925,0.0248848,,0.05764106,
348,0.0302839,,0.21223517,0.017462213,0.013713025,0.09332135,0.18591577,0.25758663,,0.013800111,0.03322631,0.0674803,0.06865808,
349,,,0.13329355,0.020370731,,0.23128127,0.1453244,0.09240138,,0.08179063,0.101763085,0.14345403,0.03454949,
350,0.06324535,,0.03477416,0.016437681,0.03314436,0.20451514,0.16514221,0.12776393,0.11860226,,0.07280863,0.1072598,0.032505326,0.023559332
351,,,,,,0.03530137,,,0.9026206,,0.027757127,0.016511329,,0.010520897
352,,,0.120656945,,,0.11238372,0.24542037,0.16804358,,0.03867839,0.067197874,0.050565995,0.19525854,
353,0.05459697,,0.045063596,,0.01766363,0.35626546,0.1725579,0.08459188,,0.043106046,0.041960947,0.04165511,0.10602139,0.030672895
354,0.087303825,,0.034857716,,0.06087729,0.14244063,0.20153308,0.15318415,0.08218467,,0.1005086,,0.11209498,
355,0.03508299,,0.051838674,0.012137929,0.03159783,,0.1827757,0.120607175,0.36333483,,0.15053934,,0.04327832,
356,,,0.012074525,,,,0.07512521,0.06494543,0.5598647,,0.20137179,0.025729775,0.04205031,0.015498785
357,0.16643485,,0.11118566,,,0.075591356,0.21340434,0.2371253,0.069973394,,,0.054168463,0.06825736,
358,0.046904203,,0.16615574,,,,0.30291477,0.28146863,,0.040653534,,0.014145724,0.14380677,
359,0.047443155,,0.060656603,,,0.21484403,0.24819976,0.16875823,,0.11216785,0.06297502,,0.0496467,0.0110909045
360,0.55187833,,0.02735558,,,0.028508723,0.0116098225,0.05237158,0.26242873,,,0.053261507,,0.0119968485
361,0.049088728,,0.01429506,0.23225799,0.019578734,0.19567911,0.1446305,,0.013481631,,0.012279898,0.026316037,0.28542623,
362,0.04746689,,0.044029046,,0.039814647,0.023741122,0.31205383,0.24271145,,,0.030681789,0.0861144,0.16556492,
363,,0.05384229,,0.022597507,0.013484855,,0.014169786,0.12289783,,0.41694567,0.15972656,0.16481894,,
364,0.31750885,,0.06882886,,0.06742073,0.053311184,0.20501177,0.1161667,0.07232701,,,0.024011783,0.058478087,
365,0.053664275,,0.082181685,,,0.08699417,0.15465097,0.053039223,0.26142478,0.047309056,0.08156144,0.02333652,0.14583254,
366,0.14267588,,0.0780142,,,0.27414125,0.12123949,0.2069249,0.017667878,,0.06810822,,0.08220368,
367,0.042596735,0.014039529,0.16916229,0.054246195,0.017833192,0.1678656,0.17737617,0.13621162,,0.030686427,,,0.17446704,0.011246274
368,0.0142566385,,0.015599187,,,0.011499029,0.06731178,,0.6243477,,0.22935131,,0.030737186,
369,,,0.06692254,,0.010208822,0.16766435,0.20937683,0.3650786,,0.059408743,0.060846638,,0.04135092,
370,0.05098407,,0.15728359,,0.029536635,,0.25973102,0.30350903,,,,,0.18763676,
371,,0.011596452,0.15553892,,0.038955294,0.15338005,0.2368538,0.21780953,,,,0.026007542,0.14337298,
372,0.31864637,,,0.014414861,,0.075795226,0.13037252,0.11191662,0.18797044,,0.054814957,0.056591883,0.011983767,0.031023644
373,,,0.24593925,,,0.075216316,0.14708273,0.31456244,,0.07159985,,0.026848214,0.11004485,
374,,,0.023161475,,0.01095806,,0.094356,0.067933254,0.076321095,0.11756832,0.18106982,0.023884607,0.3900432,
375,0.05064979,,0.27345142,,,0.18969226,0.1649371,0.22798236,,,,,0.0861188,
376,0.013548293,,0.1478975,,,0.14886446,0.27799597,0.24121147,,,,,0.16181049,
377,0.09037742,,0.053828944,,,0.036539014,0.31048545,0.15372221,,0.05522792,,0.0242359,0.2677905,
378,0.033653196,0.015502759,0.055369142,0.013082567,,0.11654601,0.12184321,0.19346295,0.053950947,0.14448763,0.09473474,0.011619656,0.14559229,
379,,,0.023731982,,,0.7878716,0.10061053,,0.019825699,,0.017737977,,0.02400574,0.011818112
380,0.46017835,,0.024834966,,,0.011213403,,0.021671562,0.4407404,,,,0.019490033,
381,0.15751094,,0.16228063,,,0.14169529,0.16619568,0.107030004,0.039647687,0.027462399,,0.028312601,0.14726229,0.011777883
382,0.0208151,,0.16787791,,,0.09049434,0.3445555,0.3352575,,,,,0.028438449,
383,0.06754915,,0.03270108,0.012833406,,0.34401718,0.2271403,0.13834032,0.01827497,,,0.053711347,0.09758355,
384,0.033059347,0.022780377,0.14233145,,,0.049795516,,,0.056490485,0.20209533,0.16793112,0.0967802,0.21264417,
385,,,0.24359149,0.017146226,0.025115654,0.12198124,0.18869188,0.24033299,,,,,0.14674802,
386,0.52097094,0.014419449,0.013035219,,,,0.07603053,0.08506337,0.22564937,,,,0.044961397,0.010597246
387,0.057718996,0.02163336,0.042535253,,0.049586322,0.014391135,,0.1304431,,0.1384836,0.14960308,0.09766366,0.2835797,
388,0.077744,,0.07461757,,,0.094721794,0.26665777,0.19257362,0.050329793,0.048143044,0.06433438,,0.1190617,
389,0.06155714,,0.04058018,0.018154986,0.03908732,0.16003145,0.15592785,0.1210704,0.018523488,0.11309675,0.13168034,0.018405275,0.10153852,0.020259857
390,0.088162914,,0.10322014,,,0.28327847,0.24894975,0.16458236,,,,0.10955215,,
391,0.02434429,0.014903619,0.09710259,0.010084822,,0.0816754,0.06836701,0.10056101,,0.11429912,0.07264529,0.10765458,0.30118844,
392,0.040357653,,0.09883004,,,0.12098808,0.22748078,0.25650805,,,,0.041486967,0.21286558,
393,0.051954404,,0.18264781,,0.016679557,0.12722886,0.2144996,0.27467072,,,0.035009705,,0.08651166,
394,0.12205777,0.019451736,,0.021289831,,0.044491325,0.03727417,0.10054333,0.3436315,0.10313543,0.13091391,0.042578243,0.017426347,0.013804462
395,0.0898179,,0.05938146,,0.0139535535,0.09094047,0.19927377,0.08141648,0.021388622,0.020779911,0.09921103,0.07570826,0.24329473,
396,,,0.06742811,0.011142954,0.025930822,0.21387662,0.34876004,0.11709431,,0.06393774,,0.10043058,0.043520898,
397,0.15477118,,0.103739016,,0.014111515,0.504077,0.12183635,0.057053596,,,,0.03170165,0.012219373,
398,0.043438315,0.016969655,0.10129832,0.010033639,0.043798372,0.1577216,0.33381435,0.17809597,,,,,0.11011389,
399,0.04386651,,0.09061398,,0.021187676,0.4400022,0.24711408,0.07293655,0.02207861,,,,0.035724904,0.017484512
400,0.3991053,,0.017226322,,,,0.077565916,0.0236435,0.433238,,,0.011637372,,0.019296728
401,,,0.112869725,,,0.05968443,0.3233677,0.26449382,,0.120959304,0.016636426,0.04405285,0.056378707,
402,0.10710279,,0.124135785,,0.011961599,0.039496984,0.20923303,0.21956511,0.16845071,,,,0.113886066,
403,0.03819461,,0.064681195,,,0.16264535,0.3051935,0.109859735,0.018287336,0.06803323,0.023265798,0.08798401,0.1177979,
404,0.108284965,,0.08616288,,,0.061822988,0.35099128,0.1424251,,0.024160052,0.08571417,0.07221617,0.0497739,0.012306106
405,0.051139478,,0.14268808,,0.02989677,0.11191898,0.313467,0.19565706,,,,0.030969331,0.09040725,0.024462283
406,0.049551334,,0.019569736,,,0.052881695,0.37555936,0.14353877,,0.10477659,0.028974012,0.030229023,0.19146645,
407,0.06741149,,0.14048351,,,0.12781332,0.21618259,0.21662329,0.07670077,,0.010350609,0.029634904,0.10821519,
408,0.053943116,,0.114048764,,0.027566409,0.049442556,0.34581771,0.13270888,,0.07724355,0.04720015,0.02119525,0.12986898,
409,0.15389046,,0.21763843,,,0.048113152,0.24425596,0.20536575,,,0.041001726,,0.07391344,0.014410458
410,,,0.020567313,,,0.6154611,0.17019723,0.14501,,,,,,0.020413725
411,,0.0143209165,0.03083984,,,0.16410695,0.43155816,0.21791926,,0.023130044,0.011749108,0.08897759,,
412,0.24745993,,,,,0.33571607,0.21047498,0.069550246,0.10818493,0.011029855,,,,0.014145682
413,,,0.10568831,,,0.050302606,0.32976416,0.22521749,,0.019127166,0.018423885,0.011059652,0.22955717,
414,0.07533692,,0.09806792,,0.050524987,0.05181385,0.3464581,0.21968585,,0.013239699,,,0.1268564,0.016503645
415,0.24731417,,,,,0.066979416,0.280133,0.1962858,0.108713835,,,0.045385215,0.053206872,
416,0.056041773,,0.09554644,,0.0198836,0.13571493,0.17238182,0.28201932,0.019814175,,,0.12633964,0.08372596,
417,,0.02123423,,,,,0.022311429,,0.11748758,0.3430594,0.34163594,0.025125124,0.11873727,
418,0.08012459,,0.041467406,,0.026216337,0.041891757,0.24078165,0.14319566,0.05740705,0.08270287,0.075372145,0.062387466,0.10917821,0.029652381
419,,0.03704691,,0.017912561,,0.06212263,0.010930737,0.061559767,,0.35226372,0.11291967,0.22357991,0.11834797,
420,0.08188044,,0.0816404,0.010931648,,0.15822624,0.18742356,0.14469714,0.035652637,0.026235405,0.120316364,0.098626725,0.053961836,
421,0.08642518,0.013505552,0.070996724,,0.036525108,0.18342061,0.3849478,0.08315431,,,0.032801587,0.068326764,,0.01841101
422,,,,,,0.018458579,0.10507597,,0.4857094,,0.3727659,,,
423,0.0292046,0.020800108,0.06114531,,0.011033486,0.10014427,0.29958016,0.209249,0.030960338,0.026855934,0.017582713,0.0359151,0.14124526,
424,0.07126074,0.01090196,0.12775458,,,0.16536987,0.34033695,0.12856923,,,0.06145463,0.050208822,0.04198495,
425,0.026316619,,0.05793404,,0.03577778,0.049547646,0.19851723,0.24800454,0.017638955,,0.0377501,0.23426571,0.077922925,
426,0.15423405,,0.0148621,0.016127948,0.016796881,0.051776644,0.20300947,0.23956372,0.12389447,,,0.08782639,0.08853451,
427,0.11951064,,,,,0.074051805,0.38563722,0.087076,0.1032319,0.036645498,0.04299503,0.08736377,0.058889184,
428,0.13536985,,0.04892971,,,0.26724124,0.2190444,0.15628016,,,0.04049141,,0.12002859,
429,0.017687999,,0.05478941,,0.019075455,0.059492264,0.33908364,0.21920787,,,0.030844294,0.021567883,0.2361114,
430,0.06282178,0.017179562,0.08106723,,0.014962175,,0.2722474,0.22048672,0.04845419,0.12282167,,,0.15278468,
431,0.017064484,,0.14738816,,,0.100041956,0.18161163,0.28390378,,0.07665421,0.029691752,0.052282948,0.09324237,
432,0.08508415,,0.12807585,,0.036791306,0.05077406,0.23610178,0.23579262,,,0.028604865,0.045807425,0.14617042,
433,0.08550121,,0.061515324,,0.04017906,0.28350213,0.080406226,0.0982804,0.11434856,,,0.08721517,0.09734237,0.025233772
434,,,,,,,0.045134827,,0.78817433,,0.15408501,,,0.012203393
435,0.064400814,0.039478313,0.0677287,0.022095164,,0.09239912,0.10506391,0.25169784,,0.19058853,0.06537852,0.06181013,0.033736642,
436,0.06212898,,0.058797423,,0.020654343,0.2564599,0.11910571,0.07242827,0.14121038,0.011833069,0.12958494,,0.10043931,0.023848016
437,,,0.091281384,0.012119816,,0.18201183,0.33730456,0.15273699,,0.09256063,,0.080292076,0.04972306,
438,0.055860564,,0.013053904,,0.011278618,,0.13074636,,0.06897981,0.25871465,0.056254733,0.04859641,0.35328743,
439,0.3902336,,,,,,,,0.57819206,,,,,0.023943359
440,,,0.183014,,0.010385351,0.04835153,0.25969738,0.24602063,,0.075635225,,0.05009134,0.12522256,
441,0.26699385,,0.06448933,,,0.048370115,0.12839513,0.2764634,,,,0.04362235,0.16445905,
442,,,0.054465167,0.010883808,,,0.1784926,0.13046089,0.46532023,0.028737856,0.10086281,0.02174875,,
443,0.09797942,,0.099509396,,0.017154703,0.19525142,0.10503931,0.2603088,0.014229566,0.017988034,0.013636955,,0.16868621,
444,0.023929654,,0.062592484,,0.034307525,0.30668697,0.213559,0.06105486,0.013242069,0.023879126,0.011314688,0.010249037,0.22766095,0.011333393
445,0.33666107,,0.048262693,,,0.08227376,0.21129695,0.10814638,0.12794584,0.035216752,,,0.026383456,0.019834565
446,,,0.018579336,,0.011382403,,0.08486524,0.04264084,0.56803113,,0.27387705,,,
447,0.048695173,,0.07919475,,0.037710365,0.19979213,0.36819524,0.043218393,,0.06759054,0.03038481,0.037636578,0.0830247,
448,0.34905222,,0.0479483,,,0.12252424,0.113359965,0.076051004,0.24420789,,,,,0.04029643
449,0.080296524,,0.11781587,,0.017702425,0.20823164,0.3670741,0.103717804,,,0.028934041,0.04274171,0.015864175,0.01670498
450,0.05063156,,0.10794097,,,0.09946898,0.21255682,0.2832428,,,0.010809745,0.053188894,0.17475764,
451,,,0.03987076,,,,0.083327696,0.06136524,0.4056052,,0.4039537,,,
452,,0.017224263,0.21362083,,0.019497521,0.090046644,0.24751996,0.30144554,,0.022132907,0.03192508,,0.045797855,
453,0.07065401,,0.14654571,,,0.04856526,0.31522498,0.21495794,,,,,0.18500637,
454,,,0.11288987,,,0.11121025,0.32865024,0.31068042,,,,,0.13450244,
455,,,0.11223027,,0.022608994,0.15128238,0.20567627,0.28613535,,0.010665924,,0.0994628,0.08951582,0.01668738
456,0.06256176,,0.10690346,,0.021901682,0.050173484,0.32858902,0.28186548,,0.030790744,0.021089882,,0.09490566,
457,,0.0115287,,,0.02480373,0.020426227,0.09281743,,,0.4069437,0.065743126,0.13267133,0.23991962,
458,0.045077287,,0.16611212,,,,0.24875659,0.37582502,,0.11865407,,0.03610998,,
459,0.07008396,,0.024287974,,0.013810975,0.046085656,0.076950684,0.028113512,0.49039587,0.016237693,0.14212367,0.035262384,0.038981877,0.011522398
460,,,0.032510523,0.010678512,0.010232843,0.010217268,,0.042883616,0.044571422,0.29169068,0.27550608,0.14637856,0.12120284,
461,0.21856941,,0.13074547,,0.019503726,0.13444814,0.17611594,0.14909719,0.03182679,,,0.102967106,0.03570936,
462,0.011979716,0.042605683,,0.013422467,,,0.015552397,0.02076065,0.040110104,0.5366468,0.14756899,0.06304975,0.09955207,
463,,,0.011312432,,0.025914732,0.08641285,0.12085365,0.04909022,0.5037541,,0.18507276,,,
464,0.33741212,,0.11438929,0.010847599,,0.22256705,0.016229106,0.073895514,0.052390583,,0.053950485,,0.10420253,
465,,0.030960549,,,0.017241893,,0.027052978,0.03157595,,0.24295759,0.031036565,0.26248056,0.3301043,
466,0.19138442,,,,0.016518949,0.021781502,0.29563737,0.106949374,0.2339452,0.048152797,0.026896477,0.012873259,0.024310904,0.018002613
467,,,0.086635485,,,0.0668143,0.123546824,0.18022509,,0.0705427,0.012769232,0.10579895,0.33767384,0.015007696
468,0.038647484,0.0263641,0.011186943,0.010952274,,0.06602492,,0.049268756,0.070680365,0.26904264,0.25092658,0.15068148,0.051471062,
469,0.34642968,,0.1361949,,,0.13572302,0.11098192,0.14303431,0.046616063,,0.061562628,,0.015305738,
470,,,,,0.2761,0.06009511,,0.03260961,0.52692926,,0.056126047,,0.033379715,
471,,,,,0.011026105,0.010092771,0.012352609,0.0144545315,0.010731761,0.48750854,0.10128996,0.15535034,0.18085489,
472,0.014005114,0.014147471,0.056600343,0.01113613,,0.043832224,0.030738952,0.060280558,0.03551798,0.17596385,0.079316415,0.20415913,0.26781896,
473,,,,0.027425824,0.022300797,0.050853755,0.053773753,0.22005747,0.059266273,0.033251513,0.06006765,0.2878384,0.18296276,
474,0.06951936,,0.056030627,0.02206985,0.013304488,0.046642657,0.12428201,0.15448272,0.097519405,0.11029381,0.14774366,0.023948658,0.13190135,
475,,,,,0.12552394,0.019706659,,,0.70321655,,0.14443226,,,
476,,0.04927806,0.011183859,0.014358697,0.044474367,,0.04278297,0.078346476,0.024184294,0.2653359,0.1677472,0.26676348,0.032358993,
477,,0.026060266,,,0.017990457,0.036281586,0.0122984145,,,0.31561366,0.034064144,0.21164754,0.3346898,
478,,,,,0.6322885,,0.3669296,,,,,,,
479,0.045243505,,,,,,0.14067437,0.08439189,0.500876,0.017448159,0.048078835,0.04565383,0.09251396,0.017900234
480,,0.030418051,0.016919944,,,0.044759203,0.06220365,0.027991047,,0.46014473,,0.18161789,0.15400976,
481,,0.03233501,,,0.033662405,0.06485436,0.0709412,0.03601043,,0.39459762,,0.12524009,0.22894454,
482,,0.012475013,,0.39594185,0.06582946,0.07076537,0.061947666,0.098853946,,0.054193422,0.1589486,,0.05937369,0.011053845
483,0.029963005,,0.072511904,0.024833797,,0.043673065,0.01899229,0.28612787,0.0123567,0.15232433,0.0627342,0.07411997,0.21317853,
484,0.30917168,,0.12262524,,0.042581152,0.013429623,0.09250645,0.081329405,0.27980873,,,,0.037287116,0.020434504
485,0.02903341,0.032410763,0.031618044,,,,,,0.071105205,0.32307836,0.30108908,0.09758841,0.08345646,
486,,0.019598009,,0.010067159,,,,,,0.4946405,0.08167609,0.047725745,0.32929552,0.01454253
487,,0.0164572,0.060205027,0.03420286,,0.023503343,0.070706934,0.118269965,,0.38300166,0.066682234,0.16039972,0.054815516,
488,,0.018325644,0.01554857,,,0.023651542,0.021841235,0.04386867,,0.3207312,0.063830525,0.14318904,0.3378077,
489,,,0.056540642,,0.78651667,0.031272475,,0.014810984,,0.02079792,,,0.082282804,
490,0.024518708,0.033206798,,0.013280836,0.024935761,0.019267328,,0.06681918,0.099794015,0.22906898,0.35736844,0.10821007,,
491,0.06301105,,0.104604565,0.0122225825,0.040505804,0.30344385,0.14312226,0.2213471,,0.018837413,0.0623592,,0.01580549,
492,0.22086905,,0.053728063,,,0.063742585,0.1303101,0.105931856,0.22505781,0.021543462,,0.07623406,0.07693327,0.011329062
493,,0.037306916,0.016780566,0.039063413,0.025361754,,,0.14719415,,0.48227918,0.08630643,0.105708525,0.05717975,
494,0.17297013,,,,,0.02678086,0.22363476,0.22424333,0.07128084,0.055102598,0.14007312,0.025103385,0.059917033,
495,,,0.0140307015,0.016886124,0.7533165,,0.12941746,0.056521144,,,,,,
496,,,0.023693206,0.2136352,,0.123894595,,0.16376747,,0.07657549,0.0813157,0.07060253,0.23117065,
497,,0.035534084,0.020631962,0.026888788,0.027858134,0.024006711,0.010886453,0.15409392,,0.348037,0.06094545,0.23080888,0.060122438,
498,,0.032887112,0.044244904,0.011367839,,,,0.10185391,0.043896116,0.33465278,0.19404009,0.17084923,0.059273127,
499,,,0.022959867,,0.6746693,,0.08722972,0.08062856,0.06820341,,,,0.045836333,0.01156062
500,0.05310633,,,0.012368393,,,0.010626061,0.062844865,0.68852234,,0.11437814,,0.039546404,
501,0.060063783,,0.13496582,,0.061398283,0.11855858,0.13460676,0.25705472,,,,0.0734755,0.14066674,
502,0.039472777,0.012036713,,,0.016116278,0.15604647,0.057730865,0.10737951,0.059451986,0.112225674,0.07255954,0.17418121,0.17535232,0.017066605
503,,0.02959954,,,,,,,,0.41718376,,0.113335565,0.4100991,
504,0.05039627,,0.12310346,,,0.09961363,0.17805445,0.32207516,,0.027967127,,0.13263308,0.05384102,
505,0.05702331,,0.08097592,0.012680867,,0.06636627,0.12366861,0.21707614,0.044460814,0.19486938,0.11541671,0.017346183,0.06292563,
506,,,,,,,0.021562649,0.1161966,,0.47682682,0.033597115,0.177618,0.17117253,
507,0.02971245,,,,,0.01643759,0.040203534,0.0955592,0.01234128,0.1737641,0.057636153,0.0974894,0.4613123,
508,,0.012960755,,,0.018937195,0.026451563,0.040946048,0.046279788,0.05527344,0.29724407,0.17744961,0.16089287,0.14427501,
509,,0.026699834,,,0.04276227,0.23290576,0.4421125,0.119954914,,,,0.11396762,,0.02067149
510,0.014173123,0.016680608,0.09303868,,,0.07721707,0.04688025,0.041456677,,0.27942467,0.06922624,0.11008097,0.23982722,
511,0.13366772,,0.045867797,0.013706739,,0.1658131,0.018331181,0.25723788,0.04592942,,0.053607315,,0.26145568,
512,0.16349313,,0.022649698,,,0.02575791,0.16432992,0.10480826,0.35864645,,0.09566606,0.025095494,0.010913608,0.018854301
513,0.11205197,,,,,,,,0.8870746,,,,,
514,,,,,,,,,0.4864844,,0.39791396,,0.09509785,
515,0.06838004,0.026809052,0.09001588,,,0.08701734,0.022291712,0.012155148,,0.12469843,0.07094468,0.09171458,0.39358985,
516,,,0.17319821,,,,0.21621354,0.33312064,,,,0.01676813,0.22792754,
517,,,,,0.076962605,0.39602095,0.3464654,0.052296884,,0.0807333,,,0.028433265,0.011084045
518,,,,0.0217328,,0.17004165,,0.23000163,0.048572283,0.30939627,0.092656,,0.11578301,0.011455056
519,0.08349691,,,,,,0.022495044,0.20593996,0.49902335,0.010957391,0.01244924,,0.15475987,
520,,,,,,,,,0.8296288,,0.17009127,,,
521,0.052536584,,0.19373578,0.03867409,0.035358693,0.067860566,0.078167506,0.3592908,,0.014681356,0.025872264,0.02989782,0.08387947,0.011285141
522,0.015698878,,0.026064461,,,0.066729195,0.45492798,0.17594597,,0.14835157,0.031215064,0.031391,0.010038623,0.025913334
523,,,,,0.07376519,0.116127186,0.2720051,0.04045881,0.1457822,0.013656125,0.26293018,0.025201727,0.020567382,0.021232642
524,,,0.05668809,0.0112952925,,0.23664339,,0.3154186,,0.1789005,0.061554153,0.073084496,0.0654349,
525,0.062426243,0.015516132,0.05665551,,0.01656466,0.139048,0.18004704,0.17215912,0.038176853,0.031703077,0.049878355,0.052349523,0.17366917,0.01163473
526,0.124690406,,0.046012208,0.014422778,,0.19965796,0.08723167,0.17698981,0.24602005,0.09666106,,,,
527,0.12580767,,0.0829008,,0.018852841,0.0148749845,0.2415691,0.35679302,0.012663305,0.0121758785,0.015184394,0.08922569,0.025509795,
528,,0.014983424,0.020548364,0.016288,,,0.010874707,0.06104988,0.043424822,0.38130653,0.26019198,0.11126348,0.07931237,
529,,0.013335428,,,,0.06884709,0.015762663,,,0.4918292,0.039406843,0.03144604,0.33406597,
530,,0.040267255,0.014646389,0.011333843,0.026627734,0.019610828,0.02858544,0.04354036,,0.44260907,0.09924057,0.04192553,0.23127376,
531,0.045778334,,0.124063045,,0.052339856,0.11038941,0.15978259,0.23976427,0.018649206,,,0.030246012,0.21777241,
532,0.03989627,0.016897604,0.045260377,0.026878443,0.031814374,0.06275532,0.08534592,0.2804641,,0.13481282,0.121431366,0.1314446,0.02284128,
533,0.022510426,,0.042507783,0.025480015,0.010238829,0.2002601,0.13438645,0.19354407,,0.08433196,0.070354275,0.13863254,0.057222128,0.0184453
534,0.020700239,0.015923725,0.11067087,0.0101561695,0.06465307,0.05212849,0.19062716,0.26176775,,,0.028732548,0.19855054,0.029295536,0.016497469
535,,,,,0.36499438,,,0.6319799,,,,,,
536,0.1278772,,0.048105862,0.014931971,,0.018121686,0.11309693,0.13471246,0.15954898,0.056967787,0.1911163,0.078892015,0.03630048,0.013495587
537,,0.017119143,,0.022313658,,0.07914284,0.051340286,0.18293847,0.037282202,0.12171116,0.21165213,0.2406427,0.0119889425,
538,0.029385267,,,,,0.050085112,,,0.8685253,,0.026723301,,,0.01763085
539,0.040100336,,,0.013355007,,0.018878683,0.01910954,0.03429645,0.71709,,0.12898168,,,0.016974607
540,,,0.05776304,,0.04038501,0.033450626,0.17984763,0.14020391,0.12522937,0.020297708,0.049395308,0.09753729,0.23365991,0.014509263
541,0.092535436,,0.016416378,,0.03445098,0.18804382,0.39510915,0.05817932,0.03674851,0.11951834,0.023521936,0.030463738,,
542,0.11963744,,,,,0.114208035,0.3052523,0.15613653,0.024240902,0.033526417,0.017809235,0.069479845,0.13135846,0.027582921
543,,,0.037367523,0.84534186,,,0.015362401,,0.03243529,,0.054402456,0.012866549,,
544,0.039664343,,0.09193899,,,0.11248361,0.3552105,0.09009459,0.066112176,0.0697155,0.08273455,0.040136043,0.049042612,
545,0.14434697,,0.102063626,0.011703537,,0.093909696,0.015983947,0.29762387,0.06536305,,,0.016676597,0.24401627,
546,0.022068316,0.04694436,0.03714498,,0.027833458,0.041585647,0.026593028,0.06355553,,0.34780315,0.106144324,0.18628322,0.08726922,
547,,0.071642265,,0.021861376,,,,,0.029312545,,0.24061626,0.2513657,0.3297103,0.043060288
548,0.24548864,,0.079902455,,,0.078131184,0.27939403,0.1487615,0.027998071,,,0.05472858,0.06085278,0.017435806
549,,0.025422014,,,,,0.24572106,,0.1624186,,0.19211696,0.35026368,,
550,0.19212148,,0.035204224,,,,,,0.52050906,,0.22190052,,,0.017141515
551,,,0.055285472,0.019731747,0.023562834,0.30825627,0.20569485,0.12864643,,0.03229962,0.055839628,0.15450893,,
552,,0.0486527,0.16959219,,,0.047309317,0.18626426,0.3131047,,,,0.045369294,0.1750069,
553,0.23877487,,0.049942926,,0.04994778,0.05108963,0.41048318,0.07320552,0.034621615,0.032442838,,0.016623935,0.042159896,
554,0.0925939,0.1591069,,0.012932066,0.030770695,0.13720056,0.07101488,0.15011388,0.19669421,,0.029325664,,0.10285599,0.012300137
555,0.013079777,0.161565,0.06793345,,,0.032934852,,0.040940724,0.015095923,0.28473794,0.08891756,0.20041573,0.0824733,
556,0.02048469,0.05498911,,0.015787186,0.026298499,0.019469261,0.04555707,0.14352408,0.014339782,0.22432432,0.042282,0.15421309,0.22943144,
557,0.026263677,0.022679165,0.048306838,0.012079856,0.018987913,0.029479709,,0.09413123,0.025490433,0.34890434,0.15443857,0.18989228,0.029287234,
558,0.012998601,0.1572389,0.03382656,0.057993077,0.066513255,0.27996138,,0.17428882,,0.07941122,,,0.11883614,0.01734599
559,0.04269435,,0.045997914,,0.033890605,,0.028277397,0.016064418,0.15416788,0.20759575,0.13559267,0.021767976,0.3054399,
560,,,,0.027850905,,0.011032056,0.016055657,0.011923332,0.18944699,0.08033854,0.24267407,0.13095696,0.27638298,
561,0.019176383,0.018953633,0.048220243,0.016194416,0.012462823,0.09795918,0.060447335,0.11443025,,0.15742406,0.06052994,0.19974911,0.18695447,
562,0.017756006,,0.086155705,0.015529549,,0.013566448,,0.091364644,0.05320056,0.27889845,0.14104849,0.19615328,0.09460997,
563,0.030383306,0.20050079,0.10102054,,0.027670933,,0.044167727,0.06850075,0.02107585,0.14846717,0.100439444,,0.2467621,
564,0.028407538,0.08720949,0.07357075,,0.028384939,0.05147175,0.02866648,0.043988995,0.056040473,0.228011,0.065425776,0.07731792,0.22327487,
565,0.068988495,0.08188,0.08281741,,0.033885304,0.09201677,,0.023179276,0.01603931,0.15100357,0.07235741,0.09093508,0.27789602,
566,0.016305288,0.04027976,0.033835907,0.013079403,,0.012561649,,0.08506827,0.02028219,0.15552232,0.23661964,0.34250656,0.03787017,
567,,0.017682998,0.060892597,0.014045352,0.038474523,0.057965778,0.053512026,0.077122614,0.077500865,0.30825862,0.10643629,0.035051707,0.15264277,
568,,,0.08191379,0.011679845,0.014560611,0.026400488,,0.11035508,0.07078569,0.17003201,0.08883944,0.08809853,0.33507666,
569,0.03842361,0.017993107,0.13150696,,,0.027679436,0.2210099,0.26652852,,0.036702592,,,0.22789164,0.025579482
570,0.07619702,,0.03738937,,,0.18312661,0.19930279,0.26242912,,,,0.07551434,0.16350992,
571,0.03174647,,0.08418403,0.01791989,0.056336965,0.1518795,0.27712536,0.18254915,,,0.015541574,0.06432135,0.10378068,0.012881555
572,0.018722964,0.1538891,0.026216464,,,,0.024234941,0.05904999,,0.23176995,0.06259336,0.22206216,0.19209166,
573,0.09510266,,,,,,,,0.86263096,,,,,0.021211723
574,0.17816801,,0.05061287,0.012350291,,0.086173736,0.09166412,0.1353419,0.18030238,,0.12597197,0.04409762,0.08274034,0.0106941955
575,,0.045038093,0.17290781,0.032829277,0.073989354,,0.14866646,0.24334192,,0.20140794,,0.057264727,0.012322327,
576,,0.015197362,0.018171761,0.011062834,,0.04648814,0.049892865,0.05997787,0.035756625,0.30573058,0.23384859,0.14509478,0.05853596,0.011286657
577,0.030859455,0.020000033,0.052562203,,,,,0.080278985,0.05782381,0.25361153,0.3518042,0.12332583,0.018384458,
578,,0.11547041,,0.011041952,,0.035637278,0.0161099,,,0.47682098,0.042420782,0.14159352,0.14779057,
579,,0.48106498,0.014992038,0.015566785,0.016576853,0.011290747,0.030721413,0.028617186,0.036343493,0.061165974,0.13800609,0.1491536,0.013064925,
580,0.08844749,,0.034420922,,0.31774753,,,,0.53134674,,,,,0.015863743
581,0.23089324,,0.15307182,,,0.05095797,0.20234357,0.17342588,0.07731515,,,,0.086734995,
582,,0.035890996,0.015769584,,,,0.01694978,0.049081605,,0.41368136,0.09743688,0.13612677,0.20417243,
583,0.060354877,,0.06950624,,,0.2433124,0.29438323,0.10085686,0.019636298,0.06194454,0.06559379,0.047305807,0.013473807,0.011167755
584,0.15105252,,0.0968512,,,0.17656714,0.22743072,0.064012624,0.097797506,,0.15126806,,0.03376747,
585,,0.04275504,,0.025342662,0.025618987,,,0.22803457,,0.48386917,0.0879227,0.1062857,,
586,0.1339968,0.47240677,,,,0.074609585,0.30794123,,,,,,,
587,,,0.08181258,,0.01961981,0.09152311,0.31978518,0.26970685,,0.10121387,,0.0347127,0.063410185,
588,0.19376288,,0.082863055,,,0.015648536,0.21036105,0.16138512,0.06830153,,0.037020706,0.05280059,0.1534332,0.017280187
589,0.19582872,,0.16111591,,,,0.18249404,0.27123326,0.037023462,,0.020082545,,0.12651712,
590,0.029953273,,0.09749659,,0.030575557,0.036273394,0.093166456,0.096483536,,0.12615982,0.049620464,0.11530897,0.30699784,
591,0.109578714,,0.026510322,,,0.23118262,0.15519644,0.07588255,,0.20625009,0.064119436,0.019985706,0.09374421,0.01003556
592,0.2091324,,0.043893684,,0.031628102,0.057257157,0.18564229,0.122703366,0.22981088,0.020654233,,0.07479396,0.014654056,
593,,,0.1103125,,0.07415788,0.17343193,0.16925347,0.3012065,,,,0.047497686,0.09910089,0.012635291
594,0.13566017,0.011684914,0.07451203,,0.059814967,0.118682206,0.056492,0.17698728,0.20269877,0.017023778,,,0.12336591,0.02253868
595,0.12546998,,0.06309129,,0.017231885,0.22696449,0.24833597,,,,0.10563687,0.05388647,0.15454932,
596,0.010160082,0.04048262,0.07168756,0.05449586,,,0.081672974,0.124934435,0.07029511,0.2306458,0.080429934,0.18527795,0.042991366,
597,,,,,,,,,0.7144746,,0.28540432,,,
598,,0.053853255,,0.017833248,,0.040607933,0.012455313,0.11571489,,0.29535142,0.13740274,0.26026058,0.06614459,
599,,0.114305615,0.027044544,,0.022389596,,0.01471928,0.078309886,0.024710353,0.39371136,0.20865634,0.058209024,0.057694517,
600,,0.02403605,,0.041960075,0.48398802,,0.08156818,0.15144347,,0.14274034,0.03706384,0.021368567,,
601,0.018048212,0.10804277,0.025214482,,0.01697725,0.04681941,0.02276515,,0.11422545,0.2953295,0.14292486,0.046057597,0.15753406,
602,0.09955603,,0.15565658,0.04255936,,0.1261548,0.12947658,0.28479555,0.037154082,0.0862756,,0.031221459,,
603,,,,0.07492137,,,0.02448291,0.03806576,0.07708128,0.22215919,0.17093292,0.038755197,0.3415181,
604,0.09510647,0.041016717,0.06684173,,0.15236427,0.14756122,0.124766774,0.32565942,0.012911814,,,0.02468794,,
605,,0.019756915,0.043858696,0.024568032,,,,0.08748758,0.060861,0.20282246,0.39059398,0.1555582,,
606,0.084170565,,0.2373959,,0.014112067,,0.28703278,0.19682562,0.021374598,0.015367666,,0.05698865,0.077458836,
607,0.09349288,,0.042258482,,,0.015867209,0.18050371,0.11145172,0.055411708,0.020567592,0.2662011,0.1892567,,0.013100524
608,0.015843723,,0.034406204,,,0.12293252,0.1352569,0.07667776,0.024750585,0.06118687,0.07646023,0.24709398,0.18895808,
609,0.021568725,,0.03106038,,0.024834068,,0.16198441,0.16905104,,0.076265275,0.046631847,0.3413244,0.09915833,
610,,0.041793875,,,,0.049072962,,0.0876029,,0.14654234,0.06357335,0.41441318,0.17522052,
611,,,,,0.020848326,,0.04118584,,0.3189676,0.12592697,0.33038232,0.029420173,0.11983163,
612,0.09549224,,0.053445026,0.0115901185,,0.011082985,0.12244914,0.17594586,0.037568558,0.048051033,0.2599932,0.089824885,0.07798531,
613,0.045504373,,,,,0.1145615,0.1663689,0.21088645,0.15502729,0.09953189,0.12374596,0.05018691,,0.022265008
614,0.03385624,0.023839397,0.04279671,,,0.029712377,0.1426214,0.072631195,,0.20402977,0.17435557,0.18516518,0.0837252,
615,0.015813293,0.04587645,,0.038924426,,,0.10386233,0.26340565,0.033080988,0.28303352,0.10383671,0.01540965,0.089236915,
616,0.018759584,,0.064198285,,,0.045358177,0.14399411,0.086228885,0.3924787,0.041866012,0.12711072,,0.060029384,0.012074277
617,0.017929016,0.09155023,0.02411961,0.01842743,,,,0.28692213,0.07292852,0.337975,0.1386847,,,
618,0.11652333,,0.011084741,,0.035973135,0.4036953,0.22414705,,0.0572107,,0.0441302,0.06758291,,0.019000312
619,0.021311633,,,0.028100599,,0.27389038,0.06340709,0.17106074,0.24923305,,0.12051235,0.033684935,,0.030436305
620,0.21595281,,0.07618288,,,0.11933255,0.26954624,0.15440588,,,,0.09647746,0.058248967,
621,0.013636873,,,,,0.013249727,0.09091959,0.15404555,0.27696386,0.03087904,0.24191229,,0.15335011,
622,0.08304975,0.20178808,0.070664324,0.02550816,,0.12749414,0.08144869,0.11185879,0.19098888,,,,0.1063248,
623,0.031167993,,0.10338538,,0.07223728,0.16542444,0.36445144,0.14710191,,,,,0.10782167,
624,,0.02230443,0.06230405,0.010524401,0.0172885,0.05069403,0.052109085,0.018434035,,0.32625368,0.10827068,0.123639435,0.19963339,
625,,0.3613155,,0.023200225,,,0.028968051,0.06836548,0.122355744,0.03330395,0.045866985,0.17325994,0.12550996,
626,0.24772762,,0.10532726,,0.010823334,0.07668282,0.24313144,0.09564335,0.11072667,,0.06222152,0.016299533,,0.021329023
627,0.31199202,,0.13188268,,0.017130496,0.061517607,0.24519464,0.12608573,0.039773222,,,0.012788396,0.04967843,
628,0.039083924,0.03964014,0.08493203,0.018361572,0.03052366,0.05493053,0.18810065,0.2240306,,0.17838302,0.106218435,0.025573509,,
629,0.085613795,,0.07859077,0.014802037,0.016087161,0.32117856,0.095111236,0.055792615,0.054832414,0.052491236,0.022329573,0.03256885,0.16989252,
630,0.023655163,0.04263455,0.017913155,0.016688716,,0.037247054,,0.09226503,0.022042142,0.33860895,0.23968285,0.10634996,0.04878279,
631,0.08200428,,,,0.04364139,0.07950847,0.08658266,0.078821816,0.29125327,0.08956426,0.08635364,0.030308273,0.10951775,0.014751132
632,,0.049092993,0.02380841,0.024381896,0.035153974,,0.019122086,0.08417016,,0.3217589,0.10096794,0.33757904,,
633,0.08304731,,0.045141112,0.021245768,0.023042839,0.12331242,0.1765159,0.15495396,0.0593989,,,0.14951308,0.15895914,
634,0.1703108,,0.017746074,,0.02995049,0.33976123,0.20976792,,0.03462354,,0.17790279,,,
635,0.23823236,,0.054050695,0.045078497,,0.19965509,0.11819312,0.077760056,0.027605973,,0.14537673,,0.06855767,0.017091084
636,,,0.011994942,,,0.015852427,0.033859313,,0.5761542,,0.22868806,0.022988733,0.09434018,
637,,,,0.020379094,,0.5072171,0.27551687,0.1332687,,,,0.05288597,,
638,,0.021445699,,0.015303915,,0.13925335,0.18771918,0.102722645,0.15212797,0.012647039,0.13777271,0.1532192,0.04744932,0.018512936
639,0.028430894,0.015420201,0.02412647,,0.027527574,0.14541855,0.16286834,0.253151,,0.037212078,0.13227502,0.051872235,0.07819856,0.042444736
640,,0.24102998,,0.013838636,,0.059285946,0.07599236,0.029658463,0.103200145,0.023016892,0.28105643,0.05788904,0.097233966,
641,,0.5486669,,0.06712672,,0.18910629,0.06485869,,0.045607515,,,,0.0666055,0.012070455
642,,0.028211985,0.010692645,,,,,,0.10075249,0.19250292,0.58773285,0.05415376,,
643,,0.0253577,,,,0.2751625,0.07005159,0.11155294,,0.1256992,0.07485326,0.10998882,0.2003551,
644,,0.031195378,,0.011773652,0.020356266,,,0.017818145,0.020453624,0.44761226,0.154038,0.21924551,0.06446383,
645,,,0.08060583,,,0.110351816,0.14323722,0.054388396,0.26507863,,0.2715861,0.02970451,0.010896108,0.025941739
646,0.19519292,,0.014193248,,,,,,0.77933097,,,,,
647,0.39640427,,0.018863752,,,,0.042326946,0.0447712,0.44721222,0.017558934,,,0.016129168,
648,0.02575209,0.016557684,0.047170542,0.0127213225,0.02362324,0.04413938,,0.05032835,0.055343837,0.14874984,0.14038922,0.14966668,0.27784336,
649,,0.037822567,0.026127875,0.014395168,0.016819794,,,0.16992049,0.04142732,0.17026483,0.24711509,0.2751413,,
650,0.13532463,,,,0.06672287,0.07763747,0.3324998,0.046666212,0.06610268,0.043380786,,0.052176557,0.16954108,
651,0.08696841,,0.13218856,,0.04421234,0.11616791,0.1676931,0.20513532,,,,0.13229655,0.09067559,0.019720169
652,,0.011390757,0.036847316,,,0.018450059,0.11288602,0.07423081,0.2991763,0.02954883,0.377774,0.026036851,,
653,0.029801903,,0.15126927,,,0.03563642,0.22951676,0.32899728,,,,0.03005738,0.19000931,
654,0.042000134,0.018652182,0.04295398,0.013539415,,0.1305732,0.18060222,0.16088822,0.025333632,0.05810068,0.12094954,0.18057112,0.018219722,
655,,,0.06649857,,,0.06515322,0.11072998,0.083432846,0.5038273,,0.14188735,,,
656,0.012708814,0.013951622,0.052095518,0.01804541,,0.014195068,0.034020405,0.099561565,,0.40255752,0.16297144,0.15880835,0.0147298435,
657,0.03518007,0.036044892,,0.018018572,,0.033364184,0.024099832,0.09318788,0.022831038,0.30558425,0.20450999,0.18825525,0.03334626,
658,0.13005896,0.039618302,0.04435929,0.060628504,,,0.010245975,0.14575322,0.06754012,0.091435075,0.1636613,0.24398598,,
659,0.17531939,0.0100228535,0.08742567,,,0.026669828,0.20014738,0.1510454,0.20115428,,0.14713973,,,
660,,0.02396508,0.027746879,0.020447925,0.011398584,0.029224355,,0.033413544,,0.4591098,0.08526373,0.17891806,0.11822671,
661,0.11661387,,0.062024355,,0.0203664,0.09312158,,0.051377036,0.03668817,0.07168552,0.26626194,0.1562849,0.11115285,
662,,,,,0.021374663,,0.13285013,0.06366505,0.5538463,,0.16229868,,0.03422438,0.026735974
663,0.08331394,,0.011784383,,0.028092429,0.10429494,0.46355742,0.17288955,,0.077067226,0.038674783,,0.0102694705,
664,0.054807782,0.056725506,0.0481971,0.027826952,,,0.0995331,0.14822294,,0.31939143,0.17252746,0.061752245,,
665,0.08582835,,0.17550127,0.041772824,,0.083845064,0.1687518,0.18008351,0.03265567,0.09957124,0.048914842,0.042484835,0.035351433,
666,0.026941193,0.035952024,0.06363128,,,0.06887329,0.019924663,0.025787394,0.057571247,0.13111721,0.085803956,0.15817884,0.31904602,
667,0.1814057,,0.08335031,0.010111047,0.011165438,0.18626823,0.20665342,0.08830792,,,0.10532728,0.018582635,0.10442986,
668,0.035116486,,0.036590695,0.010309909,,0.059897818,,0.010021398,0.123296134,0.032061264,0.4900214,0.16762671,0.026578506,
669,0.048218004,0.025831431,0.032238405,0.014431732,0.012238561,,0.034603238,0.025047032,0.01715909,0.17098862,0.26275587,0.32007793,0.03160849,
670,0.117390566,,,0.010636489,0.014689674,0.05546348,0.21656422,0.027092544,0.43017825,0.0788048,0.021815332,,,0.022621335
671,0.074403875,,0.023259083,,0.07604641,0.18555817,0.28531718,0.09505518,,0.0945283,0.043499302,0.038123723,0.054423805,0.014681306
672,0.053343598,,0.0618132,,,0.14322992,0.26631415,0.15811211,0.0379324,0.025883202,0.094211385,0.11923201,0.02885098,
673,,,0.035329234,,,0.038261447,,0.039881706,0.42774108,0.013564425,0.32954794,,0.109712794,
674,0.08268284,,0.09356347,0.011006992,0.06367742,0.099696755,0.27726722,0.19853067,,,,0.01725578,0.13528964,0.011938784
675,0.021243703,0.033220083,0.11001111,0.012239095,,,,0.07161803,0.049035035,0.21855712,0.21419622,0.17657112,0.08607228,
676,,,,0.019873288,,,0.041772585,,0.5052211,,0.4254472,,,
677,0.05158959,,,,,,,,0.9378293,,,,,
678,0.025912035,0.025629304,0.019436633,,0.032186598,0.014997457,0.034741994,0.026048841,0.021736685,0.36663914,0.10131388,0.09336793,0.23792943,
679,0.24779646,,,,,0.55605674,0.09035084,0.03790281,0.021736348,0.019066116,,,,0.020687792
680,0.18113951,,0.037132647,,0.034687813,0.09858218,0.22278272,0.13458477,0.08483239,0.020194313,0.03320164,0.071885675,0.06374148,0.016751822
681,0.067870826,,0.06351678,,0.01673155,0.2900902,0.16908681,0.029180288,,0.019661406,0.2017307,0.09337655,0.035088614,0.01300937
682,0.08478602,,0.14623223,,,0.2043253,0.08186309,0.06684497,0.0671314,0.028610272,0.054715216,0.045876127,0.20821601,
683,0.120622545,,0.10405883,,,0.17310064,0.3752368,0.11667809,0.02910569,,,0.010211823,0.06419897,
684,0.044853345,,,,,0.08992922,0.5612458,0.071183726,0.016663276,0.045196287,0.06741603,,0.08637394,0.010759547
685,0.17750229,,,,,0.097351365,0.44727975,0.09712247,0.041306067,0.08904417,,0.010208795,0.03914442,
686,0.1134298,,0.06697739,,0.01717733,0.11988124,0.302732,0.18893361,0.012257311,,,,0.17698939,
687,0.0389934,0.012677094,0.04234669,0.015103709,,,,0.039321978,0.0483168,0.22978,0.2248443,0.14595647,0.18680538,
688,0.029185895,0.045299456,0.067694776,0.032933936,,0.02185461,0.08733336,0.2474976,,0.14098486,0.0698145,0.23777433,0.016397478,
689,,,0.07197819,0.05246601,,0.02947269,0.03566139,0.36723906,0.042076174,0.058449637,0.12232093,0.13308321,0.06581964,
690,,0.031201467,0.033422243,,0.025669811,,0.023922408,0.0665451,,0.49112892,0.08180297,0.082717836,0.14859635,
691,,,0.15557823,0.022633594,,0.17172787,0.2340554,0.286359,,0.0423723,,0.05589129,0.013966899,
692,0.020424401,,0.07744427,,0.010854798,0.04961282,0.2319039,0.26337445,0.044546243,,,0.09817779,0.19375125,
693,0.021432277,,0.1578758,,,0.09513577,0.2596639,0.2922802,,0.09470869,,,0.0731976,
694,0.038421564,,0.15016587,,,0.11632537,0.22749484,0.24419792,0.018648868,0.096574694,,0.04026989,0.03962967,0.010367562
695,0.031085163,,0.046998262,,,0.053252082,0.048828337,0.0105699655,0.024653891,0.31414688,0.2201227,0.043659024,0.19848806,
696,0.09358941,,0.0790544,,,0.064481765,0.31386778,0.2353831,,,,0.08484606,0.12675852,
697,0.017966064,,0.16270214,,0.0792333,0.19282682,0.20738666,0.18795998,,,0.021092806,0.057940904,0.05814591,
698,,0.058082998,0.036395397,0.02361676,0.027982276,0.06526551,0.06693668,0.035060152,,0.42339164,0.05975246,0.11632942,0.07845254,
699,0.28697217,,0.01709672,,,,0.08126937,,0.56206656,,,0.025940847,,0.018188551
700,0.015407355,,0.0893626,,,0.07633881,0.2603115,0.22385055,,0.0370451,0.0120895915,0.06738336,0.20918272,
701,,,,,0.4475907,,,0.51678634,0.02577543,,,,,
702,0.032974355,,0.1121226,,0.08506049,0.13308081,0.33530638,0.15229969,,0.05071115,,0.067221835,0.02587544,
703,,,0.16715339,,,0.05907949,0.27629143,0.22006162,,,0.12585095,,0.14097112,
704,,,0.120266706,,0.038555153,0.2072062,0.4551243,,,0.073603414,0.031166213,0.05790254,0.01028005,
705,,0.026469957,,,,0.039659947,0.03659261,0.041681014,0.04407756,0.33278254,0.213031,0.13910553,0.123331174,
706,,0.035122007,0.037388906,0.017730936,,0.04565286,,0.066056535,0.022062248,0.21942247,0.31800917,0.21155655,0.011412242,
707,0.090999484,,0.080951385,,0.014184241,0.1156104,0.3030086,0.059635255,0.09385864,0.041228224,0.091511734,,0.10855749,
708,0.029964551,,0.05662185,0.015327634,,0.13914764,0.36448935,0.15940474,,,,0.06635496,0.16751169,
709,0.10660764,,0.24886109,,0.023649324,0.04885068,0.28009576,0.12821633,,0.033417203,,0.03637899,0.092834294,
710,0.22231874,,,,,0.033219438,0.055728827,0.08517257,0.4446125,,0.044862565,0.04224922,0.030488884,0.028624749
711,0.077175245,,0.05442739,,,0.20583858,0.26093382,0.23021024,0.026926238,,,0.010457706,0.13045849,
712,0.11769519,,0.18813697,,,0.103030086,0.26805648,0.18523917,,,,0.02821608,0.106316775,
713,0.081934236,,0.051070847,,,0.086850226,0.19783239,0.08021058,0.1673506,0.10429726,0.07089669,0.09098573,0.050428905,
714,0.086528525,,0.15400985,,,0.20890422,0.34048975,0.10718698,,,,,0.0966428,
715,0.022987656,,0.2580846,0.01845675,0.022021826,0.09215265,0.17535676,0.25868085,,,0.068294175,,0.056490403,
716,,,0.1629799,,0.046209745,0.1639304,0.18183948,0.22322357,,0.04916566,,,0.17057806,
717,,,0.2311839,0.015422991,0.052516583,0.38423645,0.13805562,0.120033726,,0.052691843,,,,
718,0.11053236,,0.22116774,,,,0.107754946,0.2825359,0.05274899,,0.022512786,0.035324547,0.15038379,
719,,,0.10483974,,0.017117627,0.108591974,0.17722479,0.32319415,,,,0.078320876,0.18044446,
720,0.04059931,,0.028335957,,0.025485255,0.08033327,0.07908655,0.0143459225,,0.24694443,0.024763307,,0.44668233,
721,0.03382718,,,,0.023628414,0.036382947,0.12782356,0.04515313,0.5501978,,0.15235326,,,0.018560957
722,0.011559455,0.051506266,0.047167446,0.011168586,0.019585652,0.05714327,,0.015009359,,0.39904314,0.14304562,0.14083104,0.10052537,
723,0.59914,,,,0.024900483,0.043959346,0.07372529,0.030320412,0.18223713,0.029327638,,,,
724,0.10475704,,0.13529512,,0.012833417,0.082361154,0.27022249,0.23970395,,0.0143990135,0.013800554,,0.12571394,
725,0.2610282,,0.01870445,,,,0.08177835,0.04652447,0.33224863,0.053282633,0.075418524,0.018538998,0.08602452,
726,0.15326694,,0.047897182,,0.019808223,,0.04452163,0.014614592,0.5709694,,0.01405653,0.033613157,0.07489914,0.012769498
727,,0.053427167,0.021813292,,0.013672674,0.018406862,0.08506595,0.022145972,,0.39990288,,0.12520224,0.25180355,
728,0.05266195,0.036025017,0.06510885,,0.037415225,0.3013885,0.08147243,0.16436222,0.02327772,0.11994076,0.08673902,0.017920136,,0.010323232
729,,0.042124085,0.083302885,,,0.042198718,0.03123861,0.06300993,0.09835454,0.30727205,0.19844584,0.07362857,0.05280926,
730,,0.020118522,0.050138023,0.013398742,0.03588615,0.4426768,0.07323157,0.16349739,,0.017502079,0.042112023,0.10089881,0.016671441,0.011474871
731,0.05493577,0.04793412,0.10095243,,0.026708495,0.05439834,0.09342589,0.13185294,,0.10430283,0.120928966,0.1569869,0.088216476,0.010497127
732,,0.021781247,0.030565726,0.11852162,0.012417379,0.10012062,0.05987965,0.1609183,,0.3458297,,0.06239331,0.08231672,
733,,0.04881545,,,0.038292166,0.42678338,0.08386022,0.087435596,0.020326976,0.115299545,0.032505695,0.09895949,0.031437658,
734,,0.07878132,0.060778286,,0.019587984,0.033417363,,0.08896295,0.09747915,0.22488332,0.17185198,0.0972403,0.12394397,
735,0.040809944,0.01578096,0.15476923,,,0.13151067,0.1487656,0.11105157,0.013937125,0.10405881,0.10616985,0.12859194,,0.021364786
736,0.08440458,0.07417255,0.0950882,0.020221617,0.048566703,0.17074835,0.2189144,0.1525358,,0.034648065,0.024607198,,0.05376351,0.018470218
737,,0.05653005,0.0372375,,0.053192876,0.26243803,0.36833698,0.18880393,,,,,,0.025042899
738,0.06552973,,0.13925712,0.016392453,0.0144391395,0.11948895,0.19141951,0.33148086,,0.020658623,,0.08251755,,
739,0.05311879,0.04268948,0.10315493,,0.05474013,0.3198607,0.23019178,0.040609278,0.01507327,0.027927488,,,0.103515536,
740,0.06487804,0.033851948,0.1011033,,0.06320494,0.2524904,0.10776429,0.11860139,0.012654541,0.03643236,0.040996604,0.15469205,,
741,,0.04381347,0.012643325,,,0.10295952,0.017564282,,0.04922157,0.4076843,0.17503314,0.071546555,0.104498245,
742,0.041643433,0.08664082,0.059276205,,,,,0.044073954,,0.3198314,0.16749835,0.1452661,0.10326228,
743,0.023225639,0.048222944,0.048024204,,0.016437264,0.018847853,0.028831976,0.061684716,0.13296212,0.31762755,0.20344971,0.03225072,0.06205692,
744,,0.014948167,,,,0.038417812,,,0.5403851,,0.33430573,,0.05770023,
745,0.015051956,0.06504316,0.06853644,,,0.037991747,0.042784512,0.016002903,0.013236279,0.42140037,0.10170733,0.08718632,0.11629372,
746,0.010017514,0.087939,0.051946342,0.011515224,0.022365468,,0.04127169,0.013211622,0.10204157,0.18159807,0.2568281,0.14090875,0.07077622,
747,,0.060716845,0.017686779,,0.013850763,0.09753591,0.115357995,0.07758981,,0.24766879,0.039054792,0.250355,0.05710159,
748,0.039839413,0.0777344,0.03344002,0.016497247,0.020519964,0.059411757,,0.04519532,0.021204446,0.38068604,0.14126544,0.1169891,0.04111799,
749,0.10942123,0.041173916,0.056939278,0.011775533,0.02103683,0.08930738,0.026936641,0.19174269,0.11673339,0.11578874,0.04740799,,0.15829633,
750,,0.11933469,0.034028042,0.016367754,0.013987968,0.018444574,0.036200427,0.010658727,,0.4560693,0.12529099,0.11828507,0.044083513,
751,0.02438407,0.03263734,0.041097224,,0.055958863,0.28042713,0.23746559,0.08275866,,0.13117136,0.035919778,0.047999654,,0.013477765
752,0.052691586,0.05535132,0.067777984,,,0.21156931,0.088952936,0.09814976,0.01999339,0.09991956,0.14683719,0.086569905,0.060726635,
753,0.017826304,0.057507336,0.016599031,,0.035495598,0.4333947,0.19282447,0.05781028,,0.08316444,,0.046160035,0.039933115,0.019069558
754,0.07001868,0.031873453,0.116219714,,,0.1952162,0.24684116,0.18509072,,0.07914672,0.017845055,,0.04386794,
755,0.059415955,,0.14262253,,0.035750207,0.03384308,0.26886892,0.21373998,0.031091984,,,0.05146027,0.14762747,
756,0.16472341,0.05407078,0.112131834,,0.011471806,0.122857526,0.18646878,0.21393056,0.013979745,,,,0.09934996,0.011243261
757,0.09819243,0.04825203,0.11678587,,,0.1126612,0.38918096,0.17855558,,,0.017632717,,0.030697934,
758,0.3025309,0.13538459,0.07559584,,,0.13105573,0.19965543,0.08682072,0.030912442,,,,0.010139383,0.017454285
759,0.074858256,,,,,,,,0.92452765,,,,,
760,0.028768301,0.029461922,0.10781746,,0.025314685,0.03184967,0.24137826,0.2321581,,,0.039313994,0.043707766,0.20462544,0.010707046
761,0.32680494,0.13511008,0.044226628,0.012596,,0.16938841,0.04148529,0.042255715,0.15816046,,,,0.0644653,
762,0.14150143,0.022433,0.18157502,,0.052631933,0.23755911,0.054730535,0.098219775,0.03769822,0.023801537,0.028046368,,0.09152393,0.023366336
763,0.46950644,0.04929126,,,,,,0.027974987,0.40820622,0.03216854,,,,
764,0.034228206,0.06247642,0.10372641,0.01530359,0.022443136,0.15072629,0.2652165,0.18133694,0.14603938,,0.012317957,,,
765,,0.057817753,0.07892286,,,0.49800128,0.2885552,0.045170408,,,,,0.018987814,
766,0.09867933,0.010969347,0.0876655,,0.068069436,0.31354618,0.30015448,0.03705224,,,,,0.056317806,0.02667232
767,0.0840344,0.14161858,0.089150585,,0.049325068,0.070394345,0.38471738,0.106389716,0.012067087,,,,0.048030823,0.013629038
768,0.05480117,0.059143033,0.03924352,,0.04180628,0.37895128,0.33484745,0.08156833,,,,,,
769,0.07889435,0.066825144,0.071232766,,0.058538303,0.17079632,0.32552937,0.1457368,,,,,0.08098186,
770,0.046583712,0.011981635,0.028713271,,,0.0642847,0.35051158,0.08148369,0.037780967,0.15896012,,0.042420488,0.16527863,
771,0.17269018,0.013629681,0.08158377,,0.024397813,0.10019079,0.09165924,0.05700649,0.41615087,,,0.018945865,,
772,0.22695987,0.012990852,0.06242869,,,0.078640215,0.22773322,0.14227143,0.09220579,0.039365493,,0.0401826,0.054051712,0.011706335
773,0.20847031,,0.014730437,,,0.036704514,,0.023705445,0.7049479,,,,,
774,0.3964895,0.09021406,0.019973466,,,0.10076742,0.23397614,0.035581566,0.059236135,,,,0.056827765,
775,,0.024772657,0.052047055,,0.030739943,0.05591813,0.35033074,0.078617655,0.1879843,,0.1633226,,0.05544485,
776,0.030399455,0.033459604,0.064777635,,0.04481005,0.02391687,0.07772755,0.061827533,,0.2818481,0.032568544,0.043385997,0.29966995,
777,0.070240974,0.060672138,0.08913234,,,0.28649706,0.20376942,0.109226435,,,0.030799827,,0.12674117,0.015175797
778,0.078004695,,0.038246937,,0.023325996,0.32667816,0.102168076,,,,,,0.43000683,
779,0.038212284,,,,,,,,0.9532321,,,,,
780,0.11792794,0.043666024,0.1181357,,,0.23060068,0.33190948,0.098143816,0.017381534,,,,0.0138686495,0.021244733
781,,0.014446415,,,,0.02225851,0.02213271,0.023515247,0.82433945,,0.08059587,,,
782,0.069978155,0.085630395,0.1604861,,0.031137073,0.037426792,0.18932539,0.32431763,,0.021359902,,0.063467495,0.013420552,
783,0.072771624,,0.0635385,,,0.06400239,0.13294134,0.08840015,0.35039997,0.04404161,0.13841577,,0.03416336,
784,0.04907092,0.041820776,0.11509562,,,0.12162048,,0.09223587,,0.19788302,0.092004605,0.12305657,0.155987,
785,0.056034002,0.16211624,0.04410568,0.013286857,,0.04569594,0.44638997,0.12471624,0.010365086,,0.031453922,0.05492,0.010273865,
786,0.07408566,0.08934155,0.05395575,,,0.080718055,,0.0354279,0.026382176,0.24263261,0.1300619,0.067066744,0.19050264,
787,0.08744876,0.07983708,0.044685148,,,0.19191088,0.38355282,0.09669703,,,,0.039272048,0.07481078,
788,0.049180195,0.097515054,0.038402606,,0.07719359,0.05657442,0.4173435,0.08595076,,0.02378451,,,0.15302826,
789,0.034161415,0.05005702,0.19580953,0.026575385,0.030728715,0.016697507,0.16898754,0.23765665,,0.13619009,,0.029075557,0.07349254,
790,,0.03263964,0.09228882,,,0.031221936,0.11399376,0.062865645,,0.36951193,0.061524622,0.072555095,0.15341687,
791,0.041424543,0.01566513,0.123809464,,0.07310584,0.18654163,0.3144318,0.124076165,,0.038933437,,,0.08066065,
792,0.06058098,0.077738725,0.081498496,,0.022515342,0.027600167,0.030538198,0.060578052,0.022006564,0.22460458,0.1453444,0.12169624,0.118081436,
793,0.59022504,,,,0.017008683,0.03651326,0.114696994,0.056137636,0.06706013,,,,0.0947591,0.014550509
794,0.28457937,0.024269283,0.18757038,,0.018024314,0.085055515,0.15356702,0.2100874,0.018876193,,,,,
795,0.55996305,0.05478488,0.066780224,0.013626814,,0.05764081,0.061378717,0.10302694,0.018130919,,,,0.057580154,
796,0.092118286,,0.1344196,,,0.076682396,0.32967553,0.1767344,,,0.12368417,0.021547584,0.029712867,
797,0.06713211,0.028688645,0.108466335,,0.033892598,0.19030577,0.23115905,0.26925194,,,,,0.05658405,0.01358782
798,0.058234252,0.032569863,0.15805325,,,0.11279418,0.20715675,0.337831,,,,,0.09090057,
799,,0.0145966085,0.07088813,,0.020123422,0.045373432,0.1108762,0.16558422,0.19085273,,0.2733454,,0.08651316,0.01896699
800,0.0811463,0.041813582,0.04609017,,,0.1881543,0.20340115,0.13157529,0.07378174,0.026956107,0.055227723,0.020191865,0.116219714,
801,0.046604883,0.047862604,0.05324711,,,0.09757206,0.3512321,0.14142978,,0.09454339,,0.028803147,0.13760398,
802,0.032740697,0.096209385,0.14188018,,0.015394413,0.15467371,0.11016542,0.1773662,,0.034762084,0.03553387,,0.20099129,
803,0.017545689,0.07541449,0.16919604,,,0.053255275,0.26241764,0.24578024,0.051569343,0.029871333,,,0.080963306,0.012493528
804,0.23426522,,0.076509774,,,,0.2790725,0.11899252,0.17166176,,,,0.08636926,0.010948034
805,0.20072325,0.029265571,0.08332318,,,0.18741187,0.19715682,0.025899436,0.1050256,,0.14301042,,0.027284363,
806,0.05331223,0.06975157,0.049008165,,,0.028873647,0.05634774,0.014345622,,0.26582667,0.033736717,0.09418475,0.31981215,
807,0.06980034,0.056837227,0.07115718,,0.035776902,,0.036927044,0.020259624,0.25133577,0.10436601,0.084058106,0.028945416,0.2357062,
808,0.0776925,0.07292353,0.09354415,,0.018045004,0.041153435,,0.0423141,0.03245205,0.19198394,0.15054142,0.041741155,0.22408673,
809,0.014138779,0.04474534,0.17883104,,,0.024644107,0.28031102,0.23477963,,0.013593545,,0.035957225,0.16583622,
810,,0.04374703,0.07895281,,,0.069687754,0.013506625,0.09059145,0.16990875,0.123989925,0.12953728,0.04084918,0.23242548,
811,0.039616764,0.09305895,0.16270962,,0.029406661,0.011457884,0.23323846,0.19764766,,,,,0.22168522,0.010240832
812,0.1277601,0.033641707,0.1510409,,,0.061743747,0.34720546,0.14740282,,0.02686069,0.04033071,,0.04528321,0.011911797
813,0.18887217,0.030577919,0.028991595,,0.03504873,0.17474619,0.07861373,0.03583142,0.159703,0.022842119,0.11614084,0.029729342,0.08166291,0.017134931
814,0.16758536,0.06626992,0.13077338,,,0.13604017,0.2747566,0.1568324,,,,0.0109246895,0.05552313,
815,0.023924315,,0.014753525,,,0.09014482,,0.043345407,0.5516355,0.016711079,0.068229295,,0.16073054,0.0135359205
816,,0.025695419,0.15352452,,,0.24026121,0.42077363,0.08009643,,,,,0.071531765,
817,0.060044564,0.030995676,0.03840107,,0.054671463,0.24865818,0.21283628,0.12392831,0.010650705,0.05352638,0.12703234,0.014795225,,0.015021125
818,0.1709373,0.021802269,0.08926965,,,0.087749936,0.28891006,0.15651694,,,0.050486133,,0.11748623,
819,0.0824437,0.012249264,0.029908428,,0.042749472,0.17752208,0.34755483,0.037466783,0.012120426,0.110375196,0.061498012,0.045982573,0.03351495,
820,0.010708825,0.030158013,0.048802335,0.013094563,,,0.121557474,0.12520842,0.16899814,,0.21675287,0.25571328,,
821,0.020306727,0.075284846,0.05102198,,,0.050699994,0.042885173,0.011056873,0.022730721,0.20410338,0.10148719,0.2292748,0.18717054,
822,0.026753293,0.06927343,0.023958003,,0.01822994,0.033831656,0.027761016,0.03442582,,0.37094936,0.05550368,0.062050264,0.2771958,
823,0.031136906,,,,,0.14437506,0.097482264,0.03505177,0.5864531,,0.060633432,,,0.021586662
824,0.6968394,0.018914793,,,,,0.018812416,0.09309909,0.15756479,,,,,0.013644964
825,0.09103129,0.027670557,0.08042087,,0.024265494,0.13025422,0.45750242,0.116543576,0.0264482,,,,0.044970393,
826,,0.020279685,,,,0.049490284,,,0.5488413,0.10722449,0.053199273,0.03194413,0.1736695,
827,0.38024515,0.03560766,0.22028975,,,0.053732734,0.26181585,0.038635224,,,,,,
828,0.03839395,0.09209879,0.06497045,0.046689548,0.0657787,0.22649008,,0.17508994,0.019946508,0.16308755,0.02352232,,0.071542464,
829,0.10161814,,,0.5877544,0.030997638,0.03537187,,0.040185176,0.08113237,0.056509543,,,0.066344365,
830,0.052471645,0.06925174,0.06727568,0.033406816,,0.038928438,0.015896294,0.021088704,0.044333115,0.23153771,0.22002663,0.14921403,0.0519785,
831,0.10798002,0.050769597,0.14465974,,,0.054891635,,,0.063096516,0.14789099,0.0718555,0.11195,0.23830892,
832,0.04241026,0.0704051,0.063262716,,0.016810808,0.045168497,0.040443335,0.039439004,0.075649,0.35802278,0.13196206,0.022638604,0.08709331,
833,0.049109023,0.054343868,0.07899285,,0.016968008,0.07566996,,0.07460517,,0.22950183,0.08432659,0.032075576,0.28781316,
834,0.05619053,0.034650788,0.039838616,,,0.039109465,0.013196668,0.023519201,0.2941118,0.10556994,0.22534028,0.094912365,0.0686699,
835,,0.04836767,0.023609038,,0.020004751,0.024148934,0.038676705,0.04407253,,0.4270476,0.042056467,0.2141442,0.11118648,
836,0.09799492,0.021089118,0.16452208,,,0.11037605,0.21734475,0.18494037,,0.019362548,0.02181544,,0.15962194,
837,0.14090775,0.03237447,0.035656672,0.013927558,,0.015361686,0.10083068,0.108915344,0.16306992,0.011420975,0.2681915,0.02363222,0.08536198,
838,0.09358686,0.013531061,0.06551723,,0.012322552,0.33679852,0.23123759,,0.03414204,0.1012363,0.075975046,,,0.030202674
839,0.1866483,0.015467932,0.036708202,,0.018398253,0.105629295,0.07608181,0.07324384,0.029415684,0.05324306,0.30587345,0.027449934,0.050594028,0.0155473845
840,0.016855774,0.065657824,0.06927686,0.034914486,0.0116641475,0.0876162,0.01790648,0.06283122,,0.2904401,0.05868496,0.079477005,0.201821,
841,,0.048480287,0.047936905,,0.014633847,0.021286273,,0.052088547,0.081551775,0.23197389,0.10771519,0.10818659,0.27659705,
842,0.029098403,0.07557766,0.102673426,,,0.021295328,0.10103877,0.23806906,0.1294806,0.099073164,0.09188767,0.10385878,,
843,0.25837144,,0.034679554,,,0.06666407,0.14677978,0.19435094,0.08771269,0.07389937,0.013294053,,0.10581599,0.012370683
844,0.18359083,,0.015705653,,0.010488416,0.02107734,0.02928868,,0.6416225,,0.057669178,0.018635022,,0.015205853
845,0.04904553,0.03382342,0.15817852,0.01450306,0.02750744,0.13443571,0.107026435,0.19608894,0.06466588,0.09174543,,0.02996607,0.090032496,
846,0.01184699,,,,,,,,0.97711134,,,,,
847,0.25565752,,0.07455442,0.021607066,,0.2441282,0.111368135,0.02849476,0.0862053,0.011291179,0.14694415,,0.011064866,
848,0.14666548,0.07891358,0.020167785,0.010276665,,0.08734653,,,0.027840648,0.43699822,,0.083959736,0.099406235,
849,0.119804375,0.046720173,0.04301473,,,,,0.010093659,0.04725895,0.18264945,0.44492367,0.041177142,0.053224225,
850,0.36237293,,0.078054905,,,0.17045821,0.061048687,0.030988183,0.06940389,,0.17009099,0.025425848,,0.014910333
851,,0.07016561,0.010338837,,0.03542137,0.039370537,0.028477166,0.07920877,,0.3703928,0.0754893,0.10835193,0.16676486,
852,,0.051541768,,0.011565536,0.019763144,0.111106195,,0.040543098,,0.32547942,0.06773204,0.17827758,0.1833278,
853,0.072149575,,0.15368873,,0.07630826,0.22717245,0.17646089,0.16245387,,,,0.027809683,0.09929507,
854,0.1472033,0.019058192,0.15398131,0.01231879,0.014839364,0.35261053,0.10845097,0.14875183,0.014018703,,,,0.012934548,
855,0.06925917,0.020609895,0.04953273,,,0.06638826,0.15963157,0.1666403,0.030255914,0.17998834,0.104659885,0.09603801,0.043110095,
856,0.027462667,0.02220049,0.034595236,,0.041649472,0.11391282,0.038496803,0.060014956,,0.18177687,0.02419907,0.15373021,0.28158,
857,0.01545731,0.025126904,0.06852041,0.1589836,,0.043119423,0.16935529,0.068600014,,0.054286685,,0.19956616,0.17201884,0.015611105
858,0.022778101,0.048625756,0.055823233,,0.03925523,0.032676067,0.039762866,0.12803002,0.04167267,0.20786217,0.13591845,0.2045113,0.034055203,
859,0.06338419,0.036200073,0.04128324,,,,0.010881196,,0.07950104,0.18161301,0.4564756,0.05476757,0.051213752,
860,,,,,,,,,0.86230767,,0.12825298,,,
861,0.022300383,0.07748441,0.03135551,,,0.08382969,0.13978523,,0.012107373,0.25137097,0.09360153,0.080885306,0.20685951,
862,0.030110992,0.052265484,0.11277569,0.01137824,0.011982702,0.14458022,,0.08156941,0.027141334,0.08448464,0.16763659,0.17727512,0.098392494,
863,0.051539067,0.018671494,0.06488186,0.014950837,0.0141322985,0.19234419,0.11056865,0.1583517,0.026267372,0.01668885,0.07975421,0.1377952,0.10754018,
864,0.06425501,,0.13875622,,,0.03995845,0.47544703,0.09224689,,,,,0.17757127,
865,0.05440903,0.018968316,0.061306834,,,0.5915773,0.030258188,0.01919658,0.029985264,0.059761837,0.04838333,0.048793282,,0.025811268
866,0.20442532,0.025577685,0.22451672,,,0.06619877,0.26364174,0.12638326,,,0.027381014,0.015890848,0.041387565,
867,,0.064306766,0.057796597,0.01414151,0.047907367,,0.02639508,0.13413645,,0.309454,0.022389313,0.21636176,0.10315714,
868,,0.060386423,,0.025483686,0.03008717,0.049974192,,0.031730216,,0.39647037,,0.08266316,0.3154289,
869,0.03446168,0.018397544,0.09454939,0.017448248,0.08467609,0.18960632,0.1960204,0.21235451,,,0.04005585,0.08495321,,0.010757852
870,,0.028505286,0.025862437,,,0.031998754,,,,0.38277182,0.027066024,0.084220536,0.39800543,
871,0.22757313,0.011000698,0.057010457,,0.038532984,0.10653081,0.090527214,0.014221044,0.19520928,0.035070613,0.026808573,0.018692004,0.14594972,0.026596041
872,0.011182433,0.07325244,0.07788265,,,0.1891145,0.38763383,0.12911245,,,,,0.12213587,
873,0.08887967,0.025315193,0.037519153,,0.040490843,0.054233313,0.19998236,0.1979051,0.022493888,0.076464705,0.05803883,0.18412818,,0.010848395
874,0.13047041,0.013740688,0.078674935,,0.037393153,0.037206467,0.10518692,0.110777244,0.22548714,0.031918574,0.20304774,0.012751325,,
875,0.046033166,0.025328636,0.06061992,0.049989898,0.022456476,0.03127937,0.10815134,0.21434876,0.059640132,0.03109006,0.16221656,0.1737912,,0.014991546
876,,,,0.013044914,,0.021434128,,0.18354927,0.5274784,0.029847309,0.17312686,,0.03353438,
877,0.020147268,,0.02636371,0.015456595,0.043488465,0.29097006,0.18536025,0.07490705,0.024069324,0.117792755,0.043424603,0.05070224,0.10085483,
878,0.048794102,,0.026924005,0.27467585,0.03173278,0.062963724,0.034960844,0.042148177,0.015976118,0.14026769,0.046352282,0.020749753,0.25234112,
879,0.064948045,0.04565469,0.08098856,,0.032016482,0.06165632,0.020330923,0.038735446,,0.24320161,0.057612497,0.09860851,0.23930457,
880,0.10736803,,0.06644687,,0.028866732,0.12839904,0.3250401,0.06312761,0.06773583,0.07592499,0.053567216,0.033862878,0.039630473,
881,0.02181937,0.023156945,,,,0.07249478,0.53639156,0.1933545,0.026145196,0.032201525,0.04120071,0.047648735,,
882,,0.06597044,0.048768863,,0.029570505,0.015025375,0.02885903,,0.030153926,0.34775808,0.14978307,0.13839474,0.12649086,
883,0.03794963,0.022957912,0.02974521,,0.055204168,0.07323092,0.18138683,0.14378947,0.037311137,0.052424,0.076009996,0.2656922,,0.015786633
884,0.049447075,0.04644869,0.04316053,,,,0.056244306,0.030053515,0.021275468,0.2953669,0.0958382,0.048322637,0.30688682,
885,,0.077069215,0.03622792,0.02240684,0.03169535,,0.02577322,0.13909538,0.012962621,0.3663523,0.072968066,0.20909368,,
886,0.03913218,,0.16602656,,0.03700491,0.042721074,0.31145635,0.16124685,,0.016903022,0.022039311,0.069266036,0.11227142,0.021451518
887,0.025184022,0.023355383,0.035092797,,,0.029330868,,0.018834595,0.29706368,0.17423211,0.057442427,0.033332385,0.29810908,
888,0.059084456,0.014085889,0.042300075,,0.05301462,0.18783066,0.24685226,0.22221905,0.04803084,0.013130871,,,0.098442644,0.011117116
889,,0.026023798,0.2775959,,,0.08756953,0.21043965,0.30565026,,,,0.01374994,0.060802504,
890,0.2940712,0.011245856,0.038001627,0.024671966,,,,,0.52450365,0.019629711,,0.027698826,0.02855166,0.025491554
891,0.17645349,0.011239934,0.018814137,0.01040439,0.040149104,0.11854474,0.0818459,0.042181373,0.259153,0.030206483,0.103421696,,0.08323437,0.023467928
892,0.28788346,,0.070975974,0.018912394,,0.16470633,0.059351,0.19259942,0.061356362,0.07787283,,0.01977502,0.03194983,0.011124939
893,0.039293606,0.029442666,0.100089885,,0.045335047,0.3395249,0.1913872,0.08446312,,0.027206814,,0.035354033,0.09611729,0.011386353
894,0.08879724,,0.03826113,0.010443113,,0.5040426,0.10168748,0.013704301,0.015478777,0.079782344,0.11655357,0.021956105,,
895,0.05240095,0.06326259,0.06234079,,,0.054043736,0.011414855,0.1485892,0.04964393,0.15467109,0.14479497,0.15235454,0.08714732,
896,0.19309044,,,,,0.13467827,,,0.6292851,,,,,0.024731705
897,0.06630442,0.031131685,0.04766581,,0.03659764,0.019199532,0.029669536,0.06253759,0.012319296,0.19485351,0.117812365,0.08131278,0.3005173,
898,0.029896552,0.01294993,0.050129518,,,0.37593424,0.12058042,0.017573295,0.10870308,0.046698987,0.0910314,0.033415295,0.08341226,0.02108988
899,0.05042891,0.0534906,0.04405076,,,0.14349674,0.15500903,0.08213321,0.027985426,0.11542071,0.22808932,0.08739655,,
900,0.06805397,0.011340909,0.023055227,0.013258678,0.0119422255,0.18600811,0.2597822,0.17551258,0.035434484,0.085070245,0.09438125,0.031972863,,
901,0.28928998,0.016520198,0.08735337,0.01988157,0.033029642,,0.22714393,0.09924388,0.1540029,,,0.04846304,0.011958516,
902,0.124886304,0.022982087,0.060310483,,0.02287894,0.21017496,0.17943968,0.12327238,0.043947846,0.026732305,0.033124283,0.12162258,,0.021503922
903,0.015932018,0.04098614,0.028563652,,0.012249296,0.05451535,0.014730648,0.09110742,0.020221708,0.24615611,0.10818073,0.2704954,0.08676742,
904,0.03252344,0.020800536,0.061283816,,0.025350995,0.12764561,0.14527202,0.21160594,0.022199854,0.025887279,0.16301465,0.07533967,0.082704194,
905,,0.07568995,0.05769736,0.037859462,,0.04470506,,0.038423233,0.06019852,0.2582437,0.1381802,0.21668275,0.05857792,
906,0.16335292,0.048189778,0.048310265,,0.015939148,0.037126,,,0.16309784,0.17341584,0.020314988,0.08068946,0.2358558,
907,0.09906594,0.0651732,0.038603388,,,0.03466663,,0.028906662,0.034288548,0.23554152,0.21520288,0.14613889,0.07832252,
908,0.08429933,0.028544338,0.11332128,,,0.02001988,0.06873546,0.0453153,,0.3416173,0.15110065,0.13359097,,
909,,,,,,,0.057741374,,0.72004795,,0.20480281,,,
910,,,0.07607541,,0.010404853,0.16154942,0.3440205,0.18054882,,0.019196779,,0.14892647,0.055461083,
911,0.04854447,0.015241578,0.106920056,,0.029096294,0.1907715,0.18006973,0.19086343,,0.10435557,0.04178601,0.029614111,0.0381184,0.024402803
912,0.02808506,0.066666774,0.049323488,,,0.0111439545,,0.09055953,0.13123773,0.21547964,0.25305757,0.12727289,,
913,,0.08265618,0.08354084,,0.05416395,0.04465601,0.028378507,0.042498194,,0.4496452,0.016351702,0.09090868,0.09524388,
914,0.014020102,0.053047623,0.041324988,0.014344006,0.018360564,0.020246988,0.010067676,0.05046171,0.048971962,0.25421247,0.17940296,0.20627972,0.089233816,
915,0.018911209,0.04614544,0.054910947,,0.016564745,0.020396402,0.025666872,0.03921223,0.04753243,0.21859603,0.13218975,0.25314972,0.122616515,
916,,0.04093326,0.03219076,,,0.015346777,,,0.40146288,0.10699608,0.28112754,0.03962626,0.06350382,
917,0.09895961,0.027663577,0.09674497,,,0.08993347,0.3237088,0.18691993,,0.03854705,0.029990923,0.01697129,0.08009706,
918,0.06774188,0.13574503,0.1417601,,0.061928514,0.09138917,0.24610908,0.16306998,,,,,0.08983516,
919,0.05379885,0.033033874,0.15482588,,,0.10895033,0.16255975,0.26156422,0.016949123,0.05127333,0.029308902,,0.11966673,
920,0.117383726,0.058015645,0.06272816,,,0.17194012,0.18547729,0.098220915,,0.06690856,,0.03895385,0.19950125,
921,0.038374994,0.050340023,0.13220382,,,0.10104705,0.24794964,0.2928144,0.015760565,,0.032682177,,0.07929679,
922,0.3022822,0.06900291,0.1259203,,,0.23348123,0.20818953,0.025702797,0.024275692,,,,,
923,0.07160957,0.036899112,0.11099913,,,,0.029032793,0.04612485,,0.3351586,0.11029722,0.027065903,0.22213522,
924,0.2343388,0.14469194,0.040610403,,,0.14156763,0.21599801,0.08542263,0.01926112,,,,0.10071134,
925,0.21048193,0.041542318,0.07706218,,0.036330946,0.17029591,0.2048488,0.22263002,0.03008029,,,,,
926,0.087757714,0.042648867,0.146717,,0.025992977,0.091481976,0.17761922,0.24922386,,0.020909315,,0.05407617,0.09045469,
927,0.051229782,,,,,,,,0.93428975,,,,,0.012738379
928,0.020923102,,0.12662436,,,0.08504211,0.2554106,0.19698724,0.14752619,0.034989092,0.053484157,,0.07110711,
929,0.25878167,,,,,0.057863757,0.35931504,0.17858553,0.044121113,0.029590443,,,0.055096045,0.013458402
930,,,0.029851185,0.014063556,0.030341225,0.21069188,0.23671809,0.079341315,,0.059692115,,0.1932456,0.14488167,
931,,0.015946975,0.039781604,,0.01981103,0.13406706,0.15290509,0.06539054,0.41835153,,0.13177562,,0.010790689,
932,0.059108373,,0.046583183,0.013025866,0.046980694,0.42082107,0.18199009,0.12462052,,,,,0.059979405,0.034935895
933,,,,,,,0.013287799,,0.7237059,,0.25569984,,,
