mutation_type,0,1,2,3,4
A[C>A]A,0.008860582485795021,0.00617113197222352,0.022225094959139824,0.0209977887570858,0.025202656164765358
A[C>A]C,0.004605138208717108,0.005749581381678581,0.0035813346039503813,0.007924587465822697,0.012634649872779846
A[C>A]G,0.0010635979706421494,0.0009007693151943386,0.003157738596200943,0.002030610339716077,0.00282830442301929
A[C>A]T,0.004739558789879084,0.006414349190890789,0.009634746238589287,0.00765895564109087,0.01408639270812273
A[C>G]A,0.004157559480518103,0.003964084200561047,0.016187656670808792,0.00986887514591217,0.010805966332554817
A[C>G]C,0.0022379648871719837,0.0017408702988177538,0.003915307577699423,0.003529749810695648,0.0073022386059165
A[C>G]G,0.0006419484852813184,0.00027647847309708595,0.002684157807379961,0.0016400020103901625,0.002110457746312022
A[C>G]T,0.003032662672922015,0.0035046760458499193,0.008066991344094276,0.007672895211726427,0.011681338772177696
A[C>T]A,0.0038833413273096085,0.025407850742340088,0.02860068343579769,0.013315446674823761,0.021195247769355774
A[C>T]C,0.0025306192692369223,0.01084827445447445,0.013330412097275257,0.009413049556314945,0.012790772132575512
A[C>T]G,0.002639274811372161,0.08866163343191147,0.014348335564136505,0.009650182910263538,0.01965779811143875
A[C>T]T,0.003221700666472316,0.015300622209906578,0.014777112752199173,0.008935387246310711,0.017706336453557014
A[T>A]A,0.06380974501371384,0.01588982157409191,0.005570918321609497,0.002682300051674247,0.01005155686289072
A[T>A]C,0.008539455011487007,0.01028553768992424,0.00436982000246644,0.0024833353236317635,0.005188127513974905
A[T>A]G,0.0475674644112587,0.0033337802160531282,0.0069518983364105225,0.00609362730756402,0.008518582209944725
A[T>A]T,0.01602698676288128,0.01655489392578602,0.006060900166630745,0.0047852881252765656,0.012161091901361942
A[T>C]A,0.026407785713672638,0.02684643864631653,0.03572768345475197,0.043979473412036896,0.01924462802708149
A[T>C]C,0.0013216991210356355,0.006590321194380522,0.007814686745405197,0.02998093143105507,0.006406914908438921
A[T>C]G,0.007068707142025232,0.01649436540901661,0.01285963412374258,0.03633799031376839,0.014540943317115307
A[T>C]T,0.003638740163296461,0.01496992539614439,0.015507838688790798,0.030237136408686638,0.017996177077293396
A[T>G]A,0.005404293537139893,0.0019796958658844233,0.0073644197545945644,0.004141876474022865,0.005943348165601492
A[T>G]C,0.0010077316546812654,0.0013143053511157632,0.0025910655967891216,0.002466189907863736,0.0051563275046646595
A[T>G]G,0.0033905524760484695,0.0023135016672313213,0.0034924661740660667,0.003088931553065777,0.006460436619818211
A[T>G]T,0.0023122706916183233,0.0036555230617523193,0.00716801593080163,0.0061650024726986885,0.012699561193585396
C[C>A]A,0.00800594873726368,0.006770056206732988,0.009933819994330406,0.025372715666890144,0.017521891742944717
C[C>A]C,0.00695702712982893,0.01378358993679285,0.004988853819668293,0.013518907129764557,0.013117430731654167
C[C>A]G,0.0009215607424266636,0.002391032874584198,0.0015403194120153785,0.0017023652326315641,0.002627259586006403
C[C>A]T,0.005426591262221336,0.025876304134726524,0.008584249764680862,0.013095487840473652,0.015187288634479046
C[C>G]A,0.002391501097008586,0.001491885050199926,0.0026409400161355734,0.006833148654550314,0.006358982529491186
C[C>G]C,0.0024595437571406364,0.0014039537636563182,0.0033429968170821667,0.0060273767448961735,0.007332360837608576
C[C>G]G,0.00037834406248293817,0.0007678802940063179,0.0016593928448855877,0.0010507628321647644,0.0016085682436823845
C[C>G]T,0.002936227945610881,0.0017557694809511304,0.0049083116464316845,0.008671925403177738,0.010539070703089237
C[C>T]A,0.0048341634683310986,0.009160122834146023,0.01374900620430708,0.01671065203845501,0.018677737563848495
C[C>T]C,0.0049678185023367405,0.010918556712567806,0.008991489186882973,0.014279005117714405,0.01707553304731846
C[C>T]G,0.002603110857307911,0.04597092792391777,0.005092065315693617,0.0073919761925935745,0.01224901806563139
C[C>T]T,0.005627529229968786,0.016603542491793633,0.02682734839618206,0.015509500168263912,0.02210385724902153
C[T>A]A,0.10992004722356796,0.002573510631918907,0.0064341239631175995,0.004287644289433956,0.006175847724080086
C[T>A]C,0.03861251473426819,0.004237207118421793,0.0053153070621192455,0.008107602596282959,0.008188394829630852
C[T>A]G,0.11582831293344498,0.0032402859069406986,0.0037257103249430656,0.0083180982619524,0.008981472812592983
C[T>A]T,0.04457549750804901,0.0036265042144805193,0.00864851102232933,0.0063229212537407875,0.010084608569741249
C[T>C]A,0.0063466839492321014,0.017303146421909332,0.010652194730937481,0.012493663467466831,0.010762323625385761
C[T>C]C,0.002004422480240464,0.008637269958853722,0.003907713573426008,0.018128618597984314,0.008461941964924335
C[T>C]G,0.002807173877954483,0.017839202657341957,0.007995770312845707,0.012065994553267956,0.010258209891617298
C[T>C]T,0.0025360172148793936,0.013785145245492458,0.02216804400086403,0.019983796402812004,0.010861040093004704
C[T>G]A,0.004187002778053284,0.0011634472757577896,0.0010059768101200461,0.0021462824661284685,0.002900413004681468
C[T>G]C,0.001609815750271082,0.0022214530035853386,0.0014803888043388724,0.003127601696178317,0.0042071049101650715
C[T>G]G,0.0052664997056126595,0.0024286925327032804,0.0023797336034476757,0.0038641304709017277,0.004806531127542257
C[T>G]T,0.00194195203948766,0.0032747932709753513,0.00505460612475872,0.006722923368215561,0.008055961690843105
G[C>A]A,0.003490930190309882,0.003068832913413644,0.004908889066427946,0.0115198390558362,0.012298893183469772
G[C>A]C,0.003294299589470029,0.0034748674370348454,0.0016693444922566414,0.00786426942795515,0.008556822314858437
G[C>A]G,0.000529110839124769,0.0007813062402419746,0.0003097350709140301,0.0018784541171044111,0.0024169848766177893
G[C>A]T,0.003385821357369423,0.004043938592076302,0.0035204950254410505,0.006246298551559448,0.009484966285526752
G[C>G]A,0.0016729298513382673,0.001475631259381771,0.005345428828150034,0.0032935747876763344,0.004433339927345514
G[C>G]C,0.00160639313980937,0.0014050061581656337,0.0021046551410108805,0.0033237833995372057,0.004686476197093725
G[C>G]G,0.00039910661871545017,0.0004722600569948554,0.0016563059762120247,0.00041950473678298295,0.0010563783580437303
G[C>G]T,0.001465235953219235,0.0013748552883043885,0.0020745054353028536,0.0037403993774205446,0.005579577758908272
G[C>T]A,0.0024749215226620436,0.027272121980786324,0.0052261133678257465,0.012457932345569134,0.015316559001803398
G[C>T]C,0.0019652375485748053,0.0325574167072773,0.005875613074749708,0.010282871313393116,0.014056535437703133
G[C>T]G,0.0017289035022258759,0.06612353771924973,0.006027510855346918,0.007431570440530777,0.012663289904594421
G[C>T]T,0.0024626487866044044,0.026742516085505486,0.00709894672036171,0.010561350733041763,0.014564033597707748
G[T>A]A,0.04246705770492554,0.003010083921253681,0.005109648685902357,0.0015932320384308696,0.00450173718854785
G[T>A]C,0.0073279812932014465,0.00410565035417676,0.0007588323787786067,0.004597566090524197,0.003254910232499242
G[T>A]G,0.02084464021027088,0.0026336207520216703,0.0030345090199261904,0.0031924513168632984,0.005068386904895306
G[T>A]T,0.007649166043847799,0.0029174720402806997,0.003960009198635817,0.002428934210911393,0.005407044664025307
G[T>C]A,0.003265888663008809,0.03473162278532982,0.005760489497333765,0.028314603492617607,0.007551428861916065
G[T>C]C,0.0010064824018627405,0.010192684829235077,0.0015636889729648829,0.017260927706956863,0.004302673973143101
G[T>C]G,0.0017923142295330763,0.01744469814002514,0.006360840518027544,0.01818070001900196,0.0060068778693675995
G[T>C]T,0.001720884582027793,0.02280428633093834,0.005349130369722843,0.020040299743413925,0.008102267980575562
G[T>G]A,0.0018812749767675996,0.000859416788443923,0.0014398576458916068,0.0004118374490644783,0.0021923913154751062
G[T>G]C,0.0004276283143553883,0.0006042512250132859,0.0004897794569842517,0.0010479638585820794,0.0016701036365702748
G[T>G]G,0.0015025197062641382,0.0011009377194568515,0.001907711150124669,0.0008702805498614907,0.0036327061243355274
G[T>G]T,0.0008509049657732248,0.0025737241376191378,0.0031442141626030207,0.0016152281314134598,0.0036757721100002527
T[C>A]A,0.00625787815079093,0.005204631015658379,0.015362600795924664,0.016971668228507042,0.022574501112103462
T[C>A]C,0.0066543095745146275,0.006056922022253275,0.00373096507973969,0.013414312154054642,0.018135592341423035
T[C>A]G,0.0006415097741410136,0.0009541119798086584,0.0005873406771570444,0.0018814592622220516,0.0029646384064108133
T[C>A]T,0.0067167747765779495,0.012656515464186668,0.008824806660413742,0.0121655547991395,0.023896733298897743
T[C>G]A,0.004176059737801552,0.002809620462357998,0.0038581090047955513,0.008163035847246647,0.012016752734780312
T[C>G]C,0.004034887533634901,0.0026902153622359037,0.006732860114425421,0.007795396726578474,0.012031235732138157
T[C>G]G,0.0005547753535211086,0.000408976775361225,0.0011359788477420807,0.0013477792963385582,0.0015950074885040522
T[C>G]T,0.005498229060322046,0.004370412789285183,0.01759946532547474,0.013183518312871456,0.021564384922385216
T[C>T]A,0.005768492817878723,0.01204857137054205,0.009830255061388016,0.019886022433638573,0.031200764700770378
T[C>T]C,0.00595793966203928,0.012959225103259087,0.019214166328310966,0.016935737803578377,0.023706166073679924
T[C>T]G,0.0012097429716959596,0.032429877668619156,0.004569533746689558,0.005494344513863325,0.010112924501299858
T[C>T]T,0.004365816246718168,0.015449765138328075,0.030914392322301865,0.015570352785289288,0.025375425815582275
T[T>A]A,0.08323024958372116,0.007988319732248783,0.006885114125907421,0.0052860695868730545,0.010477239266037941
T[T>A]C,0.01793741062283516,0.004102339502424002,0.005649642553180456,0.010541961528360844,0.008363373577594757
T[T>A]G,0.05628650262951851,0.0023725845385342836,0.004933713935315609,0.0053793638944625854,0.006716004107147455
T[T>A]T,0.032035425305366516,0.007471383083611727,0.02696414850652218,0.008851038292050362,0.01807042770087719
T[T>C]A,0.009740428067743778,0.033054206520318985,0.007544478867202997,0.045243263244628906,0.010330509394407272
T[T>C]C,0.0016809648368507624,0.01160366553813219,0.02292797341942787,0.026079485192894936,0.0065391212701797485
T[T>C]G,0.0026077693328261375,0.01340310275554657,0.0033553296234458685,0.020878812298178673,0.005714573431760073
T[T>C]T,0.002903368091210723,0.02529398538172245,0.17080174386501312,0.03163979947566986,0.009336689487099648
T[T>G]A,0.005318114068359137,0.0012441948056221008,0.0056683095172047615,0.0038337723817676306,0.006599522195756435
T[T>G]C,0.0016195765929296613,0.001633763313293457,0.005388916935771704,0.005509315989911556,0.007909388281404972
T[T>G]G,0.004710692446678877,0.0017733527347445488,0.00571906054392457,0.004559381399303675,0.0068088434636592865
T[T>G]T,0.003626121673732996,0.0038568489253520966,0.10008905827999115,0.010002002120018005,0.016967346891760826
support_presence,0.4690265486725664,0.5575221238938053,0.42035398230088494,0.5663716814159292,0.9734513274336283
support_probability,0.046186966178691495,0.06535058738911047,0.034112356405342575,0.07546851909266108,0.7753456588340016
