mutation_type,0,1,2
A[A>C]A,0.0052883552853017594,0.005144381233804473,0.0814462229609489
A[A>C]C,0.005107323825359304,0.0022719488479989026,0.001967987511307
A[A>C]G,0.005103135248646091,0.004594456362198283,0.0081557687371969
A[A>C]T,0.005033640447072636,0.005334966577332913,0.005954997614026
A[A>G]A,0.005252342135645395,0.01224939008311345,0.0854343995451927
A[A>G]C,0.005112029518932055,0.008705470532588874,0.0122183011844754
A[A>G]G,0.005053806630894485,0.011352305171869519,0.0042470009066164
A[A>G]T,0.0050619887653737695,0.011901840241866376,0.0040278271771967
A[A>T]A,0.005249637668020975,0.004406036539894178,0.0755801349878311
A[A>T]C,0.005184864578768564,0.001660600697381916,0.001314514898695
A[A>T]G,0.0050960842985659305,0.003127333360010077,0.0030001732520759
A[A>T]T,0.0050933542428537645,0.0036582157824722613,0.0023905581329017
A[C>A]A,0.005828481377102385,0.005139340390707951,0.0078834909945726
A[C>A]C,0.005171146127395281,0.003193183627107511,0.0057981749996542
A[C>A]G,0.005018129758536765,0.0014077421325226788,0.0021971277892589
A[C>A]T,0.00505735215265299,0.00691649638502153,0.002967064268887
A[C>G]A,0.005175450374372251,0.001722421435961325,0.0070538106374442
A[C>G]C,0.005045179231092275,0.0008578050767513779,0.0013371354434639
A[C>G]G,0.009892872115597067,0.0004112633895631065,0.0014389952411875
A[C>G]T,0.0050436494639142845,0.001942582099337617,0.0013466879026964
A[C>T]A,0.00510664628818626,0.040555324638511865,0.0026085388381034
A[C>T]C,0.00527251383755351,0.016881310441084835,0.0032606578897684
A[C>T]G,0.005328718433156559,0.00925530106827925,0.006173494271934
A[C>T]T,0.005218235892243635,0.034948248418762096,0.0035756879951804
A[G>A]A,0.005043087061494539,0.009955939643580729,0.0030790492892265
A[G>A]C,0.0053019308950751545,0.005872593456343404,0.0077411634847521
A[G>A]G,0.005117989587597504,0.007178477707579653,0.0024810377508401
A[G>A]T,0.005316118663176846,0.008413318750512534,0.0027789764571934
A[G>C]A,0.00509040767792607,0.004320920479220103,0.0045352848246693
A[G>C]C,0.005030918703414445,0.0010148892410883706,0.0041298610158264
A[G>C]G,0.00504119223915036,0.001381654693379977,0.0019450837280601
A[G>C]T,0.005134543078020165,0.002141075382538993,0.002294986275956
A[G>T]A,0.005337427277117916,0.011556660809605298,0.0042484384030103
A[G>T]C,0.005090980255044945,0.007401430446721267,0.0021405389998108
A[G>T]G,0.005114562949165645,0.007423258598176132,0.003173530800268
A[G>T]T,0.005232610763050561,0.013350576255342852,0.0032400977797806
A[T>A]A,0.005000853026285709,0.0014649044669593346,0.0014123042346909
A[T>A]C,0.005013970076106441,0.0014134752966133404,0.0028058486059308
A[T>A]G,0.005139573593623894,0.0034875455050700434,0.0078033963218331
A[T>A]T,0.005476780002936667,0.0028194427467381276,0.0014952786732465
A[T>C]A,0.005147863691672646,0.010750819641256503,0.0047750733792781
A[T>C]C,0.005009933211840645,0.008516740967109393,0.0029237149283289
A[T>C]G,0.0053330848691984555,0.012592678098448074,0.0033088156487792
A[T>C]T,0.005056270258501111,0.013212969292315385,0.009498193860054
A[T>G]A,0.005862088268622706,0.0008497291375802762,0.0042247241362929
A[T>G]C,0.005087771802209264,0.002376217339093943,0.0018612487474456
A[T>G]G,0.005192186427302601,0.002333712635695024,0.0067445775493979
A[T>G]T,0.005053477338515184,0.0039071068396655615,0.0019397913711145
C[A>C]A,0.005072114267386444,0.0026746663673952926,0.0030499743297696
C[A>C]C,0.0049388885730877055,0.0015180835919375195,0.0028570122085511
C[A>C]G,0.005029152496717814,0.0025611394929884977,0.0056280889548361
C[A>C]T,0.005169987655244726,0.0026918384576461126,0.0016423044726252
C[A>G]A,0.005048445984721135,0.008059760501212194,0.0088168215006589
C[A>G]C,0.005045057809911621,0.0061866431469338205,0.0045711649581789
C[A>G]G,0.005087178340181665,0.007105804483567069,0.0027513871900737
C[A>G]T,0.005033901473507246,0.007879901143486948,0.0079057244583964
C[A>T]A,0.00506354228127744,0.006761686571013006,0.0034503987990319
C[A>T]C,0.005187324783764725,0.0023058236021362625,0.0025260169059038
C[A>T]G,0.005076918355189216,0.004544458152760064,0.003174559213221
C[A>T]T,0.005074013606645116,0.004145292920443436,0.0038457664195448
C[C>A]A,0.005115508637390969,0.003571455572737492,0.0063864248804748
C[C>A]C,0.0051041070837527045,0.001100174899294676,0.0064485762268304
C[C>A]G,0.004964285297319241,0.0009326513116065951,0.0044286879710853
C[C>A]T,0.005141859431751025,0.004636456488826053,0.0051928223110735
C[C>G]A,0.00503530683927233,0.0011810518178678713,0.0018588381353765
C[C>G]C,0.008712279633618841,0.0004201757427184756,0.0056138834916055
C[C>G]G,0.004906593728810504,0.0002107024602366864,0.0013306612381711
C[C>G]T,0.005040614167228294,0.0012942785082768141,0.0019093374721705
C[C>T]A,0.005553072458133055,0.01469152758750561,0.0024013465736061
C[C>T]C,0.005054961820132976,0.00530975900748792,0.0026143691502511
C[C>T]G,0.005063789570704051,0.0040401546872850065,0.002785462886095
C[C>T]T,0.005062856664881065,0.014821891580306406,0.0037344233132898
C[G>A]A,0.005044025345705385,0.002070175682493059,0.0071099181659519
C[G>A]C,0.005393055430613405,0.003052223653305092,0.0041637476533651
C[G>A]G,0.00501506654545659,0.0024643849588939877,0.0020311446860432
C[G>A]T,0.00513978733215476,0.0044833900875925065,0.0042501892894506
C[G>C]A,0.005158399348147167,0.0009568955608832578,0.0017387588741257
C[G>C]C,0.0049872099421917945,0.0005097266099538502,0.0013533567544072
C[G>C]G,0.0050290138227864645,0.00027553584452480863,0.0014523322461172
C[G>C]T,0.005080561083741444,0.000924070949312024,0.0015746426070109
C[G>T]A,0.00509106216486538,0.0024681574012782466,0.0029297473374754
C[G>T]C,0.005376396072097071,0.0028751451119595445,0.0033715683966875
C[G>T]G,0.005324569134972935,0.002287540867146469,0.0031816309783607
C[G>T]T,0.005403767107054544,0.004982526930914357,0.0040556485764682
C[T>A]A,0.005083230882883025,0.0027948807805239667,0.0024474312085658
C[T>A]C,0.004975055716931786,0.0019303791995544603,0.0046035544946789
C[T>A]G,0.005021914816461446,0.005154832637864197,0.0021150552202016
C[T>A]T,0.005163898970931719,0.003318220249644136,0.0034209315199404
C[T>C]A,0.005074628489091941,0.007825480491192588,0.0026531361509114
C[T>C]C,0.005044363928027406,0.00422917909798503,0.0027757750358432
C[T>C]G,0.0050765715539454834,0.007152493023862408,0.0064363973215222
C[T>C]T,0.00505421657580878,0.009221930328385275,0.0067669465206563
C[T>G]A,0.005109133501537094,0.0012311470137365502,0.0029147781897336
C[T>G]C,0.00499599887989457,0.002624183989860623,0.0039593032561242
C[T>G]G,0.005199723597615894,0.0029532587341102984,0.0100462595000863
C[T>G]T,0.00506357634440059,0.004658113943871372,0.0020121550187468
G[A>C]A,0.00499230995774264,0.004443195678766957,0.0017083856509998
G[A>C]C,0.00502556085120882,0.001794518312466029,0.0033942412119358
G[A>C]G,0.005081001971848251,0.0025341761247824595,0.0021358320955187
G[A>C]T,0.005046037980355275,0.003694992399871496,0.0023886254057288
G[A>G]A,0.005306496541015756,0.006492703697424179,0.0038090248126536
G[A>G]C,0.005829939059913114,0.004141184144135408,0.0075960983522236
G[A>G]G,0.005045622587203935,0.00458332232422969,0.0097574880346655
G[A>G]T,0.005681706452742174,0.007929473876368349,0.0061993016861379
G[A>T]A,0.004992834571748909,0.002649695364045197,0.0028980213683098
G[A>T]C,0.005097976629622225,0.001040865478194767,0.0014471362810581
G[A>T]G,0.0069087970303371,0.0018389680034414733,0.0056106098927557
G[A>T]T,0.00503256439696993,0.0019916842894620855,0.0016851667314767
G[C>A]A,0.005084145255386774,0.00204153827892976,0.0019690927583724
G[C>A]C,0.005159451137296811,0.001086799830215749,0.0014500173274427
G[C>A]G,0.00506486920639868,0.0005957084733540277,0.0036382430698722
G[C>A]T,0.00499586570076639,0.0033093333390590285,0.0024648120161145
G[C>G]A,0.005226425593718831,0.000720713122547481,0.0013820526655763
G[C>G]C,0.004944921773858325,0.0003937425728678845,0.0011726125376299
G[C>G]G,0.004892025166191114,0.0001863106339324022,0.0013484737137332
G[C>G]T,0.0049716837704181106,0.0013245941160561472,0.001458917511627
G[C>T]A,0.0053689539898186395,0.013174249628784053,0.0031419822480529
G[C>T]C,0.005094133294187445,0.006785921270321175,0.0028767979238182
G[C>T]G,0.00506726924795652,0.004314227911219453,0.0091616557911038
G[C>T]T,0.005120038683526171,0.022528187950239347,0.0030818055383861
G[G>A]A,0.00514065253082658,0.004250724792268402,0.0156383272260427
G[G>A]C,0.005006578960455905,0.003395650841193977,0.0023548821918666
G[G>A]G,0.005273418384604106,0.0024710909043954427,0.0042765666730701
G[G>A]T,0.0051001635845750095,0.005261506731022658,0.0061648590490221
G[G>C]A,0.0051516470266505555,0.0011670482225318544,0.0099226338788867
G[G>C]C,0.005088607640936925,0.0005860581795177632,0.0013612057082355
G[G>C]G,0.005107781128026494,0.00035439938953093526,0.0013373579131439
G[G>C]T,0.005235552578233135,0.0012799208972534028,0.0052462383173406
G[G>T]A,0.00510746876243497,0.004034099927374531,0.0042147417552769
G[G>T]C,0.00511249934788788,0.004197451617714821,0.0040113488212227
G[G>T]G,0.0051011084578930855,0.0017023511843580355,0.0018027033656835
G[G>T]T,0.005309621733613256,0.006643527730761957,0.0022954959422349
G[T>A]A,0.00519995116628702,0.0011591720528895764,0.0054971696808934
G[T>A]C,0.005055250204168216,0.0005677624225820163,0.0020266801584511
G[T>A]G,0.005577611294574994,0.0018197069793395018,0.0052726068533957
G[T>A]T,0.0050088815856724495,0.001411243185987074,0.0017062098486348
G[T>C]A,0.00516989191528404,0.0055448959015792975,0.0034105998929589
G[T>C]C,0.005704728839918909,0.003650223040760307,0.0093224672600626
G[T>C]G,0.00537868777755643,0.0071696370947718835,0.0066882409155368
G[T>C]T,0.00503649006132031,0.008805878888532676,0.0022836567368358
G[T>G]A,0.005078746797516885,0.000826294751954208,0.0024058583658188
G[T>G]C,0.0049527773633598745,0.0011309565753810503,0.002902224427089
G[T>G]G,0.00509211015887554,0.0015606640111204266,0.0022660207469016
G[T>G]T,0.00514329965226347,0.0025854113398335646,0.001809304812923
T[A>C]A,0.005701859993860075,0.0016862266929681125,0.0086090108379721
T[A>C]C,0.005114090628921935,0.0012211855716209856,0.0040801391005516
T[A>C]G,0.0078133170260116,0.0010864502295789204,0.0108711710199713
T[A>C]T,0.005128825455903954,0.001670924704716042,0.0013922890648245
T[A>G]A,0.005041552428156085,0.006868051023558905,0.007245582062751
T[A>G]C,0.005047417315654406,0.006964263551477214,0.0067523317411541
T[A>G]G,0.00507643749006088,0.007227103111954043,0.0031015407294034
T[A>G]T,0.005062358872964934,0.011090553384732601,0.003526707412675
T[A>T]A,0.005061328690499015,0.0033311686113255833,0.0071473075076937
T[A>T]C,0.005163453007116856,0.0017610019429300362,0.0037460145540535
T[A>T]G,0.00504573280923064,0.00250409834400691,0.0057997317053377
T[A>T]T,0.005340550793334789,0.003265712723182055,0.0028364551253616
T[C>A]A,0.005016462411731425,0.0033403246700953915,0.0018782108090817
T[C>A]C,0.0050470433896407,0.0016284662086504815,0.0026633746456354
T[C>A]G,0.00526771971490229,0.0009654353033902904,0.0040539219044148
T[C>A]T,0.005080645391717506,0.004851325570708938,0.0026597529649734
T[C>G]A,0.0049626681720837465,0.0016282631060300313,0.0014484882121905
T[C>G]C,0.0049660576740279145,0.0006853852296524568,0.0019208507146686
T[C>G]G,0.00530719689559187,0.00038656464786047387,0.0011994848027825
T[C>G]T,0.00501564110163595,0.0020238688895949752,0.0020075098145753
T[C>T]A,0.005150709650479204,0.025158801799703836,0.0031535504385828
T[C>T]C,0.0050626045092939855,0.01057153128184328,0.0019133968744426
T[C>T]G,0.005133796855807255,0.008059537591349615,0.0024830624461174
T[C>T]T,0.005203321413136976,0.028210053829108118,0.0036686263047158
T[G>A]A,0.005102531635202426,0.007796568143241992,0.0163483675569295
T[G>A]C,0.0050805201055481655,0.007158998785690686,0.0036426133010536
T[G>A]G,0.005047908588312515,0.007952348627001985,0.0018253824673593
T[G>A]T,0.00506073741707946,0.012749742902356939,0.0069995420053601
T[G>C]A,0.0051358146825804946,0.0038614787815237617,0.0038431794382631
T[G>C]C,0.005084173963405129,0.0016713773691091921,0.0017553620273247
T[G>C]G,0.0051312279189004995,0.0018673529439094982,0.0016901162452995
T[G>C]T,0.005008602724410539,0.0034864806240365817,0.0054112002253532
T[G>T]A,0.005411323881708035,0.010368801748141589,0.0034389612264931
T[G>T]C,0.005208448250777979,0.012709893723908053,0.0049147880636155
T[G>T]G,0.005121894460171399,0.00951832000570519,0.002950872760266
T[G>T]T,0.005267494823783569,0.01791954719071835,0.0069088214077055
T[T>A]A,0.005109210382215635,0.0033070757603926837,0.0030321632511913
T[T>A]C,0.005072173592634445,0.002483478316245438,0.0033248632680624
T[T>A]G,0.005068463645875405,0.005882151589297256,0.0023163151927292
T[T>A]T,0.0050163636682554556,0.0036794101391697514,0.0031651058234274
T[T>C]A,0.005070157884620065,0.010383674742987478,0.0078912992030382
T[T>C]C,0.00512295102234925,0.006146853641601149,0.0115575762465596
T[T>C]G,0.005063035176135546,0.00932636088804676,0.0054436707869172
T[T>C]T,0.005149756697937781,0.011065817982549355,0.0031069512479007
T[T>G]A,0.005555465025827246,0.0016854433100188613,0.005633836146444
T[T>G]C,0.005003490555100101,0.0037281911345282415,0.0028529223054647
T[T>G]G,0.005142069794237561,0.0029181997799999225,0.0017492386978119
T[T>G]T,0.005483691580593533,0.004510999501843464,0.0057962560094892
support_presence_sum,2.093023255813952,2010.953488372093,0.1976744186046511
support_probability_sum,0.17269562219464418,717.1477861626203,0.0245327561400657
