mutation_type,0,1,2,3,4,5,6,7,8,9,10,11,12,13,14,15,16,17
A[C>A]A,0.020337891225149514,0.0015234335205604565,0.0103266275,0.0009004093590192,0.0016146511770784,0.011016034829023495,0.0220661032944917,3.73480434063822e-05,0.0204578302800655,0.0020900631789118,0.0069018793292343,0.004981008717411893,0.007753923271807103,0.01217801775783295,0.015215378254651976,0.04312803890720442,0.012260845481562371,0.0047902818769216
A[C>A]C,0.01353120502730614,0.001287265395148967,0.01034659411111111,0.0102914962917566,0.0012886113254353,0.0069891977615465445,0.0071843890473246,3.75794006686192e-05,0.0146672101691365,0.0011555429082363,0.0035380169283598,0.00773031231219364,0.004477785058505593,0.0080814023967832,0.009535019589950188,0.013046757841092382,0.01244305424578345,0.0018165545770898
A[C>A]G,0.001560736081506613,0.00036406381968840003,0.01071353538888889,0.0025505938101559,0.0776085555553436,0.000911540467426251,0.0010853866115212,3.843883678200655e-05,0.0173274539411067,0.0006847364711575,0.0005012475303374,0.0032297638568871386,0.0006658232652794424,0.0010742137965279999,0.0010608602573887514,0.004220743582075463,0.019299365480993782,0.0010119079379364
A[C>A]T,0.01326044240012624,0.002355770542635531,0.010210251722222223,0.0066917729564011,0.0010304924799129,0.005629104097431941,0.0110337361693382,3.741204272955656e-05,0.0060345125384628,0.002487814053893,0.0040687969885766,0.0025634194086700717,0.005303802465778059,0.01006318908184765,0.008406489460159873,0.019249678096350458,0.00522258722276302,0.0017033364856615
A[C>G]A,0.00804977631506074,0.0018701000735745312,0.010351113777777778,0.0085669010877609,0.0012711110757663,0.0030981651496866124,0.0060208225622773,3.724681664607488e-05,0.0094755142927169,0.0012642795918509,0.0053436150774359,0.0022954620344124,0.003317098921572082,0.006252368097193499,0.0041683624860726605,0.003962055952048496,0.010627877494108769,0.0017996267415583
A[C>G]C,0.004616676297487727,0.0006230749313544437,0.010525852666666669,0.005679780151695,0.0011464059352874,0.0016786567131926455,0.0025040339678525,3.825696694548242e-05,0.0105680059641599,0.0020834545139223,0.0020536226220428,0.00351601604836602,0.001622639276953367,0.0023792120628058503,0.0021762050245241263,0.0029561217129144457,0.009593133088792652,0.001542834797874
A[C>G]G,0.0014983462974396751,0.00024288042618532765,0.010593847944444445,0.0003135704901069,0.0620611198246479,0.0006378503620677352,9.071480599232018e-05,3.809443296631798e-05,0.0145739521831274,0.0013203524285927,0.0006099599413573,0.0010218629970280236,0.00039731039015658234,0.00177550205262375,0.0005786834695350153,0.0015521291316296887,0.019612386559705302,0.0015088560758158
A[C>G]T,0.008002770527207484,0.0014884451193210625,0.010420049555555554,0.0192002672702074,0.0010827868245542,0.002339673043967649,0.013073275797069,0.0013805067865177,0.0072226887568831,0.0002735492889769,0.0068182675167918,0.002350677232228531,0.0044515585838596815,0.00484993157442655,0.003796772779120721,0.002954027392286826,0.006965573831711582,0.0003949477395508
A[C>T]A,0.02711450776920916,0.04103006003424521,0.010346454944444444,0.0052605289965868,0.0010890972334891,0.016862241072466862,0.0065075890161097,3.804231528192759e-05,0.0019670072942972,0.0139069342985749,0.0038404033984988,0.01082171780469039,0.007559828653666542,0.01223620167002075,0.02229258320423666,0.009803090012984935,0.004232736977035037,0.0195229593664407
A[C>T]C,0.013766739865912056,0.011771488585509306,0.010475967333333332,0.000779936555773,0.0013406703947111,0.007330690977950448,0.0033171046525239,0.0110602425411343,0.0112495897337794,0.0062319813296198,0.0008498888346366,0.013753804459307689,0.003712987550187516,0.0037273734342306002,0.01218913184453004,0.005517053934454407,0.009286195683921293,0.0091656185686588
A[C>T]G,0.032721114637783225,0.08375191409140821,0.010250726888888888,0.0029756627045571,0.0011154805542901,0.028850230716920475,0.0354620888829231,3.7584912206511945e-05,0.0028823828324675,0.0018611957784742,0.0024904815945774,0.14768000129476383,0.009819919122323889,0.0059328230563551,0.03479734350306287,0.02767936523271009,0.003667319047487971,0.0084383664652705
A[C>T]T,0.022673888094444643,0.00945136719383295,0.01034957188888889,0.0037123509682714,0.0010893628932535,0.012590961451689834,0.0048463675193488,3.789881520788185e-05,0.0017212950624525,0.0047232168726623,0.0031665852293372,0.010633011096576859,0.005704946213012309,0.011428115889430001,0.019056714204553887,0.006860132844100383,0.0049009971197842075,0.0094012767076492
A[T>A]A,0.009500415504820841,0.0022804437176091124,0.010287259555555555,0.037862304598093,0.0010614867787808,0.0035066188918083823,0.0097965002059936,3.752302654902451e-05,9.8752652775147e-06,0.0037793559022247,0.0049110404215753,0.0015849324951605816,0.004422535431306839,0.0048841936513781,0.005626888198700362,0.004497011676468911,0.003095281135367203,0.0048208804801106
A[T>A]C,0.007491690739136976,0.00374141473730555,0.010393793777777778,0.0027495860122144,0.0011025835992768,0.0037700666527690934,0.0041695502586662,3.830497007584199e-05,0.0005374116590246,0.0036030914634466,0.0014509850880131,0.004226779299651903,0.003047387668328832,0.003393666120246,0.005397700219570306,0.0037078098634457345,0.0027490761997248578,0.0030814434867352
A[T>A]G,0.007962080610689894,0.0006385710144058517,0.0103650255,0.0194918643683195,0.0011782703222706,0.0035272503818670857,0.0024159976746886,3.745548747247085e-05,0.0046623046509921,0.0004991145106032,0.0027111393865197,0.0032783405432714207,0.002467224280493383,0.0051377031486481,0.0049047971745797185,0.0030513990959126387,0.007919406704449352,0.0018541605677455
A[T>A]T,0.017827267117159627,0.020931593142449804,0.01000183211111111,0.0017032568575814,0.0009523764019832,0.009674264997353096,0.0152264097705483,3.782634303206578e-05,9.01609382708557e-06,0.007087780162692,0.0065556657500565,0.0015612724534448334,0.009815804714193249,0.01055481517687435,0.013747547584999723,0.01165605028125365,6.175421664868084e-05,0.0054474184289574
A[T>C]A,0.01831763853184875,0.02190342557150865,0.010566796666666666,0.1773831397294998,0.0011469915043562,0.006160931273780794,0.0194957312196493,3.832815491477959e-05,0.0049171410501003,0.0148996105417609,0.0074653225019574,0.005118418183156293,0.00948468088221431,0.0076420705299824,0.009928646963089661,0.009086313692558337,0.016396998950588274,0.0189241878688335
A[T>C]C,0.0069920566701008975,0.009324545739218551,0.010408176166666666,0.0288620050996541,0.0014139155391603,0.0022494830339729304,0.0031216007191687,3.9296217437367886e-05,0.0053566801361739,0.017443224787712,0.0043693161569535,0.0038609920909123074,0.005219307063522766,0.0037829912034794,0.004494933928880379,0.0034397962402127214,0.009649598836958392,0.0169668775051832
A[T>C]G,0.00847919127837188,0.03310089849401261,0.010571591555555555,0.0668991655111312,0.0013309417990967,0.0036537281647136006,0.0049595064483582,3.842412479571067e-05,0.009548271074891,0.016520008444786,0.0066090044565498,0.0058137963901141055,0.005120473046167435,0.006073660333640801,0.0043530499646698174,0.004137733807617772,0.01880014623770987,0.0188447646796703
A[T>C]T,0.016825721602231343,0.005168465635506382,0.010428948166666667,0.1190457716584205,0.0011554594384506,0.0074410960434852305,0.0108296414837241,0.0010094672907143,0.0019581490196287,0.0194796435534954,0.0112453587353229,0.0070950163451239225,0.01035283524706055,0.0112292123958468,0.011381430124553485,0.008081276202467338,0.01241195065189229,0.0219870544970035
A[T>G]A,0.00414026399227664,0.0003025833224085942,0.010278054666666666,0.0059026768431067,0.0019005185458809,0.0015551770430949647,0.018113749101758,3.912638931069523e-05,0.0009535878198221,0.0004183124983683,0.0021047282498329,0.0004550492686259956,0.005036217684884677,0.00236845796462145,0.0014242144946668266,0.001828483603062198,0.001144577907727194,0.0039230063557624
A[T>G]C,0.0016804041759193096,0.0011432567625888125,0.01046678222222222,0.0069214534014463,0.0013418280286714,0.0003924068149116961,0.0011147927725687,4.0095383155858144e-05,0.0020145992748439,0.0163624417036771,0.0004815429565496,0.0012360605519928537,0.0033825122688887856,0.00068369915243235,0.0009431379350846071,0.0006437980010318664,0.0028888518440511254,0.0112871741876006
A[T>G]G,0.004251906259635745,0.00040934868866312487,0.010253864111111111,0.0097651500254869,0.0014623295282945,0.0013129745632357564,0.0027696925681084,3.9615151763428e-05,0.002691940171644,0.010488879866898,0.0025229672901332,0.0011061893402915838,0.003024909668956025,0.00468323181848965,0.0018612241393484903,0.0011598749908430228,0.00511617245520661,0.0089460518211126
A[T>G]T,0.009514627329614098,0.0006337294930744442,0.010180790000000002,0.0001164027271443,0.0010632646735757,0.003834072621224715,0.0092988656833767,3.877688868669793e-05,3.822887083515525e-05,0.0371134132146835,0.0079389438033103,0.001170888243093079,0.039888476102775176,0.0145897935144603,0.01837989531405678,0.0031132988039697263,9.231908721759581e-05,0.0125440545380115
C[C>A]A,0.011541335607506649,0.011293134070001487,0.010366679111111114,0.0066089932806789,0.0017787538236007,0.0071311875629587055,0.0176570583134889,3.751288022613153e-05,0.0438970103859901,0.0011300322366878,0.0046219094656407,0.007589184662373712,0.004872769724534927,0.00768839544616635,0.00827143944075533,0.042884632020586066,0.024255347076487205,0.0014352438738569
C[C>A]C,0.007807848780455398,0.017909487651195325,0.010344653777777778,0.0018397346138954,0.0086594829335808,0.003686946355540831,0.0064752851612865,3.708089934661984e-05,0.033008225262165,0.0013400755124166,0.0044138222001492,0.0056791624582980624,0.0029554215237707153,0.0075670685619115,0.004718879544978086,0.014887857996440886,0.03203385660590393,0.0014505945146083
C[C>A]G,0.0008673409891097021,0.004146578925428862,0.010813749277777777,0.0013412652770057,0.1291226595640182,0.0010599464531487063,0.0016666469164192,3.773142816498876e-05,0.0300411079078912,9.752289042808115e-05,0.0003186851681675,0.006235035408550913,0.00040905748011868585,0.00043968917452725,0.0006444327405511097,0.007520481022177504,0.03270545677191943,0.0003620494971983
C[C>A]T,0.010622869612440055,0.05408836482092733,0.01035706761111111,0.0021047098562121,0.0014226114144548,0.005464308606732713,0.0172561407089233,3.780851693591103e-05,0.0250350218266248,0.002535629319027,0.0050962707027792,0.005093484434619887,0.0047614195681504904,0.00751799345016475,0.005934374031817698,0.03532433010781562,0.009962375449789033,0.0009587159729562
C[C>G]A,0.00462237929369304,0.00011728997185397701,0.010391377555555557,0.0044359522871673,0.0038492770399898,0.0026612154511706627,0.0027223704382777,3.800495687755756e-05,0.014632074162364,0.0026592477224767,0.0043020630255341,0.0017737044112452597,0.001754760578746915,0.00456747936550525,0.0018139970141216792,0.002791277044867829,0.017398348570765325,0.0017597174737602
C[C>G]C,0.0037968868061672456,0.00023706336560276782,0.010418799444444444,0.0047707129269838,0.0019701342098414,0.0010909766915121043,0.0011316534364596,3.784860746236518e-05,0.0190136171877384,0.0027849057223647,0.0019986836705356,0.0019702984714251143,0.001379768154278074,0.0030904694576747,0.0014656281572468597,0.002690284008006954,0.02349415463215183,0.0026821121573448
C[C>G]G,0.000951093095960554,0.0002590930128007544,0.010902931333333333,1.0900236702582332e-05,0.0927773118019104,0.0005369165616578806,1.465127479605144e-05,3.767706584767439e-05,0.0156912561506032,0.0006282505346462,0.0012754665222018,0.002727536259230495,0.00024148601495584693,0.0009798202081583,0.0005277622137024176,0.00119350436714717,0.021859591208636883,0.000821208464913
C[C>G]T,0.006434750364230901,0.00015080755821369582,0.010510470166666668,0.0182136557996273,0.0019380310550332,0.0029177492638018158,0.0045401421375572,0.0004577702202368,0.0222338065505027,0.0023469547741115,0.0057851863093674,0.0031960842219927546,0.0025501746774815,0.0060096799861639,0.002709631214707329,0.0038855410082974055,0.025703267800193358,0.00167557655368
C[C>T]A,0.022947451277385716,0.005672130413586243,0.01048769411111111,0.0067884260788559,0.0012652947334572,0.02092794389517365,0.0053052431903779,3.866333281621337e-05,0.0177739951759576,0.0094011956825852,0.0030845284927636,0.019743961135933085,0.006031217565654309,0.01126984925940625,0.020355531881149382,0.009926091369433176,0.012434679917300214,0.0136667704209685
C[C>T]C,0.021060674879502774,0.008073651813901905,0.010499117055555555,0.0025530003476887,0.0015057717682793,0.011951747986086772,0.003597330302,0.0022947315592318,0.0277645178139209,0.0027917171828448,0.0009042482124641,0.020154219973968573,0.0048815607864377735,0.0037634756881743496,0.021833205893118324,0.007489414573629913,0.013398151284529933,0.0100034261122345
C[C>T]G,0.019685199752006475,0.06521578808315093,0.01042165288888889,0.0099954158067703,0.001519335550256,0.017841652775396368,0.0224801357835531,3.7821657315362245e-05,0.0260815843939781,0.0019061921630054,0.0039466493763029,0.13576662910538415,0.007723724939509606,0.0040479539893567,0.025599585509755496,0.01926016114542585,0.03051137923756694,0.0084765069186687
C[C>T]T,0.024220314222822975,0.00624846894061188,0.010493715944444443,0.0261418409645557,0.0016788482898846,0.015833646693816174,0.0063630691729485,3.8496229535667226e-05,0.0222544465214014,0.0068805711343884,0.0035625405143946,0.018975427357354392,0.006540868814068231,0.00957702472805975,0.02210161702371093,0.009631175553830133,0.020197129334153435,0.0122796092182397
C[T>A]A,0.005156372575565259,0.00018517172804873253,0.010196966944444445,0.0033126876223832,0.0010844374774023,0.0022064531200814536,0.0050651910714805,3.845619357889518e-05,0.0008766301907598,0.0050532980822026,0.001960874069482,0.0006209297290086051,0.00315802445575736,0.00483576068654655,0.002221258560894018,0.0016722107097045503,0.0030528080323884814,0.0039330199360847
C[T>A]C,0.006678880105437396,0.0014893304251017438,0.010459520444444446,0.0137808639556169,0.0012234970927238,0.0033679744148496144,0.0025581065565347,3.805386950261891e-05,0.0070534348487854,0.0105278585106134,0.0043957238085567,0.0036816242014257325,0.01006289735037008,0.00834096968173975,0.007210852203166279,0.0025087229289911675,0.010299316041776934,0.0093241417780518
C[T>A]G,0.00579688224903237,0.00021112391800667544,0.010507531611111114,0.0067974780686199,0.0024208652321249,0.0035631746256418774,0.0018332224572077,3.835495590465143e-05,0.0220359731465578,0.0116894729435443,0.0037841463927179,0.004004387703634508,0.005245513475550442,0.00749410339631135,0.003589569257908561,0.002483822963339995,0.02712286963500077,0.0102884583175182
C[T>A]T,0.013322915665723556,0.00033139955507972645,0.010391271222222224,0.0068915784358978,0.0010182006517425,0.007712020759023572,0.0105751035735011,3.865337566821836e-05,0.0004570027231238,0.0002553779340814,0.0292085576802492,0.003208163823035571,0.030784423779786765,0.03054670989513395,0.026174306559065923,0.003243880888797226,0.004399315889352477,0.0016636939253658
C[T>C]A,0.007320059543560566,0.013712608371861234,0.010473830999999998,0.0027662510983645,0.0013101692311465,0.002964917060766454,0.0131207723170518,3.97468866140116e-05,0.0023592724464833,0.0290900953114032,0.0048356940969824,0.001965999737567909,0.01089622610800716,0.00640547578223045,0.005100114109356744,0.0032952983421957746,0.003148397123432237,0.0310218594968318
C[T>C]C,0.01001986959554017,0.0074039049504790065,0.01042372611111111,0.0013641352998092,0.0018933892715722,0.004017444027067807,0.0051671545952558,0.110679805278778,0.0066511444747447,0.0742792710661888,0.0247212927788496,0.004982338363448429,0.03521968267999722,0.017465213313698748,0.02214589520978427,0.0026779082772851338,0.019191182651006528,0.0883120745420456
C[T>C]G,0.006207819915548772,0.03236054955050346,0.01058294122222222,0.012214507907629,0.0014031748287379,0.0025244679730248077,0.0034471489489078,0.016602674499154,0.009138717316091,0.0732659548521041,0.0142705775797367,0.007720277014180749,0.023387504803139014,0.01201568916440005,0.01180239014017081,0.0033425217301127253,0.010539877513552141,0.0832353234291076
C[T>C]T,0.025786738802000275,0.009628777566831502,0.010434053722222222,0.0172876771539449,0.0013030163245275,0.010946054630864706,0.0208970140665769,0.0022598304785788,0.0013663908466696,0.005733826663345,0.1111150756478309,0.007590476895991264,0.11273650728159577,0.08332672342658035,0.10673904005024165,0.0070705651339855275,0.007032803951708085,0.0387496799230575
C[T>G]A,0.0031050222712143112,0.0005259698184545061,0.01031962472222222,0.0021956178825348,0.0011083955178037,0.000798217660262681,0.0071702017448842,0.081681877374649,0.0005991460056975,0.0074923643842339,0.0010203795973211,0.0005117419364665497,0.0032874454378606192,0.00195871875621375,0.001115283481744332,0.0010776070185810436,0.0007717172631339031,0.0035175918601453
C[T>G]C,0.0025479535159007257,0.005071536754257925,0.0103332355,0.0002682233753148,0.0017267147777602,0.0010643209642408264,0.0034446113277226,3.941623799619265e-05,0.0051905470900237,0.0194716211408376,0.0021674702875316,0.001652660261965317,0.008714683937843864,0.00510132394265375,0.0012778744922898623,0.002012278137312086,0.005840900418994592,0.002789014019072
C[T>G]G,0.004403248846655161,0.005423255875939457,0.010350055944444445,0.0025900080800056,0.0014448503497987,0.002006903824862447,0.0030860677361488,3.988926619058475e-05,0.0079299323260784,0.027238069102168,0.0036640921607613,0.00292043083681608,0.0062932119216665625,0.00684070354327555,0.0015365960926929441,0.0026388008558141155,0.010896841143289494,0.0137951513752341
C[T>G]T,0.029977002584347885,0.0036598377264453505,0.010078712333333332,1.067364246409852e-05,0.0010081082582473,0.011790117018955248,0.0752491354942321,0.0003811930655501,1.3360403499973472e-05,5.777979822596535e-05,0.0622746236622333,0.00809848993147727,0.15907415955546045,0.10277362540364265,0.08472713310685416,0.006671040231594766,4.216626314461618e-05,3.425911927479319e-05
G[C>A]A,0.013755027195126284,0.0032801604829728066,0.010484198555555557,0.003580899676308,0.0016447474481537,0.009968470238627061,0.0339131616055965,3.793473661062308e-05,0.0611814334988594,0.0001208473186125,0.003685193369165,0.01073044693231617,0.006036052111231309,0.0033799343509599003,0.015526803126299915,0.09671021054279712,0.011907149661289912,0.0020870631560683
G[C>A]C,0.00687480820745741,0.0032220824068644564,0.010377813555555554,0.0041818614117801,0.0016549595165997,0.002921164678113097,0.0085662975907325,4.306968548917212e-05,0.0332455746829509,0.0015380796976387,0.0015002220170572,0.007906668163003543,0.0028575179488230275,0.0032805126393213504,0.005440280229474064,0.020530881729107026,0.0219059421266256,0.0021731662563979
G[C>A]G,0.001302570496888981,0.0005351933041878826,0.010782474666666667,3.778723475988954e-05,0.0552289895713329,0.001094005664163884,0.0016894009895622,3.8780035538366064e-05,0.0231299735605716,4.191197513137013e-05,0.0001743776811053,0.0058737591319761254,0.00042927675436740657,0.00025942068168655,0.0013415876302233915,0.007422839624803768,0.021552078848555162,0.0004833475977648
G[C>A]T,0.008773329853795298,0.00859907025005662,0.010443804666666664,0.0031143126543611,0.001226992229931,0.006439126112516059,0.0229481477290391,0.0051245521754026,0.0323695875704288,2.1553965780185536e-05,0.0030855678487569,0.00756875118545004,0.004124720263768485,0.0037525370717048003,0.00696090264116514,0.056709803356652065,0.0066370099788296945,0.0022211677860468
G[C>G]A,0.0031238860627691672,0.00031258668877848125,0.010427412166666667,0.0087259262800216,0.0018582124030217,0.0013194135971119339,0.0018729189177975,3.782234489335679e-05,0.0094658732414245,0.0022113716695457,0.0018087128410115,0.001994661312610577,0.0014118442023387462,0.00267130148131395,0.001389720324368635,0.0018267887609159563,0.01218442321403297,0.0021703781094402
G[C>G]C,0.0030523402680515325,0.0011264122840656812,0.010458544333333332,0.0030579862650483,0.0026309478562325,0.0008966511696190047,0.0043810531497001,3.9335773180937394e-05,0.0131353130564093,0.0017995841335505,0.0015249353600665,0.00310156654647585,0.001748061317108706,0.0017478180816396498,0.0012446580262298042,0.002670386167611596,0.012075404351042462,0.0018715180922299
G[C>G]G,0.000619728362463909,0.00014544916081146115,0.011607434555555556,1.1012761206075083e-05,0.3682413399219513,0.0002627783781584677,6.761606073268922e-06,3.805599408224225e-05,0.0148765025660395,0.0004586866998579,0.0003101557085756,0.0011714132715815167,0.0001551276292879693,0.0004137344130867584,0.00033966557316484074,0.001111972971834579,0.020766235543371783,0.0009907741332426
G[C>G]T,0.004416348980678439,0.0006105298016336376,0.01045863688888889,0.0036023494321852,0.0015955276321619,0.0016536278886928903,0.0033618251327425,3.808915062109008e-05,0.0170534923672676,0.002120281336829,0.0036791213788092,0.0021148417494590782,0.00195499397669007,0.00403194653335955,0.001917888268103964,0.0032278969821858635,0.01931175081797491,0.0023237294517457
G[C>T]A,0.014422900618721817,0.038468389539048034,0.010444723777777777,0.0063402168452739,0.001212339149788,0.010766873904985645,0.0048389178700745,0.0006960998289287,0.0111088017001748,0.0086582442745566,0.0039716074243187,0.014579935818849971,0.004518722836665569,0.0071537934709340004,0.011407472962875705,0.008440555987951487,0.009351813851450374,0.0101568708196282
G[C>T]C,0.011252559598719021,0.04594748839735979,0.010479839333333333,0.0137327080592513,0.0013701474526897,0.007709918423342438,0.0058695799671113,0.0003256681084167,0.0137373358011245,0.0040252013131976,0.0016786698251962,0.02237349123213587,0.0034953248157223193,0.00502065476030105,0.009393386843536609,0.007303989829618757,0.011413464663410623,0.0049506411887705
G[C>T]G,0.0225230992149552,0.09590788977220652,0.010343203833333335,0.0062689962796866,0.0011824865359812,0.02091927022317003,0.0332778915762901,0.0103465439751744,0.0104606552049517,0.0023038801737129,0.0036909561604261,0.149592329077947,0.008967678798985699,0.0045493536163121,0.027409288605364613,0.024123208172728856,0.007273887267209269,0.0086455848067998
G[C>T]T,0.014576653842159098,0.026235659723170053,0.010406143222222221,0.0040093129500746,0.0010512060252949,0.009766491562729532,0.0064675109460949,0.0002470850886311,0.0053535103797912,0.0033771628513932,0.0030917527619749,0.018800780298950333,0.004061755615548688,0.0053853490389883,0.011528445879876961,0.00636113745092771,0.007941280271904579,0.0047005643136799
G[T>A]A,0.0037567727450323967,0.00016544990745611667,0.010315625111111112,0.0004257483815308,0.0013518935302272,0.0013483597216690565,0.0022410976234823,3.758081584237516e-05,0.0024754807818681,0.00202033133246,0.001793866045773,0.0009964448721880626,0.001613130098816409,0.0032406378304585502,0.001803353855696765,0.0015971709909696043,0.004309926936398562,0.0015931987436488
G[T>A]C,0.003293626156727159,0.0020817486874875127,0.010390120888888889,0.0025323135778307,0.0011709234677255,0.0015334966901078817,0.0022645581047981,3.822341386694461e-05,0.0004064470122102,0.0017211161321029,0.0025262355338782,0.002214402658202405,0.0032641270161985346,0.0027687548426911,0.0028038141673378653,0.0012985248029722144,0.002535893052321741,0.0043943719938397
G[T>A]G,0.004317095477261765,0.0011625511870078623,0.010336087444444444,0.0029856662731617,0.001927493722178,0.0016066799245648845,0.0011908606393262,3.7870166124776006e-05,0.0065949270501732,0.0043134638108313,0.0014557627728208,0.0016186415683171053,0.002064313423893093,0.00314254744444035,0.0026018362744555596,0.0016612014895893432,0.009451189770353181,0.00400260835886
G[T>A]T,0.007087003480446252,0.0016979652500594502,0.010161143444444444,1.1091613487224096e-05,0.001034241169691,0.003453546546459531,0.0032241803128272,3.725167698576115e-05,0.0006337381782941,0.0027471492066979,0.0068746861070394,0.0010984754504462378,0.007641664187754603,0.0107376109808683,0.007487405498977723,0.0026356066761749966,0.003109320392748699,0.0016969451680779
G[T>C]A,0.008357716456992148,0.028146231896243937,0.010363071444444443,0.009622149169445,0.0011583809973672,0.0034412415712139657,0.0084072239696979,3.897034912370145e-05,0.0007884375518187,0.0146357426419854,0.0038157065864652,0.004855561460305744,0.005387261800630329,0.00461591605562715,0.004408383680533379,0.004130490765579821,0.0022615936608328317,0.0138697931542992
G[T>C]C,0.005596377952818322,0.011257421341724657,0.010437130111111113,0.0123739996924996,0.0011089452309533,0.0015784246484338163,0.006472292356193,0.0903195366263389,0.0019741326104849,0.0208917781710624,0.0066865500994026,0.008843127402854794,0.009125841459245087,0.0038783540949225,0.006679696121459982,0.0028155218376869654,0.0033286408311730092,0.0227528996765613
G[T>C]G,0.004710064788255662,0.025694529409520276,0.0104704925,0.0063478988595306,0.001557869487442,0.002326104774427686,0.0026272586546838,3.905831545125693e-05,0.00709516601637,0.0247927028685808,0.0048043243587017,0.006215756077859211,0.007033054092810493,0.0047215686645358,0.004410063330497969,0.0032854291528243693,0.011588008288465077,0.0269200596958398
G[T>C]T,0.01116902827490384,0.01327004638733339,0.010331489444444446,0.0137490397319197,0.0010627657175064,0.0045754303760179105,0.0071962629444897,3.807534449151717e-05,0.0002467787708155,0.0154561838135123,0.0157064739614725,0.0056801639357519865,0.013890084479183008,0.01139503531157965,0.01329733722377563,0.005235001823550875,0.0035771113048184617,0.0193761680275201
G[T>G]A,0.002250177468726809,8.45583434738563e-05,0.010441797888888889,0.0002549465862102,0.0014765009982511,0.0010326710093041963,0.0025983927771449,3.95972456317395e-05,0.0033087497577071,0.0038084958214312,0.0008234332781285,0.0007546100333152402,0.0015639658833213183,0.002220626163762,0.0009610572617222611,0.0006528113777000691,0.004476816575153515,0.0041534383781254
G[T>G]C,0.0011772765158601177,0.000590172068768825,0.010490265999999998,1.106742365664104e-05,0.0023422357626259,0.0003347087175079736,0.0017294991994276,0.1289368718862533,0.0064893262460827,0.0090821478515863,0.000730054161977,0.0009476999115442155,0.0027362836102798687,0.00106690078973765,0.0004793225610531347,0.0010301524354925566,0.007618922791077231,0.0049506174400448
G[T>G]G,0.0041846396581839045,0.0005454748979900311,0.01038004588888889,0.0004565653798636,0.0110941752791404,0.0012294273688270823,0.0010648515308275,0.0001558808144181,0.0198858715593814,0.0119431978091597,0.0019511627033352,0.0016849219492234232,0.002720727889754098,0.00341915042372415,0.0016860154347441887,0.0016664635610167291,0.029619516891476166,0.0122558828443288
G[T>G]T,0.009676113190779573,0.002806720218359213,0.010212869111111111,0.0010976992780342,0.0015222849324345,0.0037672932377516774,0.0160129200667142,0.1799777299165725,0.0008214500267058,0.004202508367598,0.0217715501785278,0.0022914542397492513,0.04253678713375832,0.0263953227549791,0.02129692765366695,0.0027160562375255623,0.003992822530770756,0.0040436605922877
T[C>A]A,0.017132974295135977,0.00209504266422295,0.010393338888888888,0.0030798730440437,0.0014943607384338,0.018103793258103105,0.0303764306008815,3.766530426219106e-05,0.0219671744853258,0.0002310260315425,0.0129845030605793,0.007871773861285486,0.006905154057567389,0.0099714137613773,0.013961302071240569,0.06565476335612506,0.006362955494154804,0.0022951352875679
T[C>A]C,0.011895009808275727,0.0031184604304143686,0.010415863944444444,0.0096189361065626,0.0016965609975159,0.00973488867246955,0.0127589851617813,3.7443867768161e-05,0.0375089533627033,0.0005060328403487,0.007888127118349,0.00964995791024817,0.00416465066360163,0.00557331484742455,0.009905460471701245,0.03908570468774992,0.022180300005973142,0.0017062643310055
T[C>A]G,0.0014897082337925888,0.000803657462711225,0.010946733222222223,0.000995724927634,0.0197730641812086,0.00225940323341153,0.0017906114226207,3.814717274508439e-05,0.0257220156490802,5.850733941770159e-06,0.0008513157372362,0.005914070531134101,0.0004578668296823936,0.0002749935520114,0.0016521606578154902,0.009996860528618107,0.02506504057476545,0.0001935647742357
T[C>A]T,0.025377702979112904,0.011296764656435651,0.010326893555555557,8.708593668416142e-05,0.0010651444317772,0.018199204135647903,0.0498982667922973,3.80024648620747e-05,0.0151505079120397,0.0007271355716511,0.0111929783597588,0.009263084665571492,0.010412368482784672,0.0098171937279403,0.020620008374357342,0.1169159509214189,0.001261268243180403,0.001582590281032
T[C>G]A,0.007445225682754105,0.00046836602825802576,0.010303506166666667,0.0146574322134256,0.0012765664141625,0.05603000650883875,0.0101984227076172,0.000294106954243,0.0021219274494796,0.0001208560570375,0.0843239575624466,0.0017963100888863056,0.00394201025989216,0.01882606558501715,0.002906272836197646,0.00363473798471894,0.00525438014683195,4.786294084624387e-05
T[C>G]C,0.006075016847320981,0.00014452569433840877,0.010440436888888885,0.0195299703627824,0.0015568382805213,0.013141311091579497,0.0045379935763776,3.775434379349463e-05,0.0179619826376438,0.002194489352405,0.0214131828397512,0.003502335688028972,0.0025840366839784603,0.00632402487099165,0.00231256934542515,0.0032837553985967725,0.020287486414367523,0.0013108128914609
T[C>G]G,0.0005313990082381245,6.810867405702716e-05,0.010929072222222223,0.0009504869813099,0.0543478392064571,0.0041136347890075005,4.488938793656416e-05,3.802454739343375e-05,0.0126328477635979,0.0003616266185417,0.0046314322389662,0.0016979782035691422,0.00022319278865115685,0.0007808818190824,0.00026899610337391037,0.00096857049710675,0.017262671902861956,0.0004289759381208
T[C>G]T,0.01534447241081722,0.0010817574138854429,0.010337841333333335,0.0573578067123889,0.0012355241924524,0.06177421920584842,0.0231492388993501,0.0007405821233987,0.0081718312576413,0.0012454857351258,0.1055430844426155,0.0040779524988795845,0.008323856506269621,0.025984547100961153,0.0060954550216491404,0.0068486438152937845,0.013122476122742541,0.0010744739556685
T[C>T]A,0.029846604511821483,0.004374729978735513,0.010357932833333333,0.011197536252439,0.0011890530586242,0.1815298439326728,0.0079626692458987,3.816166281467304e-05,0.0016458247555419,0.0264722760766744,0.0898951292037963,0.009538454766134899,0.010400001529571455,0.0990512110292911,0.018565796063436776,0.011917790069299536,0.005136867640279758,0.0264885760843753
T[C>T]C,0.024294157609998337,0.007226911227917245,0.010534430611111112,0.0193507019430398,0.0013503283262252,0.053739416848695855,0.0079454807564616,3.851274595945142e-05,0.0136779388412833,0.018519178032875,0.0174465514719486,0.021606166436577562,0.008036658918447029,0.02775429654866455,0.019250511178850266,0.009036640825797764,0.015605433794575596,0.0219557639211416
T[C>T]G,0.012205040365617328,0.03204332198947662,0.010569744444444445,0.0091500245034694,0.0015739183872938,0.03573318465061935,0.0150310667231678,3.90093591704499e-05,0.0170051269233226,0.0014584488235414,0.0089734755456447,0.08479435744115214,0.005104988050494628,0.0072022010572254,0.015260197603816326,0.014597469811526298,0.019313007454601936,0.0053512505255639
T[C>T]T,0.0334928528559119,0.004481724077777406,0.010426320611111112,0.016602624207735,0.0014145922614261,0.11187658830036644,0.0112738106399774,3.8270682125585154e-05,0.0021109264343976,0.0248458106070756,0.0494918525218963,0.013520550583061928,0.01110963643741929,0.0618560444563627,0.02447140440603505,0.009853960046551464,0.009345104178838224,0.0317286178469657
T[T>A]A,0.015305502713047365,0.013350962821277745,0.00996761,0.0006872378289699,0.0010895903687924,0.0064617649612754464,0.0228389725089073,3.780559927690774e-05,9.094926099351142e-06,0.0016060261987149,0.0043858843855559,0.0015563174046880793,0.00728692798216915,0.0046518347226083,0.01001702055024599,0.010610243659671628,8.872334337623898e-05,0.0034452644176781
T[T>A]C,0.005242901030051217,0.00046620041621276396,0.010358092555555554,0.0010735627729445,0.0011899648234248,0.002348197553274339,0.0029733222909271,0.0303754638880491,0.0024298522621393,0.009328193962574,0.0033387055154889,0.0020265395949178176,0.004207970977231129,0.00464775296859435,0.0031798293995152944,0.0017791886394286716,0.003958705812717408,0.0071686282753944
T[T>A]G,0.00394136513540061,0.00023544549776485793,0.010414284333333334,0.0001121189634432,0.0014735683798789,0.0016236558951065643,0.0031128476839512,3.8615948142251e-05,0.0028025254141539,0.0035692099481821,0.0025349953211843,0.0011851158349201606,0.002397124998810693,0.0041383882053196,0.0018984304155714238,0.0017850509404310289,0.00490309949582875,0.0018289224244654
T[T>A]T,0.014364129882088756,0.013618682802189083,0.010107543777777778,0.0007540441001765,0.00098213320598,0.007158157337957975,0.0156181445345282,3.867829218506813e-05,9.080979907594156e-06,0.0073321796953678,0.0114803584292531,0.0010000684910868418,0.01564723389327687,0.01461983099579805,0.014637793453099776,0.005250242820573112,0.0002448997735485031,0.0076066693291068
T[T>C]A,0.010781095266581404,0.014214199676644005,0.010241682,0.0003350300830788,0.0013007305096834,0.003838948974350484,0.0442008897662162,3.98254778701812e-05,0.000267110299319,0.0010266497265547,0.0112889222800731,0.0011914267200209747,0.01334816147676709,0.0093574542552232,0.005933639926499527,0.00572841123036645,0.00031722797342131486,0.0047522163949906
T[T>C]C,0.008406192117511055,0.01728464465122665,0.010405228388888889,0.0062768314965069,0.0011999221751466,0.0030947734365936916,0.0106177944689989,0.2926804721355438,0.0015387877356261,0.0387474372982978,0.0046925260685384,0.005214676235086249,0.012333048601706404,0.00488765770569435,0.007301821564194795,0.004762681955659893,0.003426310403075315,0.0389725752174854
T[T>C]G,0.004744627117400496,0.017891205148771364,0.010539058833333332,0.0025315880775451,0.0017240933375433,0.001841207312215005,0.0081207593902945,3.967163866036572e-05,0.0050944713875651,0.0243526548147201,0.004771499428898,0.00241254535793855,0.007879402816088394,0.00308563886210315,0.0038362441409844432,0.003271714100157911,0.005340750032438435,0.0282789338380098
T[T>C]T,0.01494066878509893,0.023436202551238197,0.010196406222222221,0.0001466566609451,0.0011349074775353,0.005215865239614162,0.0134444069117307,0.0292043909430503,1.414546659361804e-05,0.0306812636554241,0.0177408996969461,0.0018657567626340107,0.021533311342040725,0.012250183150172199,0.018517142045311578,0.006700407367762758,0.00029223355675471945,0.0375877581536769
T[T>G]A,0.004963086195841615,0.00013149440844982055,0.010109121222222222,0.0081454822793602,0.0012655867030844,0.0014643408045808472,0.0325090698897838,3.888228820869699e-05,0.0003214175230823,0.000646514177788,0.0045822639949619,0.00030209039944806916,0.007794937144456761,0.0026359109906478996,0.0013498561501263178,0.0022854897415526916,0.0005577238687951746,0.0016788863576948
T[T>G]C,0.002717143185763057,0.000713983588866475,0.010467906388888889,0.003977283835411,0.001225667190738,0.0014101156356602928,0.0034303599968552,4.075856850249693e-05,0.0019123635720461,0.0241895075887441,0.0014051792677491,0.0014645921416313202,0.005914216228870203,0.00321725278627125,0.0010863669691994848,0.0008443829711080666,0.0034839381614720547,0.0159370154142379
T[T>G]G,0.005672811429461732,0.0021297030507411814,0.010434811666666667,0.0082488702610135,0.001414755359292,0.0021211117034306563,0.0073580094613134,3.92073234252166e-05,0.0021150198299437,0.014760049059987,0.0033559000585228,0.0010464230297662952,0.00541792875539177,0.0045939278788864,0.002643823321300714,0.0021614080606013413,0.003964440980178387,0.0118699111044406
T[T>G]T,0.018522906547500283,0.008676675766764631,0.010058891944444447,0.0006911605596542,0.0010391083778813,0.008162477333629311,0.023257652297616,3.886706690536812e-05,2.7689075068337843e-05,0.1403451859951019,0.0173688624054193,0.0015445100273102958,0.07622451853276427,0.030623446218669352,0.027179198261971235,0.006350381180120986,0.00030460632742608024,0.0519654601812362
support_presence_sum,21163.484806629836,6.446132596685083,0.0,0.4475138121546961,0.1892265193370165,2261.013812154696,0.2279005524861878,0.2707182320441988,0.7651933701657458,0.3522099447513812,0.292817679558011,69.70856353591161,10661.812154696132,0.5013812154696131,6.218232044198895,25.273480662983424,394.13259668508283,0.4198895027624309
support_probability_sum,4161.285727745919,0.7407788097529113,0.0,0.0384682318123664,0.0053867809680285,344.8119817596771,0.0171926930464433,0.0063439811790845,0.104662078520211,0.0209843980673268,0.0233895739139114,21.138943213784234,1758.2334208646519,0.0505924303887298,0.8182424945725914,2.9506055162756457,63.676653340376525,0.0319338529808086
