mutation_type,0,1,2,3,4,5,6,7,8
A[C>A]A,0.0014987635659053922,0.005709179677069187,0.012631308287382126,0.0024807085283100605,0.03935561701655388,0.011091582477092743,0.03142532706260681,0.018224084749817848,0.013894385658204556
A[C>A]C,0.0008892116602510214,0.003364295233041048,0.001623770804144442,0.0009396537789143622,0.0208042711019516,0.00590237183496356,0.010102588683366776,0.00847649946808815,0.029070314019918442
A[C>A]G,9.237085760105401e-05,0.0011800967622548342,0.0018843107391148806,0.000164399083587341,0.008896078914403915,0.00044556616921909153,0.004497289191931486,0.0014148685149848461,0.04068390280008316
A[C>A]T,0.000983886537142098,0.005015293136239052,0.00961544644087553,0.00043749623000621796,0.02345210127532482,0.0044516827911138535,0.003995275590568781,0.012609976343810558,0.009861443191766739
A[C>G]A,0.0032086181454360485,0.0008061749394983053,5.346355465007946e-05,0.00015098539006430656,0.013885153457522392,0.003430708311498165,0.007479899562895298,0.0073446473106741905,0.01175778266042471
A[C>G]C,0.0010992389870807528,0.0005587738705798984,3.962185655836947e-05,0.0003812733048107475,0.005292405840009451,0.003935405984520912,0.004842350725084543,0.004596448503434658,0.014027731493115425
A[C>G]G,0.00046964536886662245,0.0003829945926554501,2.216055327153299e-05,0.00028435708372853696,0.002816845430061221,0.0010161860845983028,0.0163438618183136,0.0012216235045343637,0.012340511195361614
A[C>G]T,0.002781716175377369,0.0006740886019542813,3.711030512931757e-05,1.3822368600813206e-05,0.00829441100358963,0.0035441324580460787,0.008437080308794975,0.013424433767795563,0.0042228070087730885
A[C>T]A,0.004470639396458864,0.012957734987139702,0.00029749207897111773,0.0016453472198918462,0.019037900492548943,0.018864929676055908,0.005158195737749338,0.01689644157886505,0.014094000682234764
A[C>T]C,0.0012709270231425762,0.004072538577020168,0.001279269577935338,0.0294816717505455,0.0070106335915625095,0.010064301081001759,0.008473572321236134,0.011630728840827942,0.020282631739974022
A[C>T]G,0.0033991450909525156,0.04276502877473831,0.0008198974537663162,0.002489146776497364,0.0027170146349817514,0.11426963657140732,0.01140189915895462,0.010908441618084908,0.007534715812653303
A[C>T]T,0.001670823898166418,0.006352788303047419,0.00046079629100859165,0.010407191701233387,0.010312331840395927,0.011103886179625988,0.0018118632724508643,0.019563205540180206,0.005140805616974831
A[T>A]A,0.0006535176071338356,0.00074764370219782,0.00043870831723324955,0.0015658369520679116,0.010844879783689976,0.0009647425031289458,0.0037116713356226683,0.024777179583907127,0.00033451567287556827
A[T>A]C,0.0004779315204359591,0.002001666696742177,0.0004071243747603148,0.0003873744572047144,0.0024815609212964773,0.003950720187276602,0.006465316750109196,0.013287576846778393,0.0010062481742352247
A[T>A]G,0.000695280556101352,0.0012643130030483007,6.949827366042882e-05,0.00043875270057469606,0.009287740103900433,0.0027508006896823645,0.001077167340554297,0.012542626820504665,0.011153324507176876
A[T>A]T,0.0013175929198041558,0.0034812428057193756,5.879622767679393e-05,0.0022398580331355333,0.004605763591825962,0.00458957115188241,0.001473012613132596,0.03213776275515556,1.622382114874199e-05
A[T>C]A,0.001115433406084776,0.0037453281693160534,0.00017323679639957845,0.00017366289102938026,0.023792792111635208,0.004882654640823603,0.0031770721543580294,0.05186447873711586,0.0035639875568449497
A[T>C]C,0.000620826322119683,0.0013704339507967234,4.190571416984312e-05,1.7393385860486887e-05,0.0029379762709140778,0.005070228595286608,0.016949176788330078,0.008562236092984676,0.001939932582899928
A[T>C]G,0.0010112167801707983,0.0032703070901334286,0.0009006531327031553,0.0011473490158095956,0.014751146547496319,0.003951235208660364,0.015811752527952194,0.015122792683541775,0.015866678208112717
A[T>C]T,0.0013958223862573504,0.004218371585011482,0.0005057286471128464,0.0006852533551864326,0.009204423986375332,0.007958457805216312,0.009327813051640987,0.03351084887981415,0.0025488126557320356
A[T>G]A,0.000326711218804121,0.000827849842607975,2.114989547408186e-05,0.0005532672512345016,0.0025675941724330187,0.0013284333981573582,0.0014574045781046152,0.007344290614128113,8.958842227002606e-05
A[T>G]C,0.00015984759374987334,0.00042840425157919526,2.4609191314084455e-05,0.0005506582092493773,0.0005654089618474245,0.0014942684210836887,0.0007325933547690511,0.002201052848249674,0.0001768372458172962
A[T>G]G,0.0002683460770640522,0.0009221768705174327,0.00014759186888113618,0.002105023944750428,0.0027273381128907204,0.0016793884569779038,0.014207810163497925,0.004644797649234533,2.079664591292385e-05
A[T>G]T,0.0004332849639467895,0.00544192036613822,2.067121931759175e-05,0.00013310567010194063,0.0013303958112373948,0.00396666070446372,0.0018271703738719225,0.0056093232706189156,1.623303433007095e-05
C[C>A]A,0.0017622826853767037,0.004535436164587736,0.2718712389469147,0.0019696438685059547,0.04356306418776512,0.009933225810527802,0.0007269109482876956,0.01300144288688898,0.001919420319609344
C[C>A]C,0.0010938236955553293,0.002059229649603367,0.12544669210910797,0.00020048330770805478,0.03652103617787361,0.0030854102224111557,0.0013314620591700077,0.005633147433400154,0.026689905673265457
C[C>A]G,0.00019900783081538975,0.00029298837762326,0.18940392136573792,7.412212289636955e-05,0.0065184603445231915,0.000300359824905172,0.0005659895250573754,0.001175715820863843,0.01890956237912178
C[C>A]T,0.0015487201744690537,0.0034242505207657814,0.1579630970954895,0.0009436595719307661,0.03243778273463249,0.009058167226612568,0.003787728026509285,0.01054758857935667,0.0023547830060124397
C[C>G]A,0.003529326058924198,0.0004597590595949441,0.000575632497202605,4.8976817197399214e-05,0.010144839994609356,0.001883074059151113,0.004363075830042362,0.00511443056166172,0.01833716221153736
C[C>G]C,0.001021391130052507,0.0004684592131525278,0.0005050211912021041,0.00030258155311457813,0.008232037536799908,0.001359485904686153,0.013253469951450825,0.0036289417184889317,0.01950426585972309
C[C>G]G,0.000542407447937876,0.00021668044792022556,0.0003316840738989413,0.0010278535773977637,0.0036019543185830116,0.002408860716968775,0.016479065641760826,0.0011186718475073576,0.022201279178261757
C[C>G]T,0.0041250004433095455,0.00038601449341513216,0.0008395242621190846,0.0010740699945017695,0.008346298709511757,0.001931654056534171,0.006457495968788862,0.012597480788826942,0.019284721463918686
C[C>T]A,0.008279548026621342,0.01536713819950819,0.0019600046798586845,0.07891804724931717,0.017917953431606293,0.017446374520659447,0.008131301961839199,0.013342970050871372,0.029073216021060944
C[C>T]C,0.0010319818975403905,0.004689363297075033,0.0011377637274563313,0.14637848734855652,0.013902909122407436,0.007625019643455744,0.008678066544234753,0.012435666285455227,0.01793142594397068
C[C>T]G,0.005071280524134636,0.02813425473868847,0.0027784290723502636,0.03514254838228226,0.003394241677597165,0.10059820115566254,0.031354501843452454,0.005695098079741001,0.02447034791111946
C[C>T]T,0.004195579793304205,0.00891008973121643,0.0009166132658720016,0.1012297123670578,0.02124341018497944,0.011249404400587082,0.005130751524120569,0.019311733543872833,0.026261184364557266
C[T>A]A,0.00034543764195404947,0.00028106552781537175,0.0012111217947676778,0.0009274305193684995,0.013220180757343769,0.0003921530151274055,1.951489321072586e-05,0.008993766270577908,0.0023491752799600363
C[T>A]C,0.000439644034486264,0.0018494267715141177,0.0004965916159562767,0.00031191619927994907,0.009076886810362339,0.0013399271992966533,0.00018566750804893672,0.011380561627447605,0.012974091805517673
C[T>A]G,0.0005134293460287154,0.0006654624594375491,0.0007575852214358747,0.0007979127112776041,0.02108330838382244,0.0005114933592267334,0.00018924777396023273,0.007847058586776257,0.04375458136200905
C[T>A]T,0.0005760655039921403,0.003166402457281947,0.0010083528468385339,0.0008426329586654902,0.01161867380142212,0.0010506466496735811,0.004039963707327843,0.015717631205916405,0.010165856219828129
C[T>C]A,0.0005981914582662284,0.0013688261387869716,0.000573740981053561,0.0003614344750531018,0.013891741633415222,0.0029189339838922024,0.007134065963327885,0.010373732075095177,0.0037712734192609787
C[T>C]C,0.0006586694507859647,0.004145102575421333,0.0013832617551088333,0.000496255059260875,0.0038324473425745964,0.004544117487967014,0.05751730129122734,0.007428570184856653,0.0009058676077984273
C[T>C]G,0.000676171388477087,0.0027847702149301767,0.0009502992033958435,0.00021588493837043643,0.009806976653635502,0.00415059644728899,0.020818928256630898,0.004751065745949745,0.02016628161072731
C[T>C]T,0.0007297981646843255,0.007244862150400877,0.001111756544560194,0.0023808337282389402,0.007953238673508167,0.005458403378725052,0.014855895191431046,0.01269765105098486,0.007500179577618837
C[T>G]A,0.00015779693785589188,0.0006215950706973672,3.0037006581551395e-05,0.0002937193203251809,0.0022282004356384277,0.0015487294876948,0.00010344484326196834,0.0027639633044600487,0.000511788297444582
C[T>G]C,0.00024291618319693953,0.002517424523830414,2.142747507605236e-05,0.0004554170882329345,0.0010917169274762273,0.001346800709143281,0.006144397892057896,0.00300530344247818,0.002593043027445674
C[T>G]G,0.00037708578747697175,0.0013970594154670835,0.0005909436149522662,0.001984931994229555,0.0045690713450312614,0.00157430290710181,0.034371331334114075,0.003670511767268181,0.006264648865908384
C[T>G]T,0.0005390850710682571,0.023050926625728607,2.3902171960799024e-05,0.0002842074609361589,0.002362120198085904,0.005888121202588081,0.0031578054185956717,0.004648718982934952,0.0009634961606934667
G[C>A]A,0.0007446539821103215,0.008632178418338299,0.009308687411248684,0.0012416625395417213,0.02740953303873539,0.024199990555644035,0.02245703712105751,0.012129567563533783,0.026566805317997932
G[C>A]C,0.0007894609589129686,0.00211999099701643,0.005467647220939398,0.00020156647951807827,0.019429652020335197,0.004968990106135607,0.0237532090395689,0.005245386157184839,0.033012352883815765
G[C>A]G,6.800215487601236e-05,0.0010868943063542247,0.005193457473069429,5.156049519428052e-05,0.007517603226006031,0.0015112939290702343,0.013505488634109497,0.0010301076108589768,0.052024681121110916
G[C>A]T,0.0007359554874710739,0.004117615986615419,0.012188431806862354,0.0004096888587810099,0.015835581347346306,0.011752287857234478,0.01892908103764057,0.009540966711938381,0.01441536471247673
G[C>G]A,0.001274632290005684,0.0002947369066532701,0.0007920206408016384,2.2916647139936686e-05,0.007368067745119333,0.0013289469061419368,0.013712582178413868,0.0030730071011930704,0.01083941850811243
G[C>G]C,0.0007586174760945141,0.00023172295186668634,0.000150945401401259,1.2958073966728989e-05,0.006247461307793856,0.0011333480942994356,0.029668433591723442,0.0030048431362956762,0.012809396721422672
G[C>G]G,0.0002028793969657272,7.5962207120028324e-06,0.0006192458677105606,5.4867734434083104e-05,0.0032576601952314377,3.705916242324747e-05,0.032855331897735596,0.000163203090778552,0.016757907345891
G[C>G]T,0.0022838516160845757,0.0001397664746036753,0.00029547177837230265,1.2972190233995207e-05,0.004686097148805857,0.0020714181009680033,0.014941425994038582,0.006153590977191925,0.008900593034923077
G[C>T]A,0.00508848438039422,0.008972709067165852,0.0007137787179090083,0.0007762943860143423,0.010802754200994968,0.019896574318408966,0.0116895055398345,0.012906920164823532,0.02014894038438797
G[C>T]C,0.002203803276643157,0.006374743767082691,0.00018975640705320984,0.03323949873447418,0.007550050504505634,0.020518654957413673,0.014462435618042946,0.010512583889067173,0.01684095710515976
G[C>T]G,0.004189840983599424,0.03269616514444351,0.004065012093633413,0.0025206978898495436,0.0024162200279533863,0.10979960113763809,0.018988756462931633,0.00921555608510971,0.012044677510857582
G[C>T]T,0.003366762539371848,0.009771703742444515,0.0011596950935199857,0.014374131336808205,0.009082067757844925,0.01623971201479435,0.009408990852534771,0.011550171300768852,0.011162878945469856
G[T>A]A,0.00032372173154726624,0.00036644801730290055,0.0004483521915972233,0.000716791779268533,0.009676254354417324,0.0005760648637078702,0.0037774338852614164,0.0047421990893781185,0.00904861930757761
G[T>A]C,0.00021794937492813915,0.0008184610633179545,2.756552021310199e-05,0.00032430721330456436,0.003334969049319625,0.0016679316759109497,0.001968368422240019,0.0037610146682709455,0.008231330662965775
G[T>A]G,0.00036553730024024844,0.0006886033224873245,0.0005669498350471258,0.001285386155359447,0.011392191983759403,0.0008066815207712352,0.006420396268367767,0.004050580784678459,0.017416000366210938
G[T>A]T,0.0004734333197120577,0.002373459981754422,2.4050277716014534e-05,0.00012755588977597654,0.00597172137349844,0.0011109234765172005,0.003410841803997755,0.006589322816580534,0.006367964670062065
G[T>C]A,0.0007787790382280946,0.002038786420598626,7.764565089019015e-05,0.0005716710002161562,0.010053321719169617,0.007425653748214245,0.0027425007428973913,0.01146049052476883,0.005164008587598801
G[T>C]C,0.000555949576664716,0.002392467111349106,0.0002884987334255129,0.00025805903715081513,0.0018752956530079246,0.007128619123250246,0.01902608945965767,0.0051510632038116455,0.00029942288529127836
G[T>C]G,0.000570376985706389,0.004226656164973974,4.810505924979225e-05,0.0024997913278639317,0.0063883098773658276,0.0037723130080848932,0.008922533132135868,0.004730465821921825,0.0030837522353976965
G[T>C]T,0.0013338126009330153,0.002097157295793295,0.00020624256285373122,0.009005500935018063,0.005034866742789745,0.007487041875720024,0.0030724669340997934,0.012992141768336296,0.0008318895706906915
G[T>G]A,0.00010325972834834829,7.470502168871462e-05,2.3360978957498446e-05,0.0007701328140683472,0.0014532731147482991,0.0005770212737843394,0.02346101589500904,0.0018600268522277474,0.00021953122632112354
G[T>G]C,4.125901250517927e-05,0.0007557367789559066,2.032179145317059e-05,0.00010398265294497833,0.0004968299181200564,0.0003561680787242949,0.041031479835510254,0.0008365454850718379,1.564572812640108e-05
G[T>G]G,0.0002534704399295151,0.0011080036638304591,2.0827936168643646e-05,0.001895312569104135,0.002852315315976739,0.00043837958946824074,0.1086651161313057,0.0020472893957048655,1.6647809388814494e-05
G[T>G]T,0.0003538485034368932,0.0050585633143782616,2.056093762803357e-05,0.00013385873171500862,0.0010139658115804195,0.0028986602555960417,0.025417877361178398,0.003016454167664051,1.6022091585909948e-05
T[C>A]A,0.02545137144625187,0.008692762814462185,0.04989698901772499,0.00183341302908957,0.034349165856838226,0.013932419940829277,0.00196549273096025,0.017623763531446457,0.006647354457527399
T[C>A]C,0.011296491138637066,0.005400990601629019,0.034402456134557724,0.0038349053356796503,0.03093920648097992,0.012863454408943653,0.002953871851786971,0.010616564191877842,0.041500069200992584
T[C>A]G,0.0026737761218100786,0.0007423950592055917,0.03269031271338463,0.0014390537980943918,0.004813497420400381,0.004133128095418215,0.0021324933040887117,0.0018503009341657162,0.024997305124998093
T[C>A]T,0.01464261207729578,0.016018956899642944,0.04092159494757652,0.001770101604051888,0.03514060005545616,0.025335874408483505,0.0037428729701787233,0.024876626208424568,0.005560342222452164
T[C>G]A,0.18072037398815155,0.020490413531661034,0.0008717673481442034,2.4089289581752382e-05,0.01461709849536419,0.012533090077340603,0.0022079860791563988,0.015511351637542248,0.004807556979358196
T[C>G]C,0.03822001814842224,0.0028172999154776335,0.0007641896954737604,0.0010893215658143163,0.00969997514039278,0.009928415529429913,0.003822009777650237,0.008747681975364685,0.01989811845123768
T[C>G]G,0.010909730568528175,6.431354995584115e-05,0.0003179286723025143,0.00023042186512611806,0.0019608254078775644,0.006292546167969704,0.004405421204864979,0.001131462282501161,0.011703438125550747
T[C>G]T,0.1878548413515091,0.014725099317729473,0.0003928479563910514,0.0015094162663444877,0.018679257482290268,0.018310675397515297,0.005793732590973377,0.038183510303497314,0.0062374332919716835
T[C>T]A,0.23507145047187805,0.2923797369003296,0.00013900367775931954,0.0525648407638073,0.01855878159403801,0.02873167395591736,0.002872040029615164,0.01855606585741043,0.00252870237454772
T[C>T]C,0.04442116245627403,0.05697350576519966,0.0005267880042083561,0.24572905898094177,0.010856648907065392,0.01739049330353737,0.012810015119612217,0.021581798791885376,0.006996873300522566
T[C>T]G,0.03516809269785881,0.04835299775004387,0.0007723988965153694,0.064982570707798,0.0011659151641651988,0.09973480552434921,0.008339500986039639,0.006481782533228397,0.0036440363619476557
T[C>T]T,0.11138945072889328,0.1691734790802002,0.0007569131557829678,0.10071703046560287,0.017163990065455437,0.022879304364323616,0.0018335441127419472,0.0281988438218832,0.0011139624984934926
T[T>A]A,0.0007314375252462924,0.0030356845818459988,2.239885179733392e-05,0.0008353438461199403,0.01099628210067749,0.006469246000051498,1.9340284779900685e-05,0.014279358088970184,8.613522368250415e-05
T[T>A]C,0.0003794110380113125,0.0013222290435805917,0.00027327294810675085,0.0017505153082311153,0.0037030938547104597,0.001595227629877627,0.0033626146614551544,0.00970460008829832,0.005120172165334225
T[T>A]G,0.0005012983456254005,0.0006126220687292516,2.3887148927315138e-05,0.0013098118361085653,0.008025347255170345,0.0008757697651162744,0.00026468560099601746,0.006012169644236565,0.008121260441839695
T[T>A]T,0.0008144208113662899,0.004871061537414789,0.00032865264802239835,0.0031749610789120197,0.008687695488333702,0.004297073930501938,1.9281080312794074e-05,0.01813376508653164,0.00023736682487651706
T[T>C]A,0.0005984969320707023,0.001976132160052657,2.656264041434042e-05,0.0012787505984306335,0.01050360593944788,0.005344226956367493,0.0015509629156440496,0.016782332211732864,0.00046916952123865485
T[T>C]C,0.00040155433816835284,0.0027497478295117617,0.00014176471449900419,0.00020960281835868955,0.0030190215911716223,0.008015522733330727,0.01375249121338129,0.00892720092087984,6.459168071160093e-05
T[T>C]G,0.0005525258602574468,0.005899314768612385,0.0002084094303427264,0.006127238739281893,0.004801812581717968,0.001291955355554819,0.001462520333006978,0.004178039263933897,0.0001399677712470293
T[T>C]T,0.0008047029841691256,0.0035869586281478405,0.00042534893145784736,0.0008070094045251608,0.006280223373323679,0.008369949646294117,0.003696299158036709,0.01801745966076851,0.0008637103601358831
T[T>G]A,0.000380630895961076,0.00037874127156101167,2.086147833324503e-05,0.0005910930340178311,0.002827494405210018,0.002197079826146364,7.853563147364184e-05,0.007535004522651434,8.989201160147786e-05
T[T>G]C,0.0002831278252415359,0.0010851442348212004,0.00031259498791769147,0.0003690680314321071,0.0010535659966990352,0.0025220029056072235,0.00202355463989079,0.0041270204819738865,0.0015503768809139729
T[T>G]G,0.00041155668441206217,0.0008106983732432127,0.00036228439421392977,0.0007971185841597617,0.003971259109675884,0.0027130411472171545,0.00920966174453497,0.006127144675701857,0.002858315361663699
T[T>G]T,0.0006777054513804615,0.011799619533121586,2.1179625036893412e-05,0.0008776928298175335,0.003509245812892914,0.008228648453950882,0.00040821038419380784,0.012254871428012848,2.7279824280412868e-05
support_presence,0.910958904109589,0.910958904109589,0.7351598173515982,0.9497716894977168,0.906392694063927,0.9794520547945206,0.8264840182648402,0.9041095890410958,0.8561643835616438
support_probability,0.1957274833226313,0.05372260803501355,0.054128159126734625,0.06351889867216484,0.08112323011981842,0.2634033481824344,0.052154048937096444,0.12884481421344357,0.10160765800301887
