mutation_type,0,1,2,3,4,5,6,7,8,9,10
A[C>A]A,0.011942528867962108,0.0085456240922212,0.011089177874561401,0.021656574681401204,0.006439537362894007,0.010354176380952379,0.02278237628364214,0.023073871198317178,0.0006631787012641112,0.0029056554194539,0.0058017028495669
A[C>A]C,0.00832897383350362,0.0036161702591925,0.005802550130685253,0.008328612981131248,0.005760140862548662,0.01039031461904762,0.012141839480709588,0.004517059697536708,0.002514992866458122,0.0132339410483837,0.0105752740055322
A[C>A]G,0.0018507060137701401,0.001250356901437,0.0012390624050542234,0.0020848810163442435,0.0009147581877186312,0.010438129238095239,0.0026661340499811058,0.002907049199954246,0.0012063061391623887,0.0061926050111651,0.0058311289176344
A[C>A]T,0.012109414569919189,0.0141024440526962,0.006234929925476485,0.008058877516305038,0.0064288827416020995,0.01036997980952381,0.013117176635515843,0.010411607797464521,0.0024082971115906445,0.0006744066486135,0.0058069746010005
A[C>G]A,0.005951212059292693,0.00185536313802,0.005804211839173971,0.00984850770328188,0.00413090478105,0.010352617166666665,0.011404559581015467,0.014181130389786389,0.0036447553688452893,0.007806465961039,0.011074336245656
A[C>G]C,0.005143411534383271,0.0034684841521084,0.002987933328653728,0.003569925989722782,0.0017546711897011376,0.010505193,0.007575803322484743,0.004339812904234079,0.003355278116133422,0.0192656442523002,0.0119035635143518
A[C>G]G,0.0012172506292426198,0.0007012505666352,0.0009448501797140531,0.0016850435276864499,0.000286900463834125,0.01040909219047619,0.0020992754849577873,0.002569894701526967,0.0006148099071449111,0.0042253765277564,0.0058219861239194
A[C>G]T,0.005931047758706006,0.006782460026443,0.004029446395571567,0.007634765061084138,0.0035930276062572,0.010370794809523807,0.012247036097630108,0.010288117086747624,0.0005780187267292111,0.0023570638149976,0.0058091478422284
A[C>T]A,0.018648059802974105,0.0130798825994133,0.005098778293522446,0.013099518953822501,0.02557450125459576,0.010351834952380953,0.021180591458064238,0.027711597126391162,0.0006086682422189555,0.0019361015874892,0.0075870743021368
A[C>T]C,0.009412537352628172,0.0050719990395009,0.002928104432750486,0.009493841265793843,0.010915016348008018,0.010431557380952382,0.012577974833303621,0.012371036996288795,0.0018279715958568446,0.0250913128256797,0.0149638783186674
A[C>T]G,0.030961736328013335,0.0018349201418459,0.004248168259878704,0.009057099363417306,0.08835557196289298,0.010397373000000001,0.020493007159606554,0.013194905191711619,0.0026117778745376003,0.0126755880191922,0.0078352848067879
A[C>T]T,0.015846458979786485,0.0121927335858345,0.00416489781876438,0.009097648668102875,0.015345243737101515,0.010381070833333334,0.017433494146512872,0.015043369605619838,0.0007025273322748222,0.0090311123058199,0.0191019382327795
A[T>A]A,0.005081718509403407,0.0355569086968898,0.06497419622982878,0.0027641185806714435,0.016020519484300118,0.010327389285714285,0.00972462055876553,0.0073413877696212335,0.0006179502880614223,0.0004261193680576,0.0186528600752353
A[T>A]C,0.0032135193290692967,0.0110007124021649,0.007721901537798967,0.0024871775676728624,0.010253050015307907,0.010425343428571428,0.0050226312691833575,0.004604378828339021,0.000795284997568322,0.0040528904646635,0.0151094961911439
A[T>A]G,0.005163431390759506,0.0171141345053911,0.03975804097473632,0.006156332150567282,0.0034008438378804818,0.010412380476190477,0.008476871568959975,0.007311716453275686,0.0006339948288061,0.0040570297278463,0.0112072518095374
A[T>A]T,0.01084102313755635,0.0357482880353927,0.015500542339254018,0.0050289394275750505,0.016521498444490086,0.010349318952380952,0.01169975814381886,0.007565531104208029,0.000877932121511511,0.0005611995584331,0.0083842976018786
A[T>C]A,0.01383114942393116,0.0227589644491672,0.031251563138104704,0.0438881018199026,0.02693602687213566,0.010353586666666666,0.019470466696506646,0.03429141913592396,0.0006861980461204555,0.0058689224533736,0.010714235715568
A[T>C]C,0.007233956379251148,0.0064119133166968,0.0012968907429464639,0.030032978975214012,0.006620563101023395,0.010426196499999997,0.006475636155205151,0.007689137731277757,0.001980993599216911,0.0087299793958663,0.0058285207487642
A[T>C]G,0.009354073899670044,0.0084501495584845,0.008277144190651611,0.036570046795532066,0.016566307225730225,0.010390899714285709,0.014625562164798878,0.013604328307944008,0.0007619182708569223,0.0319506414234638,0.0133515391498804
A[T>C]T,0.014652531900323344,0.0118139302358031,0.005162514186784587,0.030096071190200697,0.015074571536388203,0.010373139023809522,0.018647851211970698,0.0172797283649237,0.0017742835140476,0.0065459539182484,0.0058096032589674
A[T>G]A,0.004583611738847852,0.0059891804121434,0.006850124831453278,0.0040541313210269,0.0019759951173909437,0.010338894761904763,0.006036171905260885,0.007891559060792289,0.0006062749760328333,0.0006148453103378,0.005798015743494
A[T>G]C,0.0028722797290799064,0.0084309084340929,0.0011883059409687003,0.0024171105396816814,0.0013231051270849374,0.010491769523809522,0.005281733677433249,0.0038744047778890866,0.0006718710388263444,0.0069549893960356,0.0186251774430274
A[T>G]G,0.003007582535317679,0.0070861377753317,0.003856825115786336,0.0030635450893896124,0.0023620296415173938,0.010387143666666666,0.006646816381678662,0.005378875487884973,0.0006100848355950889,0.0022117043845355,0.005816257558763
A[T>G]T,0.005238942653205521,0.0235897619277238,0.0027557944283883953,0.005947491328697613,0.0037396971747511564,0.010390562309523808,0.013011890036266918,0.01127294928624497,0.000567610032804689,0.0031577975023537,0.0111359870061278
C[C>A]A,0.02317175212195532,0.0059313802048563,0.00913252406424144,0.02578749053645875,0.006799013906856943,0.010405878214285716,0.016387270509289828,0.010352825029339176,0.1327952593564987,0.0124730821698904,0.0104567464441061
C[C>A]C,0.008339197913004342,0.0127101773396134,0.007436776244912364,0.013966228696517606,0.013704771699849457,0.010426532999999997,0.012068270798114449,0.00540429048447141,0.02949029062357209,0.0218184981495142,0.0089792860671877
C[C>A]G,0.013009658696505715,0.0005078527028672,0.0010043434577947119,0.001618881131434994,0.0022630696184932626,0.010491507714285715,0.0027558093674545153,0.0014214455140365947,0.11508721692694555,0.0153866996988654,0.0118704084306955
C[C>A]T,0.03839035578719428,0.0248106196522712,0.005981572220228962,0.013186469615902707,0.025438345037400674,0.010429680904761904,0.014772017328770079,0.008824347550721997,0.28723475337028503,0.0146560044959187,0.0217649806290864
C[C>G]A,0.004436866613379283,0.002262455644086,0.0032211423607770395,0.006972236064029811,0.0015127196456887122,0.010418357000000003,0.006490757389209164,0.0032610434624883336,0.0006965049477810889,0.0124101173132658,0.0058263377286493
C[C>G]C,0.0033991678066778016,0.004385826177895,0.002791038426009607,0.006006020586937624,0.0014234501868485873,0.010411862333333334,0.007633504413689389,0.004424546886002592,0.0006087543572195333,0.0179525818675756,0.0058255516923964
C[C>G]G,0.0037610049796483296,0.0007289240020327,0.0005817174233132224,0.0010931186698143937,0.0007272883012774063,0.010541598238095239,0.0016911706566849682,0.0015238330096406922,0.0031691147143848557,0.0069358726032078,0.0058783111162483
C[C>G]T,0.004905735852517993,0.0072016362100839,0.004147712170663864,0.008578649489209006,0.0017959230317500811,0.010437706428571428,0.011129280147482958,0.007092113473400832,0.0006245128719860001,0.0187250040471553,0.0118765346705913
C[C>T]A,0.019412706767192048,0.0065860897302627,0.00628275546533324,0.01684783212840552,0.009176501189358496,0.010398276571428573,0.018866196307951902,0.01451360155673072,0.004289421977268289,0.0188720803707838,0.0154769029468297
C[C>T]C,0.013588743203264529,0.0072205676697194,0.0050987857758532165,0.014318505825940454,0.011078129871748344,0.010411127476190477,0.01735479007605685,0.009166245352631995,0.0018213048266867333,0.0263710580766201,0.009432703256607
C[C>T]G,0.020726556025321696,0.0035451864823698,0.0029789503599540914,0.007181250999565188,0.04572295583784578,0.010453908095238098,0.012584723181742245,0.004753398012124071,0.002487514349114511,0.0298974700272083,0.0149545613676309
C[C>T]T,0.01821240938511444,0.0084592420607805,0.006569247730247253,0.015515255916397975,0.016710844356566616,0.010395119047619047,0.02215459504183012,0.024716236685506123,0.0007063680612999,0.0252949222922325,0.0130336200818419
C[T>A]A,0.00301041025500643,0.0226426273584365,0.10487009391765773,0.004299434571294063,0.0026380273702670313,0.010355485333333336,0.00596479114664311,0.006210237137404119,0.0006555696018039666,0.0028351114597171,0.0058035315014421
C[T>A]C,0.0035969649590651877,0.0191873740404844,0.03167591308324869,0.008165341598214531,0.004341041640145656,0.010443483833333331,0.0080282513233788,0.005666159038406035,0.000736357430772189,0.0117804752662777,0.0058338665403425
C[T>A]G,0.004020723754289971,0.0222177989780902,0.08830259421763102,0.008484366291668207,0.003289450578449706,0.010419219690476189,0.008738293494644616,0.004662402397823559,0.0007273143661829,0.0236510783433914,0.0174882113933563
C[T>A]T,0.005757276698152101,0.0219034999608993,0.037480838435844446,0.006457292416598594,0.00370317990018515,0.010390656047619047,0.009838783180401635,0.008925933262152123,0.0019600182357760996,0.0042794402688741,0.0058138705790042
C[T>C]A,0.005153330777232746,0.0239747185260057,0.0071700299726730095,0.012444461404811523,0.017414770554751116,0.010370863666666666,0.010641900527776166,0.011356569411388254,0.0006788965224081,0.0029173830989748,0.00580820068717
C[T>C]C,0.006134023433346382,0.0049114921130239,0.002585497071756671,0.018175376695580732,0.008778604038525319,0.010456267452380957,0.008656907014638882,0.004692079088353086,0.0006556525218506999,0.0231527537107467,0.0100466506555676
C[T>C]G,0.007165190702904439,0.0108211543411016,0.0028144240322849844,0.012144869600888295,0.0177451318595558,0.01047562069047619,0.010137344663817825,0.0079882392025966,0.0070200883265998226,0.0508163198828697,0.0186503287404775
C[T>C]T,0.0073606427886519065,0.0150219220668077,0.0028322218684465623,0.01976498228032137,0.013909353583585438,0.010425005785714285,0.010744276367318121,0.020143125953877076,0.002156898870857178,0.0243805218487977,0.0058289659209549
C[T>G]A,0.002645614065762073,0.0037083860952407,0.004749163790989814,0.0021509060316020124,0.0011553817530511436,0.010352559999999998,0.0030274516423360797,0.0016487169637305545,0.0007348356173476777,0.000837764062453,0.0058041475713253
C[T>G]C,0.002567173287814896,0.0047357976436614,0.002124439654099512,0.003095293075602925,0.0022195189667399565,0.010434118571428572,0.004383430328623853,0.0023238529865111978,0.0019636207079100337,0.008177769370377,0.0058367759920656
C[T>G]G,0.0047921855096683605,0.0041739251464605,0.006045699662734005,0.0038919329817872135,0.0023857587802921815,0.010426549666666665,0.004952529415428401,0.0030814154775321086,0.0022129380765059997,0.0074976934120059,0.0058331666514277
C[T>G]T,0.00724493600026516,0.0102170975878834,0.0021192232397709656,0.006677139230305281,0.0032169564219656937,0.010470152904761904,0.008281635537227484,0.006735251191356695,0.0009993251943442776,0.0097770784050226,0.0058494787663221
G[C>A]A,0.006670805832921031,0.0045134075917303,0.004574247360061944,0.011964187491685093,0.003121968053164837,0.010419467952380952,0.011121751261266702,0.005565621113378717,0.0015420984321583779,0.0127323297783732,0.0058267982676625
G[C>A]C,0.005074079267626054,0.0043129227124154,0.003768440453836543,0.008236603782279375,0.003470852199825406,0.010438144,0.00806120269909565,0.00210500432601996,0.0007604599878605333,0.0113468766212463,0.0058331950567662
G[C>A]G,0.004793412607961416,0.0002565952017903,0.0008220629217966908,0.0019463304561213063,0.0007321233024412749,0.010658299904761906,0.0023192504117541092,0.000358741802726039,0.012169441104763043,0.014625527895987,0.0124488556757569
G[C>A]T,0.00670648061731626,0.0087029375135898,0.003934116592717398,0.006536292406963138,0.004048592716571818,0.010441837904761903,0.008948359607390453,0.004111145636286641,0.0019081648335688112,0.013084496371448,0.0174182578921318
G[C>G]A,0.0030947920695294524,0.0011212104000151,0.0017486459403877204,0.0033362781250616063,0.0014744470681761687,0.010427298833333336,0.004584650189322441,0.004804004239202949,0.0026281499045176107,0.0129156718030571,0.0058306269347667
G[C>G]C,0.003328017243016743,0.0014938036911189,0.002021761528248109,0.003425429909839231,0.0013938352567492561,0.010489373380952384,0.00479041624153608,0.002130763692871835,0.0011064036257771334,0.0170423667877912,0.0120389116927981
G[C>G]G,0.0007265897468945585,0.0008706304361112,0.0004686170925485307,0.0004319327363190812,0.00046615279279645626,0.010559939714285718,0.001057697144596522,0.001391802187491576,0.0010597618658922889,0.0052987043745815,0.0058826697058975
G[C>G]T,0.0032252671440140403,0.0021301938686519,0.0018702450779178544,0.0037730291951447313,0.0013928897460572815,0.010428683285714281,0.005906925036147311,0.0028715142575997513,0.0007624488401536667,0.0126122962683439,0.0058334586210548
G[C>T]A,0.010779309343125112,0.0066821426153182,0.0035312107503861104,0.01244104222860182,0.027611296740360506,0.010421886190476189,0.015252330079275964,0.005833582632476395,0.0027026597462180115,0.020245099440217,0.0075475759804248
G[C>T]C,0.009741979507552932,0.0071785510517656,0.0029397227827033284,0.010257531772367611,0.03282264620065685,0.010444185571428575,0.013806972932598152,0.005729204091605565,0.0006643573287873999,0.0309144612401723,0.0250161681324243
G[C>T]G,0.024097485104887698,0.0016121289227157,0.002595578869466296,0.007102508636307857,0.06552905286662278,0.010448248452380952,0.01321600187609238,0.005020517272189109,0.0057609205444653444,0.0246531069278717,0.0065208813175559
G[C>T]T,0.010715527378075016,0.0088438270613551,0.003649049986609285,0.010608745622448568,0.02692045201547438,0.010385066500000003,0.014334993335642953,0.007817107662170461,0.0006305180787522444,0.012365304864943,0.0058130044490098
G[T>A]A,0.0027497961430865718,0.0159955471754074,0.03781257712394931,0.001597686547029244,0.0030424602737184068,0.010433972285714287,0.004413103287789761,0.005384275854642767,0.0007201485568657001,0.0033107744529843,0.0058266092091798
G[T>A]C,0.001977012570355237,0.0064125582575798,0.00635703273873737,0.004633786506019493,0.004123328573768912,0.010425285523809521,0.0031853440317720226,0.0013097005156547483,0.0006699688706753445,0.0046581905335187,0.0239170081913471
G[T>A]G,0.00270901534263076,0.0103477770462632,0.013285440354736179,0.0032522616966161504,0.0026476970815564934,0.010444298357142858,0.00506671380689595,0.003415154014429442,0.0018613963879437663,0.009287180379033,0.0179831478744745
G[T>A]T,0.0035974438274419306,0.0117451855912804,0.0058318452839341,0.002488471247488575,0.0029625091119668935,0.010383095904761906,0.0053912301414502225,0.004282844926152957,0.0018746675406064778,0.0029208797495812,0.0058114840649068
G[T>C]A,0.005033264946699973,0.0150522040203213,0.0036570206161948573,0.028237134800292506,0.03431976994033898,0.010383532547619048,0.007422262954894472,0.0067213044488905575,0.0008796009480849446,0.0044093150645494,0.009574681520462
G[T>C]C,0.0035279340805540356,0.0029378901235759,0.001425413673122898,0.01719175622565667,0.010296791675500539,0.01047552795238095,0.004414310753791941,0.0017103555025338348,0.0006701522765473777,0.0094647742807865,0.0154048120602965
G[T>C]G,0.0036756340007079403,0.0081335650756955,0.0018333680037967417,0.0181825368199497,0.017317687743343354,0.010425515452380954,0.005945735500644593,0.006222861418629845,0.0008049461951789222,0.0204529482871294,0.0189074017107486
G[T>C]T,0.006576934614748646,0.0044364328496158,0.002497714219556411,0.01992912823334332,0.022761954576708317,0.010394681857142858,0.00829758995709531,0.006104611067308262,0.0006241785401167333,0.0026567513123154,0.0079021537676453
G[T>G]A,0.0019406110401719663,0.0014588326448574,0.0024460110797162203,0.00040898806309991873,0.0008565215939597061,0.01049288319047619,0.002336945509043487,0.0017092248677120288,0.0006634504340278,0.0026504979468882,0.0058532967232167
G[T>G]C,0.0016060079025107324,0.0006945382338017,0.0006635601030645085,0.0010306647163815252,0.00059822076582345,0.010444462785714285,0.0018106617242778264,0.0007611963658240636,0.0005998734850435778,0.0038270575460046,0.0058414116501808
G[T>G]G,0.00231812940649074,0.0015453934902325,0.0018073039065531892,0.0008767213585087375,0.0010913951045949436,0.010428182452380953,0.0038591197011834935,0.002515943514137853,0.0008436003117821556,0.0086081055924296,0.0186054743826389
G[T>G]T,0.0031808466790741834,0.0033442112617194,0.001063038785940703,0.0015483815841434438,0.0025475818110862252,0.010390439095238093,0.00390474720871608,0.0036047282276234684,0.0007181893516745445,0.001704117283225,0.0058162324130535
T[C>A]A,0.03707063025064496,0.0224695261567831,0.008237227665395842,0.017312754178419654,0.0052149667462799264,0.010396942428571433,0.0217820645284831,0.016909100530513817,0.12112859802113636,0.0054573859088122,0.0106859197840094
T[C>A]C,0.013315717197813978,0.0112674115225672,0.007972663062659237,0.013922812882810786,0.006104507716372563,0.010416418904761906,0.01706859743551352,0.00540443535784202,0.003074355682151144,0.0127702746540308,0.0105013214051723
T[C>A]G,0.010857346358916924,0.0010377392172813,0.0010647027901823042,0.001874698646133694,0.000909823582333,0.010475400809523808,0.0030581275406009294,0.0008529047436442557,0.07180163760979964,0.004349282477051,0.0122418375685811
T[C>A]T,0.05221970760864229,0.0244042705744504,0.009293845061993773,0.012793003348633602,0.012328926299232932,0.010382123880952382,0.023105757375308206,0.0109857538223473,0.09609949257638714,0.0042681419290602,0.0058179525658488
T[C>G]A,0.010101879363800085,0.0036609440576285,0.006925086299515659,0.008423168736044264,0.0028048202511854,0.010396653452380954,0.012756819001798342,0.004570873865223854,0.0021140188522015555,0.0109623046591877,0.0058189770206809
T[C>G]C,0.007653231565222362,0.0093266554176807,0.005529303868346427,0.007959760056110043,0.0027150310052092503,0.01040674845238095,0.012498435465492203,0.00825767346864769,0.001962475905505256,0.0129885263741016,0.0244403816759586
T[C>G]G,0.0014943913779417975,0.0008657446014694,0.0007016214532860437,0.0013799806474707498,0.0003988643093179625,0.010489630523809523,0.0016517719432034396,0.0011402128728351904,0.0038275174641360554,0.0056799883022904,0.0123951286077499
T[C>G]T,0.017002390380672826,0.0109104588627815,0.008827917890785403,0.013300475839059744,0.004372213661554218,0.010378281857142858,0.023148234862887807,0.01883969010733477,0.0018822398916300334,0.0096655888482928,0.0109529420733451
T[C>T]A,0.09283057734031147,0.0139299258589744,0.009434976057237166,0.020291366847231936,0.011378750787116544,0.010414163952380952,0.03323082792185342,0.012997277463889735,0.004563162775917145,0.0151155469939112,0.0333372242748737
T[C>T]C,0.033155485554225386,0.0061728218570351,0.008866705968698015,0.016975713835563462,0.012879283516667756,0.010423938142857145,0.02422706336619461,0.018944207320196707,0.0016775158130459778,0.0252670217305421,0.0090352399274706
T[C>T]G,0.022181528909626526,0.0009663073578849,0.0022242480480740043,0.005308361869538156,0.03216736891772593,0.010454161714285712,0.010602323904554583,0.0044219945525077456,0.004154786493422211,0.0175058133900165,0.0072740195319056
T[C>T]T,0.06425300527566478,0.0066505325958132,0.006513246366755412,0.01579312159446995,0.014936629100702647,0.010372888666666667,0.026370528786131407,0.02857502414844926,0.0018506258493288885,0.0040962789207696,0.0085991146042943
T[T>A]A,0.009165486494897693,0.0381388999521732,0.08835013229988689,0.005280159093672363,0.008053868397837451,0.01035996416666667,0.010236596796227983,0.008829684144196362,0.0006333842627806999,0.0005430007004179,0.0058039193972945
T[T>A]C,0.0034266478808185757,0.0278856046497821,0.01547648720907465,0.010572225553914854,0.004243577248416781,0.010460654904761902,0.008248173598955105,0.006099651588980687,0.0017662951075988888,0.0067300074733793,0.0058393068611621
T[T>A]G,0.0032592949206163907,0.018765103071928,0.04998841157218615,0.005396468302933438,0.0024435579034615754,0.010406534428571427,0.006619513465169759,0.005375637183250396,0.003240334439194811,0.0072291130200028,0.0244043208658695
T[T>A]T,0.008610595573027669,0.0584442429244518,0.031803593654020905,0.008640178188215882,0.007622674660524293,0.01035462180952381,0.017648029493525796,0.0293908953071675,0.0005948591731591667,0.0005140587454661,0.005802156869322
T[T>C]A,0.004592648298389566,0.0267979018390178,0.01123278655935483,0.045081374468281823,0.033011122373864,0.010317533738095238,0.0101465379544631,0.009204626114418055,0.0006741452897484667,0.0003983523347415,0.0072332033887505
T[T>C]C,0.00517266571204175,0.0068230074830353,0.0017502365116121646,0.025755832321010474,0.011742688075173606,0.01040977623809524,0.006610832044339401,0.019356428812413118,0.0005979373947613332,0.0044275191612541,0.0058216121979057
T[T>C]G,0.003658867066363405,0.0070060659199953,0.003080293436456248,0.020870828186161768,0.013419110269751343,0.01041387066666667,0.00571814067532962,0.003910289985166487,0.0006439790207271222,0.0062589701265096,0.0058253514580428
T[T>C]T,0.0062320553623473,0.0093394853174686,0.003371689791848943,0.02857560373377051,0.025550154387019533,0.010369245666666665,0.008655141435161277,0.13719154438521294,0.0006456095013870556,0.0016890042461454,0.0076631610281765
T[T>G]A,0.004495333558015936,0.007106804754585,0.0060817376270402655,0.0037648182769771245,0.0012531652682809624,0.010376763904761905,0.006834472019182726,0.00687769321634223,0.000621114256015611,0.002510436810553,0.0119272843003273
T[T>G]C,0.003409099765938312,0.0142916645854711,0.001655121882276514,0.005350908220861986,0.0016687625757185187,0.010423616571428575,0.008162638167633981,0.007709368555030429,0.000584370062117311,0.0035976050421595,0.0118714459240436
T[T>G]G,0.004509251407388455,0.0093307485803961,0.0051688883030666525,0.004498307171161225,0.0018086641648551,0.010389559380952382,0.007031428967357523,0.006566469353856474,0.0017944604106660776,0.0035553867928683,0.011761856265366
T[T>G]T,0.010265997620609398,0.0202671755105257,0.004682400135207907,0.008495968795614268,0.003977692031185081,0.010365907785714286,0.017016376127233356,0.08850457077432006,0.0006080228292072221,0.0012094009434804,0.0109735270962119
support_presence_sum,7750.787610619467,0.6017699115044248,66.35840707964601,9.176991150442477,10.5,0.0,537883.9026548673,16.123893805309734,1.3097345132743359,0.5752212389380531,0.0044247787610619
support_probability_sum,1522.7443587358016,0.052458265186411,5.4739040642712915,1.015508972438035,1.0502129487231757,0.0,113938.30491983992,1.4533321836353386,0.0877106885994425,0.0701959238643139,0.0028553082879665
