mutation_type,0,1,2,3,4,5,6,7,8,9,10,11,12
A[C>A]A,0.018017110147042804,0.003892060616635681,0.010248516,0.002160119826860123,0.012123301823040335,0.0181932933628559,0.031314693323576615,0.0214284118264913,0.026454389053443876,0.015878470136671142,0.007843113569545946,0.009106087464397027,0.0001396949993101749
A[C>A]C,0.014676344722342879,0.003077304616453999,0.010597145,0.0032867025312346186,0.009837736862249945,0.0128200277686119,0.017277148345511754,0.0150892855599522,0.015945965616324057,0.01382568115281113,0.0066734949914708545,0.008036791292325618,0.0005998625443205333
A[C>A]G,0.0030345000389875917,0.00022876409548184374,0.011474452,0.000638875971425329,0.0018298566202993411,0.002145746955648,0.003003812692088149,0.0018103496404364,0.0025587062162083177,0.0025531022583343242,0.0011335910438463055,0.0011568985299676088,2.91309898666816e-05
A[C>A]T,0.01450746530960203,0.0022011173205100437,0.010262771,0.00787517545072149,0.008402217931835858,0.0086039984598755,0.01624860684079766,0.0109866866841912,0.012060194053202626,0.009226434954107675,0.006475125555809355,0.00597817859117553,0.002351724777367415
A[C>G]A,0.0180036870724901,0.0028056128649040436,0.010199453,0.0009247839560783433,0.008249355556119097,0.0065692127682268,0.006291749720516219,0.0101128723472356,0.010156387247314448,0.007669451185979735,0.009936588989356303,0.004868158765449889,0.0013483772493701116
A[C>G]C,0.010227554198834516,0.0016706138994777063,0.010492306,0.0005797604090022656,0.00538064309091296,0.0056093265302479,0.005394550583696012,0.0080210538581013,0.0069151680624921115,0.006266966686148383,0.0053303895404447485,0.003660972089263816,0.00036514657085914864
A[C>G]G,0.0064776760185875255,0.0004353586864453562,0.011068975,0.00018285710915126504,0.0021947096053002986,0.0022263443097472,0.00169285248506855,0.0019690762273967,0.004228033383278071,0.0020236921472634416,0.0021099943634586543,0.000821466007064898,4.7241114639888156e-05
A[C>G]T,0.01867855250055898,0.0046431905648205,0.0101851495,0.0003888358554023074,0.009229723201774346,0.0069886432029306,0.006442814279625581,0.0100038554519414,0.010604314099658573,0.007716929865040081,0.010637100647308016,0.005044888973406448,0.0019691888564637642
A[C>T]A,0.0164427333747636,0.004865205555688545,0.010201687,0.0020229930326523113,0.012710599556627632,0.004312842618674,0.016102283857952454,0.035532459616661,0.013257342654120388,0.029606692657504197,0.008288682759832992,0.01865202090428028,0.04825300286420512
A[C>T]C,0.008004142387825073,0.0026478258369024375,0.010356783,0.00533860781385247,0.007882677329889478,0.0029844921082258,0.009432497807585326,0.0254739709198474,0.006615869956434353,0.021002770535962344,0.0038865047467335928,0.01233131264808169,0.016167829332536857
A[C>T]G,0.01627262136808456,0.009203393128700506,0.010326893,0.025008403261502523,0.015696473554278244,0.010826394893229,0.036899616194408874,0.0098205059766769,0.016211513878373076,0.04052616282863893,0.00962530375348,0.014618187283063157,0.050694591091273104
A[C>T]T,0.01513039882081442,0.003021566299139475,0.010240347,0.005362022339573277,0.01097660502985496,0.0064164102077484,0.011864848399312415,0.018128415569663,0.012219935001316188,0.01837503800975455,0.006040670131010226,0.011219905526396515,0.018448554737325196
A[T>A]A,0.007957793563994842,0.0025099946069530687,0.00995621,0.000715423218369065,0.012208108058862736,0.0149579020217061,0.0077245722960544334,0.0100715151056647,0.013333027722370392,0.009073341491561042,0.0044157415724785905,0.00524800192163772,0.0057638623542798535
A[T>A]C,0.005821970441771074,0.0021741213859058374,0.01027768,0.0002991563792723292,0.008028977492502974,0.0070746573619544,0.006639739180889343,0.0049178949557244,0.0058149808495671865,0.0091318411913743,0.0031117214259877898,0.004408936643803217,0.004504684693302856
A[T>A]G,0.008203453348150942,0.0013059950579190063,0.010367982,0.0002484235234532999,0.008713375762592034,0.0079165901988744,0.007129038241488866,0.006744812708348,0.007628024517525537,0.009634042505137446,0.0035707779206875984,0.0048148599155319535,0.0003355053042834965
A[T>A]T,0.011877707683777152,0.005876836046809275,0.0099387625,0.002420144923315857,0.021225813467714245,0.0142490668222308,0.014772243777092704,0.0068613742478191,0.009812673962571499,0.011562380343905406,0.006113919348406997,0.006521883734128548,0.026437680379797948
A[T>C]A,0.017547682476379084,0.005036436603404526,0.010051105,0.0018721295368676193,0.046525227717215,0.0442058444023132,0.015080561285683771,0.0141440071165561,0.017988980163330854,0.02103244948050863,0.009075393614479912,0.01050923854287077,0.02420871292577224
A[T>C]C,0.008536314643514887,0.0026703843614085936,0.010163517,0.002482867388365096,0.014721044105990781,0.0187893863767385,0.005296865320710102,0.0064211594872176,0.009154790278636984,0.006314950344407575,0.003918926172764793,0.0033496590443131188,0.008160065584298576
A[T>C]G,0.011606686385095885,0.003177250851876981,0.010460022,0.001614725774399769,0.03131389612696607,0.0223029777407646,0.008191122563021222,0.0056969574652612,0.010312887547641113,0.011309790010870029,0.005778092530835297,0.004838721662962691,0.030017517070389414
A[T>C]T,0.018177632079045603,0.006919223116710744,0.010119595,0.0031540257144822286,0.0339834240083061,0.0379764549434185,0.014586697887168064,0.0101288659498095,0.016050791025933084,0.019935905255387326,0.008967884866868012,0.009537997338068864,0.00665750155238326
A[T>G]A,0.006874727660220456,0.0024700951180420248,0.010126601,0.0007612031255524899,0.007960193854450758,0.0081786150112748,0.004164734305147742,0.0036912038922309,0.00445283993795236,0.004464894331256536,0.0033116273974544033,0.002953647015309282,0.00016154541770433306
A[T>G]C,0.002755280346237272,0.0047606263251509075,0.010261936,0.0014604403191090408,0.004122503379688315,0.0044201258569955,0.0020215656103878127,0.0016006010118871,0.0015335742373611555,0.0026357740248959542,0.00129428706215836,0.00137874545257975,0.0005951037112187954
A[T>G]G,0.0077510134452364945,0.002287185212480781,0.010159839,0.00039925417691438997,0.004625948666435215,0.0062567992135882,0.002728152543737858,0.0051432503387331,0.006405588411584914,0.0034895503404763946,0.002975675326395572,0.0019960284531449412,0.00022763571894750972
A[T>G]T,0.006727631046945536,0.04402993922121819,0.010059938,0.004295597449203699,0.008168659279061446,0.0073351603932678,0.004401512121441459,0.0043866708874702,0.00435135088169546,0.005558318158845285,0.003362577397292775,0.002995941230456222,0.0012969011730293962
C[C>A]A,0.016177918760090153,0.0028503386856754756,0.0104009835,0.007032890625608432,0.009756269483828224,0.0084088686853647,0.028098883027335597,0.0114723928272724,0.01534831850152137,0.009654854295388274,0.007896198526646069,0.006808299923033025,0.009072660500355045
C[C>A]C,0.013909081672042465,0.0014908112061675126,0.010529531,0.002158773318579778,0.006430542421717091,0.0036881563719362,0.011610279055223258,0.0104325907304883,0.010388135644513127,0.007639458181135252,0.006631796473737577,0.005214414618018762,0.020723025833075417
C[C>A]G,0.0028563579298888256,0.00033268124934689375,0.011806821,0.0017987765682239754,0.002161790579243172,0.0014203552855178,0.004342733886417677,0.0013168620644137,0.0024810238979460124,0.0018190684611601087,0.0013818448162522014,0.0009714971292086329,0.0047390027976749625
C[C>A]T,0.014030996973002951,0.0025174152615363124,0.010297589,0.016161167523306225,0.008467061461133945,0.0031118206679821,0.01754826070807379,0.0074769100174307,0.00858722457126004,0.006355471207549343,0.0069333548274854205,0.00554517854203844,0.057676128454816795
C[C>G]A,0.01265146302662792,0.0017676790666882314,0.010466317,0.00010940902425316672,0.0042443030531453966,0.0034368853084743,0.004170110137877891,0.0078641790896654,0.006671191490904371,0.005405489664126693,0.009416177621417414,0.0038569848257431717,5.356944143118071e-06
C[C>G]C,0.01067869753365878,0.0008946121233747874,0.0105373375,0.00014125922786356902,0.00399133158982404,0.0036803057882934,0.004086493086258028,0.0083636697381734,0.006439108267718086,0.006228099257977636,0.005333864804040803,0.0036491582957356265,1.0059679470041753e-05
C[C>G]G,0.006024242072563643,0.00019547532110660514,0.011073229,0.000297681603296922,0.002369665778928573,0.0020939235109835,0.0026173155868368875,0.0014483699342235,0.004045102816319633,0.002986206734060491,0.0022393340853614206,0.0011628620406283574,1.4617391473539592e-05
C[C>G]T,0.018031381436329114,0.002074744646961275,0.010484848,0.0003318284677434844,0.005487502456066452,0.0035634636878967,0.0060434694727644605,0.0104483198374509,0.00819744489148649,0.008155454625599252,0.012879986620032377,0.00560615816087103,9.387428910211489e-06
C[C>T]A,0.011795979106701448,0.0064490321092307065,0.010485887,0.0017282013876764176,0.010612023287601045,0.0063991523347795,0.016600831236652812,0.0359820798039436,0.010552903397168653,0.031452250069586886,0.00851894779779097,0.023208416305318037,0.007365705522630941
C[C>T]C,0.008398559786075847,0.0038604613218921626,0.010430564,0.0018861114332037882,0.009168953455857415,0.0053744544275105,0.013252229677016576,0.0337422154843807,0.0075350227130745765,0.029449454857658517,0.00510745486617037,0.017563563794821924,0.010198676263033895
C[C>T]G,0.010843223726925559,0.0067649104748852005,0.010611193,0.02042059894237249,0.008768114543360406,0.0079965079203248,0.022828511348721946,0.008889427408576,0.013407806845174846,0.02631275373748503,0.006435749699409848,0.011155491202258727,0.032927375739285045
C[C>T]T,0.016099596953309512,0.0039012844790703998,0.010436963,0.005180440923302499,0.012689757534964563,0.0095981787890195,0.016386325152018315,0.0278340596705675,0.013970801613124218,0.028776349158385367,0.008558747979980344,0.019677705321447678,0.008439736557904483
C[T>A]A,0.007525045789684472,0.0013274640077724689,0.010071001,9.66547108115727e-05,0.0054516971145311,0.0057866056449711,0.003297970618762752,0.004504881799221,0.005387800344033143,0.003532459377446186,0.003026409219153498,0.0022808775238129624,0.0002579788719872349
C[T>A]C,0.009156814216725609,0.00820849128649565,0.010384945,0.00029259623604750164,0.005899283211127071,0.0055863866582512,0.005070185628834259,0.0053995479829609,0.006429296209726135,0.005258537690733474,0.0036771332973797935,0.0031205924433638076,0.0018131742682533714
C[T>A]G,0.009948478718836458,0.0028840084705734066,0.010758101,0.0003803559306510578,0.00720621616891089,0.0065321405418217,0.004625735342152788,0.0053402399644255,0.004862208359444347,0.005685250116173247,0.004162930389214026,0.003210882583048127,0.00035400481638635695
C[T>A]T,0.013515083875164178,0.018907157122157462,0.010322257,0.0007881094732308212,0.007830460418394027,0.0065237591043114,0.005348209791455366,0.0062335352413356,0.007458698335856219,0.005132005432967191,0.005048987087765955,0.0034373669666881703,0.0005502388839057404
C[T>C]A,0.008187359211099988,0.0051694889843929125,0.010039794,0.0008384306496332127,0.02005800360854179,0.0201667118817567,0.004549571098189674,0.0074521568603813,0.008089093627488072,0.006326876455323995,0.003962457111345002,0.0037671472982709698,0.020478727142326476
C[T>C]C,0.010532279616727508,0.01784511632286006,0.01043952,0.0009854958861574142,0.011970495813942765,0.0253109950572252,0.004433902133547675,0.0139066437259316,0.019775961878511904,0.005222415245141123,0.004271478097526983,0.003350574570181319,0.008425186073097035
C[T>C]G,0.0075024995907134046,0.014044625917449538,0.0106696775,0.0016553577908779888,0.023709624871942492,0.0197120625525712,0.004579298628146579,0.0056910961866378,0.009071583574934042,0.005670203889013227,0.0036245191559038975,0.002973733154563286,0.034266523104419674
C[T>C]T,0.01133959854877318,0.05771394050680095,0.010211272,0.0017338720159992761,0.02122035148040051,0.0250431299209594,0.006188990207559575,0.0077408631332218,0.012803419771594788,0.006910457717195641,0.005285210804455136,0.004182454274743871,0.013813784587998918
C[T>G]A,0.004446134335613265,0.004047984330099949,0.010108931,0.0011960109495298596,0.0038065570193431693,0.0038497443310916,0.0017734763807285316,0.0025532850995659,0.002827416006604998,0.002617679219599427,0.0018536811781516716,0.0014500325673103337,0.0002955107429280949
C[T>G]C,0.004375301592338886,0.023133097216486882,0.0104509,0.0008951600573102957,0.004782019145558061,0.0049288067966699,0.002029234452984373,0.0033352624159306,0.002956377710433249,0.002993695937332321,0.0020247191033915916,0.0015135926557427806,0.0030143787073514277
C[T>G]G,0.008344232021969215,0.01120438327779988,0.010273991,0.0023137134150601575,0.006589063394650801,0.0095062013715505,0.0028657573834494406,0.0054953726939857,0.007584794258552964,0.0033499073698378666,0.0035348086981333558,0.0018904367144480928,0.0033608478129866655
C[T>G]T,0.006260548178282473,0.2598647680133581,0.010260558,0.006167497325481601,0.005891410180644431,0.0036052709911018,0.004783389822518108,0.0028405950870364,0.0047093815334855555,0.0047547819188093485,0.003919961260906634,0.002699121528884939,0.0038638829164685117
G[C>A]A,0.010950520952047885,0.003927327896235444,0.010289962,0.006457170748358741,0.007774141331832726,0.0089350556954741,0.04038718356508546,0.0089560532942414,0.012222892909564707,0.010620218429991765,0.00449228473570238,0.005580901756340946,0.00027639269704623186
G[C>A]C,0.009246788283104863,0.0015165112999965937,0.010806292,0.0032287736876039468,0.005794616214209254,0.0056131877936422,0.013227473228184919,0.0079820668324828,0.005923816903771766,0.00837295631961229,0.0042797605333706225,0.004898466764392923,0.001545911756628663
G[C>A]G,0.0017166001284236053,0.0005814255091535813,0.011528348,0.0006468043267280172,0.0015668508400427726,0.0012375895166769,0.003999359719874921,0.0008959284168668,0.0013523927276525463,0.0024704830375699856,0.0007927889288137513,0.0010926713061232222,0.00034098281772048863
G[C>A]T,0.009962725192866508,0.0033084846072596874,0.010495513,0.010260635091819646,0.005952656484666672,0.0045340326614677,0.025795013028120053,0.0060655362904071,0.006896955238283574,0.006374284223580034,0.004487239271121835,0.004075071196070364,0.006189273564959834
G[C>G]A,0.008170635811573927,0.0006537114986712813,0.010470243,0.00043333397835435445,0.00346575477633941,0.0045404122211039,0.002565284497009929,0.0068037849850952,0.007941373084516527,0.003467738263071241,0.004345274570475816,0.002167022790764212,0.0003281740146606213
G[C>G]C,0.007506162154710237,0.0023867743730078875,0.0106496485,0.0003342668612781531,0.004110116783541538,0.0062052342109382,0.0032246842030949833,0.0072197448462247,0.009144573430577715,0.004332924228889703,0.0036798718477086185,0.002542439763951124,0.0008790439406422206
G[C>G]G,0.0026140972989056894,9.641002282021396e-05,0.011681777,0.0004886631674404758,0.001037558930539213,0.0049784169532358,0.0008072522490054356,0.0044915811158716,0.010366356266413142,0.0010482557765797314,0.0008940354120920629,0.00039800065938754936,9.819267667520788e-06
G[C>G]T,0.012787934867689674,0.001468419031880275,0.010504924,0.000266177527858668,0.004583616485692967,0.0053670196793973,0.0035138990062382053,0.0080540450289845,0.008728284112323561,0.0040902416216225266,0.007205023445854763,0.0028718258296250004,0.0008950046778125751
G[C>T]A,0.010565246907534364,0.0037092455313540436,0.010360467,0.0029048561584203757,0.007329927030104384,0.0018388223834335,0.012989193331214628,0.024160299450159,0.008260671472920037,0.02385430368076089,0.0067052690626416625,0.015778307095773485,0.06126056376948122
G[C>T]C,0.00766349171645598,0.004408413064083964,0.010617049,0.013691368311022679,0.00817205810795409,0.0028401238378137,0.011973975245021293,0.0243636053055524,0.008354970112188921,0.021602476968149677,0.005323639539843321,0.013235525772258236,0.059881691934230374
G[C>T]G,0.010788968297373837,0.00874506621039469,0.010437733,0.0332184914499521,0.013896219774867907,0.0089379083365201,0.02812887670977156,0.006924346089363,0.01241740752023291,0.028746944776776844,0.007991003561831614,0.011031495686932822,0.06278282544782586
G[C>T]T,0.009997949591678254,0.0037743848370154877,0.0105132535,0.015306209270945805,0.008577272022599518,0.0037786583416163,0.011853728473275146,0.0143581321462988,0.009705306815613721,0.01818381206156057,0.005588328240562188,0.011377684724983319,0.0434987353186847
G[T>A]A,0.004704419343226992,0.0005035374142607376,0.010436148,0.00013417824851683232,0.004873397943886731,0.0061278385110199,0.002673949100475035,0.0046889265067875,0.006494762086558727,0.003374685240249763,0.0019082321255025937,0.00207824078708783,0.001293629047249804
G[T>A]C,0.004238174239307535,0.0017607903428142372,0.010698154,0.0005168138807574239,0.00425223287402815,0.0039592520333826,0.003368303733970343,0.0028784302994608,0.0033172154573916203,0.003714221454255297,0.001935172877162377,0.0019506849099227527,0.0023741519550740755
G[T>A]G,0.005942606623920483,0.0005591839526459313,0.010437741,0.0001397503163692105,0.005223399464115744,0.006512061227113,0.003649222585917507,0.0050000282935798,0.006161681313133466,0.004307165351703934,0.00252138818961223,0.0022892923981723537,0.0010575304125247647
G[T>A]T,0.00828343953038143,0.003554036084096831,0.010206819,0.0004445277780177455,0.005532081207072888,0.0043388442136347,0.004649889461964972,0.0039134160615503,0.00349426965468507,0.004296649321711432,0.0030502158169049124,0.0026011012562677004,0.002516214910299569
G[T>C]A,0.007160170813669124,0.0027134412375744,0.010210808,0.00525177057263334,0.031681919513535384,0.0261903777718544,0.005761983425282615,0.0052297171205282,0.006368710008694395,0.006153033715443659,0.004545349178432555,0.00333826851390357,0.038722268006660836
G[T>C]C,0.005452336786585644,0.004246027092449319,0.010333741,0.0034575599840738205,0.013493971423747725,0.0183660332113504,0.004152974270035588,0.0042447592131793,0.006649930804445723,0.00461568596061786,0.002792653684993381,0.0025182565222095043,0.009742073916260932
G[T>C]G,0.005680651144959956,0.0035559768002712557,0.010279259,0.00322745478091135,0.0212778020084362,0.0173791386187076,0.00432968958176312,0.0034100445918738,0.005477343359491684,0.004467268288629123,0.003114123816088715,0.0021203591592390816,0.023525939604215687
G[T>C]T,0.008633915653534066,0.0063595488609280056,0.010257347,0.00514275282103977,0.028666063949522345,0.0296057406812906,0.007688449013303892,0.0053123142570257,0.008024498902501086,0.008509898152762707,0.0047316790404167445,0.004390903742475633,0.020788731640334096
G[T>G]A,0.003727016732214302,0.0013249146140878435,0.010200173,6.580666000545568e-05,0.0027040807374383363,0.0063933413475751,0.001332672526100906,0.0052648303098976,0.009151165391614782,0.001580748349470702,0.001360418350388068,0.000909087390365908,3.369586848981997e-05
G[T>G]C,0.0023453914859684908,0.0054558628180529384,0.010784642,0.0015443247270821702,0.0021800639548175196,0.0094919120892882,0.0008530628285562337,0.0070132464170455,0.014900971146422673,0.0013640247829521312,0.0009446308242493156,0.0007678278541478877,0.0002921546986443195
G[T>G]G,0.005000204378665624,0.002809229030390225,0.010062519,0.014331759040618983,0.0020636847942237064,0.0552022568881511,0.001641375128976465,0.0629240050911903,0.10902737760445985,0.002001443154291529,0.002057762776907889,0.0011674017829826665,0.0001290219759443184
G[T>G]T,0.005435686866567301,0.056130222743377034,0.010055343,0.0016529907430392382,0.00479599141892413,0.0124098481610417,0.002712470706090617,0.0084082428365945,0.01821641737566973,0.002721870455971972,0.0022988983656502156,0.0015539516121528011,0.0023928868932933498
T[C>A]A,0.015218499737139145,0.006196112226461945,0.010263322,0.039775310518840895,0.010042400946597224,0.0146212866529822,0.039653365326786635,0.0166034307330846,0.022718371312143323,0.012457873930938832,0.03016051426880452,0.019041965557319098,0.00038903043944523655
T[C>A]C,0.015457327124442286,0.002536071508075062,0.010581633,0.013363978297760057,0.009663499540597899,0.0086798053234815,0.027483571019277765,0.0101467873901128,0.009821970593372309,0.014657590164465757,0.01765858873283403,0.012391554202937579,0.0010050712852049631
T[C>A]G,0.0018449636648634397,0.0010068962401418875,0.0114404615,0.005335217015817705,0.0018545262922693528,0.0018103176262229,0.006044059729518573,0.0012751206522807,0.0016079861064255243,0.0028217315789310685,0.0021308246962276674,0.0021167676671094374,9.576983910239276e-05
T[C>A]T,0.019191677936389,0.011230271542444775,0.010106611,0.2347830619249079,0.015904566594586673,0.0142427524551749,0.06847792611953686,0.0122503507882356,0.015233830728502236,0.014077883699909163,0.020740504997357846,0.014592863128389325,0.009043845423471334
T[C>G]A,0.02385379821704118,0.008814209053525656,0.010296647,0.00020588935922203564,0.005308906216244703,0.0062391678802669,0.005654387499480789,0.0080671794712543,0.012949033715348229,0.005990221243337673,0.16230623296050958,0.05681828302435637,5.2389076295901525e-05
T[C>G]C,0.0198362863524642,0.0029732040566158935,0.010627823,0.00042024671104924497,0.005003902166207361,0.0057196612469851,0.006260562862177316,0.0128286499530076,0.011478497772571587,0.007726527496397794,0.04840311153731914,0.015276840608072472,1.7046472041214082e-05
T[C>G]G,0.003789118619965636,0.0010162261132790687,0.011927192,0.00018807350926279337,0.001535127812936209,0.0017762378556653,0.0015264097534351039,0.0007275303360074,0.003065956684447902,0.0015504344378354734,0.0067458692475035964,0.0026692612039329582,9.712120193149253e-06
T[C>G]T,0.04647574036781661,0.013225802802480712,0.010234611,0.0006268190263855711,0.011433943822515813,0.0114804217591881,0.012791794032240563,0.020402131602168,0.023656086150481502,0.01434388097172449,0.1993280008523415,0.07689667547379928,0.00039340498203927144
T[C>T]A,0.016699156774007268,0.038603430148214046,0.010277789,0.008240138255577083,0.012167654492894905,0.0076833055354654,0.022526784489029325,0.040309865027666,0.018293563838615363,0.04780898757022838,0.05832313148919995,0.1747216800219854,0.007442065704898453
T[C>T]C,0.014142033863818293,0.013191482459660562,0.010466659,0.020459448401298756,0.012082757482511208,0.0094739831984043,0.02164273664560322,0.0463595800101757,0.013012425641580956,0.04380169539440707,0.01753652501244072,0.057284782994016736,0.00736576356692235
T[C>T]G,0.007258444905988743,0.009687696001492396,0.010671846,0.314089102173845,0.007171321333930315,0.0058571486733853,0.028911107914482433,0.0047636809758841,0.008298051238972457,0.0192429871106278,0.00762652323145085,0.022131645847339565,0.016549964648309216
T[C>T]T,0.017668788324058837,0.026382936164736692,0.010287542,0.039015026825169656,0.013942862665657755,0.0158545076847076,0.023032898299885488,0.0353466048836708,0.02291758375247053,0.04185801312073412,0.02628400063611035,0.10611715338075428,0.005026446133722595
T[T>A]A,0.012136139986193503,0.006060244835680287,0.009896741,0.0016508259709856238,0.019554045032804314,0.0176574308425188,0.01546852512526153,0.0050282441079616,0.011963829769508286,0.011017262421273212,0.006342467279825702,0.006000969179062504,0.009905015149722862
T[T>A]C,0.006662410279733406,0.0035138008097419064,0.010335033,0.0005429484604973667,0.005621636506275555,0.0048671434633433,0.004469202717118324,0.0043505844660103,0.0036944307006466963,0.0050638737083640445,0.003335137945165758,0.0028968712377303034,0.0007233432653649061
T[T>A]G,0.00558262409598038,0.0013588504007202061,0.010307354,0.00045320527456669786,0.005285303772073105,0.0042113955132663,0.0035506908789061484,0.0028169667348265,0.003277825621706895,0.0036919341564272783,0.002471327343149797,0.0023122268337996627,0.0005595635490054241
T[T>A]T,0.015513568738197212,0.01005202252417798,0.009912849,0.0014581781394856748,0.014535713835089538,0.0081134820356965,0.010477567414135656,0.0061385962180793,0.007947217332225014,0.008754859775813095,0.006520733523289589,0.005090867110130337,0.012228696212275951
T[T>C]A,0.010411823296974465,0.0036171443935017564,0.01000518,0.0022960625769984015,0.030830392250468318,0.0280846506357193,0.007312747552444335,0.009931668639183,0.010199261459314941,0.00945275191503571,0.006240042350351165,0.005515542820673016,0.02844645552802826
T[T>C]C,0.009288921669850417,0.007673373998841218,0.010242853,0.004763088553833412,0.01962337232657406,0.0249806623905897,0.0066588288312455,0.0065001565963029,0.011888471830194067,0.005882538306345463,0.0047741715170599094,0.0036955154348673504,0.015336790798335396
T[T>C]G,0.005415126575150496,0.004262913833372245,0.010251467,0.0016477152317141068,0.017451754422634247,0.0120679810643196,0.005062473854057412,0.0032388977706432,0.005249363445086493,0.005195184454792608,0.0031542267698341313,0.0027564288109767385,0.02158963808091352
T[T>C]T,0.01196432186797059,0.01015203102724622,0.009999786,0.004713438964811019,0.032488564149550404,0.0316634327173233,0.009275852734278028,0.0075436066836118,0.010850320389550683,0.010333040334393187,0.006563859424006903,0.005492223431086841,0.02541313733620978
T[T>G]A,0.008843831709837805,0.0057523558207321435,0.010013212,0.004339034142645215,0.006591671988321562,0.0057254866696894,0.0037312746607270067,0.0050225635059177,0.005763928847730759,0.0050833600602654344,0.004295120798479184,0.0030907372006388958,5.008681349023409e-05
T[T>G]C,0.005246293384821666,0.009136443259194445,0.010357653,0.003183109680604559,0.004888083064242652,0.0055001927539706,0.0028751485661076786,0.0030292782466858,0.004192632610375729,0.00360280376705012,0.0022545672829695066,0.0018188390053792405,0.0002144449855747947
T[T>G]G,0.009109564263672692,0.005168422503629656,0.010050736,0.0015593032287950748,0.007339237825356285,0.0102020604535937,0.003709135564680217,0.0064502921886742,0.010598174702009192,0.0043185941642638025,0.0033656553755545514,0.002501913179912587,0.0017285837401059911
T[T>G]T,0.013872849079052488,0.09547904413193462,0.00997717,0.02566141993738706,0.0159997051416933,0.0120201371610164,0.010289539902321254,0.0083553353324532,0.009074416705477716,0.010490829010944905,0.006790884685550551,0.005688539556645333,0.005199996008692884
support_presence_sum,598866.7655246252,3.6959314775160594,0.0,7.557815845824411,3266.881156316916,0.4593147751605996,17124.420770877947,0.4453961456102783,13.802997858672374,113982.10599571736,234.00107066381156,19760.653104925055,76.59207708779442
support_probability_sum,84672.99878074674,0.13067531687799738,0.0,0.3285076010661146,430.76033545050916,0.0261507279357256,2359.4239830245797,0.0248022590000062,0.6823688564259678,18248.488524345048,28.151144530073715,3485.33525669498,4.6811329312702235
