mutation_type,0,1,2,3
A[A>C]A,0.0030036051757633686,0.007546260952949524,0.0052842083387076855,0.003385345684364438
A[A>C]C,0.0005749609554186463,0.004281920380890369,0.005088458769023418,0.0005068242317065597
A[A>C]G,0.0029878062196075916,0.006922763306647539,0.005113721359521151,0.001137691899202764
A[A>C]T,0.0024188575334846973,0.00873931497335434,0.005035480484366417,0.002294688718393445
A[A>G]A,0.01452647801488638,0.012157577089965343,0.005294975358992815,0.00575617840513587
A[A>G]C,0.0098772794008255,0.009661687538027763,0.0051592569798231125,0.0012000766582787037
A[A>G]G,0.015753507614135742,0.009469101205468178,0.00510159507393837,0.004709916654974222
A[A>G]T,0.01577056013047695,0.011133238673210144,0.00511462427675724,0.00312261120416224
A[A>T]A,0.002494207350537181,0.005828731693327427,0.005229287315160036,0.005357737652957439
A[A>T]C,0.00011339916818542406,0.00345410592854023,0.005108659155666828,0.00042532465886324644
A[A>T]G,0.0011539205443114042,0.005386970471590757,0.005084810312837362,0.0013678503455594182
A[A>T]T,0.0008480685064569116,0.006455674301832914,0.005069150123745203,0.0026651108637452126
A[C>A]A,0.0028280052356421947,0.007696439512073994,0.005359581205993891,0.003329690545797348
A[C>A]C,0.0020632364321500063,0.004618394188582897,0.005168565083295107,0.0016341996379196644
A[C>A]G,0.0014184101019054651,0.0016392964171245694,0.005045964848250151,0.0005531503702513874
A[C>A]T,0.006052600219845772,0.00928764883428812,0.005083136260509491,0.000617465702816844
A[C>G]A,0.00042098358971998096,0.003209640271961689,0.005117764230817556,0.0005899398820474744
A[C>G]C,6.855648825876415e-05,0.0018077896675094962,0.005011189263314009,0.00010427356028230861
A[C>G]G,7.051884313113987e-05,0.0007105483673512936,0.010892583057284355,0.0004064622917212546
A[C>G]T,0.0002700602344702929,0.003727894276380539,0.0050163911655545235,0.0009636417962610722
A[C>T]A,0.05245138704776764,0.01916424371302128,0.005097747780382633,0.08000260591506958
A[C>T]C,0.021555762737989426,0.008690670132637024,0.005287723150104284,0.03190877288579941
A[C>T]G,0.011590763926506042,0.004469628445804119,0.0052687376737594604,0.01866433024406433
A[C>T]T,0.047331321984529495,0.014775795862078667,0.005228057038038969,0.06843027472496033
A[G>A]A,0.012238495983183384,0.009867669083178043,0.005085162352770567,0.003273631678894162
A[G>A]C,0.007261678110808134,0.005167700815945864,0.005448065232485533,0.004168533254414797
A[G>A]G,0.009463327005505562,0.005916201043874025,0.005156931467354298,0.004932735115289688
A[G>A]T,0.009961708448827267,0.008372705429792404,0.005504212807863951,0.003382625989615917
A[G>C]A,0.0030626216903328896,0.0050017195753753185,0.005077630281448364,0.005620628595352173
A[G>C]C,0.0005773329176008701,0.001618685433641076,0.005043837707489729,0.0002571885415818542
A[G>C]G,0.00031229518936015666,0.002335253171622753,0.005018784198909998,0.001464470406062901
A[G>C]T,0.0008445710991509259,0.00347865535877645,0.00511666014790535,0.0014884998090565205
A[G>T]A,0.010527906939387321,0.007833034731447697,0.005286377388983965,0.026614533737301826
A[G>T]C,0.007003794424235821,0.006069673225283623,0.005084316711872816,0.012916511856019497
A[G>T]G,0.00782487727701664,0.005220254883170128,0.0051061478443443775,0.013488723896443844
A[G>T]T,0.013092521578073502,0.009425833821296692,0.005208921618759632,0.026942014694213867
A[T>A]A,0.00045609776861965656,0.002498317277058959,0.0049888016656041145,0.001108179916627705
A[T>A]C,0.0005450469325296581,0.002513743005692959,0.005013390444219112,0.0002315490273758769
A[T>A]G,0.0022225494030863047,0.00515753822401166,0.005144985392689705,0.0016872008563950658
A[T>A]T,0.0008211818640120327,0.005030305590480566,0.005213405005633831,0.0014932212652638555
A[T>C]A,0.01253898348659277,0.009806564077734947,0.005117990076541901,0.008822116069495678
A[T>C]C,0.011173133738338947,0.006126511376351118,0.005034398287534714,0.009533768519759178
A[T>C]G,0.017210334539413452,0.01076577790081501,0.005441148765385151,0.005166799761354923
A[T>C]T,0.018448278307914734,0.011789809912443161,0.005113954655826092,0.0017502405680716038
A[T>G]A,7.749322685413063e-05,0.0016281952848657966,0.005442855414003134,0.0006018143030814826
A[T>G]C,0.0016106333350762725,0.0036085702013224363,0.00508755911141634,0.00017012744501698762
A[T>G]G,0.0008316496969200671,0.00411174725741148,0.0051724170334637165,0.0008210252854041755
A[T>G]T,0.0020407699048519135,0.006441783159971237,0.005059693939983845,0.0008896796498447657
C[A>C]A,0.0004180760297458619,0.005168483126908541,0.005038145463913679,0.001048825215548277
C[A>C]C,0.00038511084858328104,0.0027069842908531427,0.0049428329803049564,0.0009425596799701452
C[A>C]G,0.000905199907720089,0.004401009995490313,0.005024248734116554,0.0013699802802875638
C[A>C]T,0.0013321632286533713,0.004307262133806944,0.005177100654691458,0.0013483206275850534
C[A>G]A,0.00806731078773737,0.009564632549881935,0.005078188609331846,0.0026049709413200617
C[A>G]C,0.007147130556404591,0.006813945714384317,0.005082552321255207,0.00024855081574060023
C[A>G]G,0.009449616074562073,0.006783061660826206,0.005148403812199831,0.0011245077475905418
C[A>G]T,0.010099451057612896,0.0077482047490775585,0.005082970485091209,0.00157293735537678
C[A>T]A,0.006206737831234932,0.008829418569803238,0.005096964538097382,0.0009570458787493408
C[A>T]C,0.0010403493652120233,0.003797865239903331,0.005170662421733141,0.0009656129404902458
C[A>T]G,0.004059766884893179,0.0054948097094893456,0.0050948201678693295,0.0027300382498651743
C[A>T]T,0.0024171951226890087,0.006059178151190281,0.005067079793661833,0.002552968915551901
C[C>A]A,0.002866045106202364,0.0046468512155115604,0.005126697476953268,0.001998087391257286
C[C>A]C,0.0010527340928092599,0.0013540602521970868,0.005118921864777803,0.00014290363469626755
C[C>A]G,0.001094933832064271,0.000986056518740952,0.004994533956050873,0.00031488219974562526
C[C>A]T,0.0049471743404865265,0.005497542675584555,0.005186344496905804,0.00025738097610883415
C[C>G]A,0.00047692545922473073,0.0020649367943406105,0.005031183827668428,0.00024383737763855606
C[C>G]C,7.557236676802859e-05,0.0008029256132431328,0.009749160148203373,0.00019438362505752593
C[C>G]G,0.00011982092837570235,0.00032250970252789557,0.004921406041830778,7.044964877422899e-05
C[C>G]T,0.0004637523088604212,0.0021361804101616144,0.005029813852161169,0.0008769370033405721
C[C>T]A,0.019874580204486847,0.0070052603259682655,0.005519351921975613,0.026579787954688072
C[C>T]C,0.0069367471151053905,0.002404390135779977,0.005058294627815485,0.010656045749783516
C[C>T]G,0.00527747068554163,0.001468566944822669,0.005065424367785454,0.009503612294793129
C[C>T]T,0.018116669729351997,0.008793521672487259,0.0050680250860750675,0.025977889075875282
C[G>A]A,0.0032629105262458324,0.0014522387646138668,0.005097346846014261,0.0006381632410921156
C[G>A]C,0.00404220400378108,0.00189281499478966,0.0054886299185454845,0.0042422120459377766
C[G>A]G,0.0030662724748253822,0.0017325564986094832,0.005031111650168896,0.0032369873952120543
C[G>A]T,0.006411214359104633,0.0026405665557831526,0.005164244212210178,0.0052263918332755566
C[G>C]A,0.0010430959518998861,0.0010322637390345335,0.005184861831367016,0.00038183495053090155
C[G>C]C,0.00025396471028216183,0.0007950952276587486,0.0049783773720264435,0.000333017815137282
C[G>C]G,3.0726947443326935e-05,0.0005250400281511247,0.004957805387675762,0.00018903263844549656
C[G>C]T,0.00030302826780825853,0.0015007276087999344,0.0050421226769685745,0.0008548011537641287
C[G>T]A,0.002265884540975094,0.0016156031051650643,0.005066782236099243,0.005839257966727018
C[G>T]C,0.0028160696383565664,0.0021016483660787344,0.005189071875065565,0.005728817079216242
C[G>T]G,0.0025652169715613127,0.0012786140432581306,0.005304095800966024,0.004712909925729036
C[G>T]T,0.005156148690730333,0.003310089698061347,0.005374514032155275,0.00998484157025814
C[T>A]A,0.0008343788213096559,0.004969247616827488,0.005064528901129961,0.001306583872064948
C[T>A]C,0.0007181984256021678,0.0034573813900351524,0.004983954131603241,0.00036162894684821367
C[T>A]G,0.004160372540354729,0.007290154229849577,0.005045302677899599,0.000398312316974625
C[T>A]T,0.0010491189314052463,0.005801561288535595,0.005142200272530317,0.00168278266210109
C[T>C]A,0.008665386587381363,0.008797840215265751,0.005115906707942486,0.0016579115763306618
C[T>C]C,0.0049940450116992,0.004265845287591219,0.005079318303614855,0.0016646150033921003
C[T>C]G,0.009099472314119339,0.006898098159581423,0.005126060452312231,0.0018216460011899471
C[T>C]T,0.01013571210205555,0.01033339649438858,0.005092661827802658,0.0022195270285010338
C[T>G]A,0.0001782781764632091,0.0024077752605080605,0.005073043052107096,0.0004005074151791632
C[T>G]C,0.001983602298423648,0.0038087135180830956,0.005009263753890991,0.0001506474509369582
C[T>G]G,0.0011706090299412608,0.005197346210479736,0.005175045225769281,0.0006583702634088695
C[T>G]T,0.0014665941707789898,0.008363744243979454,0.005048529244959354,0.001499353558756411
G[A>C]A,0.003094188403338194,0.006709972862154245,0.005012540612369776,0.0005361412186175585
G[A>C]C,0.0005829731235280633,0.0032518208026885986,0.005015276372432709,0.0003640555660240352
G[A>C]G,0.0014588952763006091,0.00409343559294939,0.0050802892073988914,0.00021521945018321276
G[A>C]T,0.003214515745639801,0.004999825265258551,0.005070100538432598,0.0003076524008065462
G[A>G]A,0.0071563697420060635,0.0070382412523031235,0.005238353740423918,0.0022996882908046246
G[A>G]C,0.0038888058625161648,0.00521866325289011,0.006375366821885109,0.0009172145510092378
G[A>G]G,0.00491633964702487,0.0048600235022604465,0.005072315223515034,0.002427121624350548
G[A>G]T,0.010899387300014496,0.006470364984124899,0.005951785948127508,0.004387636668980122
G[A>T]A,0.001046344405040145,0.00459063658490777,0.004993551876395941,0.0008037418592721224
G[A>T]C,0.00012971801334060729,0.001984928734600544,0.005042545031756163,0.0006219206843525171
G[A>T]G,0.000740238290745765,0.0030242535285651684,0.006874654442071915,0.0012098432052880526
G[A>T]T,0.0010469495318830013,0.0030745044350624084,0.005027735605835915,0.0011271099792793393
G[C>A]A,0.000997734721750021,0.0033367443829774857,0.005075789522379637,0.0007842216291464865
G[C>A]C,0.0007144736009649932,0.0016443271888419986,0.005186359863728285,0.0002102173020830378
G[C>A]G,0.00042218773160129786,0.0008536891546100378,0.005073233973234892,0.00010674171790014952
G[C>A]T,0.001974589889869094,0.0053042336367070675,0.005000200588256121,0.0001193040152429603
G[C>G]A,8.999369310913607e-05,0.0013996536144986749,0.005137626547366381,0.0003298907249700278
G[C>G]C,3.2271109375869855e-05,0.0008194908150471747,0.004951948300004005,6.823007424827665e-05
G[C>G]G,2.223004776169546e-05,0.00036476802779361606,0.0048887645825743675,0.000106061328551732
G[C>G]T,0.00020166927424725145,0.0024557255674153566,0.004961746744811535,0.0008842124370858073
G[C>T]A,0.016349872574210167,0.007476396393030882,0.0053868889808654785,0.02376312017440796
G[C>T]C,0.008674548007547855,0.0035612392239272594,0.005101047921925783,0.012411020696163177
G[C>T]G,0.005260881967842579,0.0021267186384648085,0.005068489350378513,0.009097605012357235
G[C>T]T,0.029577115550637245,0.010941918008029461,0.0051285638473927975,0.04240536317229271
G[G>A]A,0.005182837136089802,0.0035244745668023825,0.005166325252503157,0.0038875339087098837
G[G>A]C,0.004731060937047005,0.0025759334675967693,0.005040439777076244,0.0022538243792951107
G[G>A]G,0.0032472824677824974,0.0017859992804005742,0.005149967968463898,0.002666778163984418
G[G>A]T,0.00577645655721426,0.005780504550784826,0.005138793960213661,0.001853482099249959
G[G>C]A,0.0007805979112163186,0.0017301313346251845,0.005161581095308065,0.00043232482858002186
G[G>C]C,7.348984945565462e-05,0.0010556435445323586,0.005025969352573156,0.0005587059422396123
G[G>C]G,0.00019293083460070193,0.000494573381729424,0.005089506972581148,0.0003385190211702138
G[G>C]T,0.0003382681461516768,0.0023763803765177727,0.005165859125554562,0.0004170694446656853
G[G>T]A,0.0033831738401204348,0.003438499290496111,0.005085447803139687,0.00788098480552435
G[G>T]C,0.004861138761043549,0.0035011162981390953,0.005126857664436102,0.004447593353688717
G[G>T]G,0.0016864208737388253,0.0018272097222507,0.005116540007293224,0.0012749043526127934
G[G>T]T,0.005546292755752802,0.006716020405292511,0.005195739679038525,0.009657214395701885
G[T>A]A,0.0002832499158103019,0.002137050498276949,0.005134653300046921,0.0004985799314454198
G[T>A]C,5.088981197332032e-05,0.0010666815796867013,0.004992119036614895,0.0004696720279753208
G[T>A]G,0.000285338464891538,0.003487808397039771,0.00528878066688776,0.0008456901414319873
G[T>A]T,0.00032240909058600664,0.0026624107267707586,0.004998938646167517,0.0005612561944872141
G[T>C]A,0.004463788587599993,0.007688057143241167,0.005205973982810974,0.0010226053418591619
G[T>C]C,0.004134039860218763,0.00397899653762579,0.0058904956094920635,0.0006754506612196565
G[T>C]G,0.007328088395297527,0.008225624449551105,0.005583182442933321,0.002740362659096718
G[T>C]T,0.009607731364667416,0.010262067429721355,0.0050786384381353855,0.0009001496946439147
G[T>G]A,8.077499660430476e-05,0.0017318647587671876,0.00511128781363368,8.787820843281224e-05
G[T>G]C,0.0005413070321083069,0.001906743855215609,0.00497155636548996,0.00027769789448939264
G[T>G]G,0.0004187859012745321,0.0028846145141869783,0.005051999818533659,0.0005167878116481006
G[T>G]T,0.00036476986133493483,0.004745726473629475,0.005087129771709442,0.0019091287394985557
T[A>C]A,0.00014501067926175892,0.0033855237998068333,0.0053103044629096985,0.0007012183195911348
T[A>C]C,7.10034291842021e-05,0.0024092616513371468,0.005052747204899788,0.0006543865310959518
T[A>C]G,0.00010122181265614927,0.002087169326841831,0.00755758723244071,0.0007493390003219247
T[A>C]T,0.00011255565914325416,0.003420996479690075,0.005091359838843346,0.0005161529988981783
T[A>G]A,0.0054946523159742355,0.009425843134522438,0.0050627016462385654,0.00169756927061826
T[A>G]C,0.0076124100014567375,0.008168879896402359,0.005094105843454599,0.0006053863326087594
T[A>G]G,0.008848506957292557,0.006542877294123173,0.005109038669615984,0.004726021084934473
T[A>G]T,0.01344934944063425,0.010628798976540565,0.005099422764033079,0.005864375736564398
T[A>T]A,0.0011280126636847854,0.005816999357193708,0.005053089000284672,0.0014576343819499016
T[A>T]C,0.00015837274258956313,0.003366806311532855,0.005098838359117508,0.0011995106469839811
T[A>T]G,0.0008252672269009054,0.004172699060291052,0.0050315107218921185,0.001972997561097145
T[A>T]T,0.0014572266954928637,0.005696519743651152,0.005135280545800924,0.0003505511849652976
T[C>A]A,0.0025870094541460276,0.004753073677420616,0.005039474461227655,0.000647633511107415
T[C>A]C,0.0010397412115707994,0.002438597846776247,0.005059404764324427,0.0006552460254170001
T[C>A]G,0.0005950501072220504,0.0014233364490792155,0.005251797381788492,0.0004416799929458648
T[C>A]T,0.0037124580703675747,0.00691267242655158,0.005105305928736925,0.0008624598267488182
T[C>G]A,0.0007270401692949235,0.0028425012715160847,0.004975373391062021,0.00020946640870533884
T[C>G]C,9.845379099715501e-05,0.0013443963835015893,0.004960170481353998,0.0002120972058037296
T[C>G]G,0.0001611409243196249,0.0006642373045906425,0.005214103031903505,9.422047878615558e-05
T[C>G]T,0.00034832899109460413,0.00399417569860816,0.005002798046916723,0.00031233264598995447
T[C>T]A,0.03221418336033821,0.012582316063344479,0.005112998187541962,0.047676537185907364
T[C>T]C,0.013564531691372395,0.004943522624671459,0.005064896307885647,0.021516652777791023
T[C>T]G,0.010576745495200157,0.0025865344796329737,0.005074342712759972,0.019733432680368423
T[C>T]T,0.03806709125638008,0.011234487406909466,0.005194377154111862,0.05832558870315552
T[G>A]A,0.008197661489248276,0.008873866870999336,0.005138678010553122,0.0024549730587750673
T[G>A]C,0.006592123303562403,0.008491015993058681,0.005099168978631496,0.0038879879284650087
T[G>A]G,0.01013865228742361,0.0071954443119466305,0.005085742566734552,0.004144094884395599
T[G>A]T,0.013951083645224571,0.013687739148736,0.005093802697956562,0.005351652391254902
T[G>C]A,0.0026235675904899836,0.004914770368486643,0.005135965067893267,0.0038820672780275345
T[G>C]C,0.00015208714467007667,0.0031275686342269182,0.005029296036809683,0.001407981850206852
T[G>C]G,0.0004924787790514529,0.003384761745110154,0.005082803778350353,0.0008098177495412529
T[G>C]T,0.001972514670342207,0.005098590161651373,0.005012874491512775,0.002488478319719434
T[G>T]A,0.008919247426092625,0.007728888187557459,0.005293883848935366,0.02333107963204384
T[G>T]C,0.012330628000199795,0.009307117201387882,0.0051868087612092495,0.02482754923403263
T[G>T]G,0.007909242995083332,0.008478350937366486,0.00509914755821228,0.01766025274991989
T[G>T]T,0.016488466411828995,0.013134757056832314,0.005197472404688597,0.03760049119591713
T[T>A]A,0.0008301410707645118,0.005799285601824522,0.005068036261945963,0.0022806113120168447
T[T>A]C,0.000601651263423264,0.004523546900600195,0.0050521655939519405,0.001321521820500493
T[T>A]G,0.004664342384785414,0.00824972614645958,0.005097053479403257,0.001314433990046382
T[T>A]T,0.000852302648127079,0.006855754181742668,0.004996644798666239,0.0016304301097989082
T[T>C]A,0.009821515530347824,0.012853223830461502,0.005100287962704897,0.003082506824284792
T[T>C]C,0.0067903390154242516,0.00633807061240077,0.005153620149940252,0.003482072614133358
T[T>C]G,0.009148718789219856,0.011292091570794582,0.005095887929201126,0.0030964764300733805
T[T>C]T,0.010428600944578648,0.014010956510901451,0.0051052384078502655,0.0024497935082763433
T[T>G]A,0.00047677429392933846,0.002972703194245696,0.005281439982354641,0.0010305052855983377
T[T>G]C,0.0020346203818917274,0.006075145676732063,0.00501157995313406,0.0004648005706258118
T[T>G]G,0.00043771829223260283,0.005638846196234226,0.0051261056214571,0.0013318249257281423
T[T>G]T,0.0005822221864946187,0.008692245930433273,0.005195042584091425,0.0023759305477142334
support_presence,0.9534883720930233,0.8837209302325582,0.10465116279069768,0.8837209302325582
support_probability,0.37908722633539244,0.30506118508272395,0.008911577075026756,0.3048969978509947
