mutation_type,0,1,2,3,4,5,6,7,8,9,10,11,12,13
A[C>A]A,0.0037697276566177607,0.0013412520056590438,0.012176324613392353,0.018598588183522224,0.001009786850772798,0.0022512595169246197,0.012712833471596241,0.0417950302362442,0.02201644331216812,0.022372018545866013,0.018565386533737183,0.00018877822731155902,0.03254850208759308,0.004289194941520691
A[C>A]C,0.0038705463521182537,0.0007222768617793918,0.009656564332544804,0.010235470719635487,0.005215211771428585,0.0012416078243404627,0.0013602192047983408,0.020388225093483925,0.03692138195037842,0.010296622291207314,0.006605349946767092,0.0034795391838997602,0.01034230925142765,0.0029328572563827038
A[C>A]G,0.0004991659661754966,4.050850839121267e-05,0.006785604637116194,3.113127968390472e-05,3.84743616450578e-05,0.00011541487037902698,0.001633941545151174,0.007272903807461262,0.04338958486914635,0.0032759401947259903,0.0005879602977074683,1.2512516150309239e-05,0.004591608885675669,0.0010105904657393694
A[C>A]T,0.003325670724734664,0.0009793004719540477,0.0043288846500217915,0.011770505458116531,0.0005050136242061853,0.0004315547412261367,0.009365441277623177,0.02419593185186386,0.017248259857296944,0.01547657698392868,0.008164147846400738,0.001164253568276763,0.004027011338621378,0.0021885018795728683
A[C>G]A,0.0021051084622740746,0.002710578264668584,0.04022443667054176,0.008617263287305832,0.0001252795773325488,6.940295861568302e-05,2.2462259948952124e-05,0.015228886157274246,0.002084295731037855,0.007796098943799734,0.004454027861356735,0.0007526145782321692,0.00445005064830184,0.0008552196668460965
A[C>G]C,0.0016266724560409784,0.0006643264787271619,0.03323640674352646,0.005890726577490568,0.0026629967615008354,0.00031529981060884893,2.264190698042512e-05,0.005234008654952049,0.004735943395644426,0.004443356301635504,0.004061225336045027,0.0014716890873387456,0.0023462814278900623,0.0011856278870254755
A[C>G]G,0.0003561084740795195,0.00029620088753290474,0.02953435480594635,0.0007210757466964424,0.00025683443527668715,0.00045355912880040705,2.2326694306684658e-05,0.0029584383592009544,0.0014858084032312036,0.0015497988788411021,0.00023397062614094466,1.5145621546253096e-05,0.014318374916911125,1.623630123503972e-05
A[C>G]T,0.0012845288729295135,0.0024413245264440775,0.01624065823853016,0.016166262328624725,0.0002076452801702544,1.1256141078774817e-05,2.2410842575482093e-05,0.009242158383131027,0.0005369031568989158,0.006780076306313276,0.00404562521725893,0.0004160469979979098,0.006762700155377388,0.03333725780248642
A[C>T]A,0.010773908346891403,0.004751530941575766,0.005761544220149517,0.016492357477545738,0.015595031902194023,0.002086785389110446,0.0001349949452560395,0.017988208681344986,0.019981475546956062,0.02178635448217392,0.026449497789144516,0.01752716302871704,0.0055145639926195145,0.003924092743545771
A[C>T]C,0.0038698569405823946,0.0012019271962344646,0.012880406342446804,0.011228585615754128,0.0045657893642783165,0.02944989688694477,0.0011407191632315516,0.005910975858569145,0.019807713106274605,0.010862591676414013,0.010667206719517708,0.01834486611187458,0.008460238575935364,0.015684442594647408
A[C>T]G,0.05418077111244202,0.0033366770949214697,0.013606514781713486,0.008650457486510277,0.18368783593177795,0.0035295686684548855,0.0006933524855412543,0.0019300068961456418,0.0037690179888159037,0.008801179938018322,0.061080899089574814,0.07754990458488464,0.011604993604123592,0.04425046592950821
A[C>T]T,0.006217667367309332,0.0016879839822649956,0.005318045150488615,0.018172716721892357,0.0038920657243579626,0.011164105497300625,0.0004374867130536586,0.009147308766841888,0.007542832288891077,0.020713450387120247,0.01818642020225525,0.010365269146859646,0.00190274091437459,0.01820938102900982
A[T>A]A,0.0005673796404153109,0.0004900092026218772,4.295296821510419e-05,0.011301543563604355,1.0839047718036454e-05,0.001534087467007339,0.00047282222658395767,0.009426955133676529,0.0015554128913208842,0.03305712714791298,0.0008160966681316495,0.002945623127743602,0.0041190097108483315,0.0024098686408251524
A[T>A]C,0.002192710991948843,0.0004683483566623181,0.0003399251727387309,0.007321175187826157,0.002648488385602832,0.0006521036266349256,0.00044885624083690345,0.0012461085570976138,0.001442802487872541,0.01680571399629116,0.003030264051631093,0.01641259528696537,0.0070677949115633965,0.0036273954901844263
A[T>A]G,0.00072132283821702,0.0005682880291715264,0.0015688451239839196,0.005999875720590353,0.0029603512957692146,0.00047151799662970006,2.2712421923642978e-05,0.00828507449477911,0.0138448067009449,0.015969891101121902,0.0017337034223601222,0.0009229245479218662,0.0009338107192888856,0.014082744717597961
A[T>A]T,0.007007289677858353,0.0011390374274924397,1.9855959180858918e-05,0.02110498584806919,1.1112678294011857e-05,0.002405960578471422,3.831460344372317e-05,0.001769469352439046,1.2505661288741976e-05,0.040337733924388885,0.008527474477887154,0.002351242583245039,0.0020136612001806498,0.0003092078259214759
A[T>C]A,0.0041452874429523945,0.0009259286453016102,0.00047039371565915644,0.01894114911556244,1.144581528933486e-05,6.159199256217107e-05,2.338987178518437e-05,0.022828862071037292,0.0019384421175345778,0.047053806483745575,0.004145969171077013,0.01052194181829691,0.0012940053129568696,0.16476280987262726
A[T>C]C,0.0012476794654503465,0.0006369686452671885,0.0007634086068719625,0.008666046895086765,0.0009115333668887615,1.2071420314896386e-05,2.28294466069201e-05,0.002662035170942545,0.002652958733960986,0.0072435298934578896,0.005556484684348106,0.016350187361240387,0.01785493828356266,0.01230815052986145
A[T>C]G,0.0324690155684948,0.0008483573910780251,0.011594491079449654,0.006747531238943338,0.00016244841390289366,0.0005625670310109854,0.000706932507455349,0.01379057951271534,0.015510846860706806,0.016964120790362358,0.0037087511736899614,0.01672562211751938,0.015645349398255348,0.03826924040913582
A[T>C]T,0.0029896986670792103,0.0013563788961619139,0.0002902371052186936,0.02124197967350483,0.0011648067738860846,0.0006377831450663507,0.00035251653753221035,0.007838294841349125,0.0022007813677191734,0.030573483556509018,0.009631581604480743,0.013969553634524345,0.009052954614162445,0.07791263610124588
A[T>G]A,0.0014111213386058807,0.0002744962985161692,0.0014184723841026425,0.005982134025543928,1.0961964107991662e-05,0.0004911359283141792,2.2396476197172888e-05,0.0023077118676155806,3.081265458604321e-05,0.00799370463937521,0.0027747992426156998,1.4737936908204574e-05,0.001425798749551177,0.0030919553246349096
A[T>G]C,0.000518596323672682,0.00014399636711459607,0.001971958903595805,0.003227551933377981,0.0010083132656291127,0.000545178831089288,2.3698645236436278e-05,0.00046523864148184657,9.193204459734261e-05,0.0016630670288577676,0.0021762503311038017,0.0016759716672822833,0.0006444730679504573,0.002044753637164831
A[T>G]G,0.0004959364305250347,0.00026433318271301687,0.0003031007363460958,0.006904629524797201,1.4160598766466137e-05,0.0021988428197801113,0.00016365948249585927,0.002949581015855074,9.589747787686065e-05,0.003280302044004202,0.0027731244917958975,0.00032888384885154665,0.015350994653999805,0.0031377687118947506
A[T>G]T,0.001387916156090796,0.0006670738221146166,0.0004894929006695747,0.009272810071706772,1.0934732927125879e-05,0.00013032040442340076,2.197600952058565e-05,0.0012106121284887195,1.2377491657389328e-05,0.003947989083826542,0.013021267019212246,0.0005547581822611392,0.00215138983912766,0.0028043685015290976
C[C>A]A,0.003425378818064928,0.0016826711362227798,0.003432986093685031,0.0083211250603199,0.00022124909446574748,0.0017311932751908898,0.2775113582611084,0.04965757578611374,0.0036577412392944098,0.02271111123263836,0.01616574451327324,0.002100653015077114,0.0006608232506550848,0.0003083741175942123
C[C>A]C,0.002947275061160326,0.0009735506027936935,0.0046668690629303455,0.0011169123463332653,7.837062003090978e-05,0.00012113698903704062,0.11951806396245956,0.03904484957456589,0.03959144279360771,0.012243121862411499,0.003044729121029377,0.006043445318937302,0.0008755574817769229,0.0005423830589279532
C[C>A]G,7.231084600789472e-05,0.00017276818107347935,0.0043573337607085705,0.0001610143226571381,5.959063128102571e-05,6.140436016721651e-05,0.19297777116298676,0.007330486550927162,0.014488890767097473,0.002785668708384037,0.0001901857613120228,0.0014496651710942388,0.0003970513353124261,0.0017022397369146347
C[C>A]T,0.0045508272014558315,0.001569713233038783,0.0013636795338243246,0.00892785657197237,0.00023718127340544015,0.0007883213111199439,0.15788273513317108,0.03696569800376892,0.00489848991855979,0.015007082372903824,0.012223501689732075,0.024140898138284683,0.004321718122810125,0.0010897626634687185
C[C>G]A,0.0015639603370800614,0.002891497453674674,0.05565100908279419,0.00396656384691596,0.00021968876535538584,2.2525438907905482e-05,0.00046195584582164884,0.010818654671311378,0.003081092843785882,0.0062055992893874645,0.0010280618444085121,0.00015733511827420443,0.0002618447761051357,0.0012062275782227516
C[C>G]C,0.00028842483879998326,0.0006615003221668303,0.04508553817868233,0.0026951166801154613,2.333640441065654e-05,0.000274147983873263,0.0004238604742567986,0.008705792017281055,0.005952654872089624,0.004325671121478081,0.0016324809985235333,0.0001988825824810192,0.009978776797652245,0.0005869462038390338
C[C>G]G,0.0002954850788228214,0.00015344441635534167,0.03219753876328468,0.0005049575120210648,0.003029422601684928,0.001251663314178586,0.00023301028704736382,0.003237095195800066,0.012207849882543087,0.001439840765669942,0.0001382607442792505,0.0003453655808698386,0.014027725905179977,0.0003830611240118742
C[C>G]T,0.0006198623450472951,0.003372819861397147,0.04743730276823044,0.014369807206094265,0.0001507754932390526,0.000985186779871583,0.0007410102407447994,0.008650431409478188,0.00593149708583951,0.00803284626454115,0.0014316283632069826,0.00040767420432530344,0.0019077286124229431,0.0180766973644495
C[C>T]A,0.00937703438103199,0.008265187032520771,0.019374702125787735,0.015190009027719498,0.014700966887176037,0.07622084766626358,0.0018010722706094384,0.017197376117110252,0.031686533242464066,0.013476526364684105,0.022973567247390747,0.004171071108430624,0.007606228813529015,0.01614239253103733
C[C>T]C,0.004195401445031166,0.0007966965204104781,0.013733388856053352,0.01824088580906391,0.00078634824603796,0.14105981588363647,0.0010195820359513164,0.013539171777665615,0.022962138056755066,0.009796668775379658,0.009473874233663082,0.007557672448456287,0.00910252332687378,0.004679287783801556
C[C>T]G,0.040633443742990494,0.0034943881910294294,0.04001576825976372,0.0037237436044961214,0.16783791780471802,0.035937514156103134,0.0028194838669151068,0.0024327675346285105,0.013807123526930809,0.004652033094316721,0.03616391867399216,0.06093975529074669,0.03197342902421951,0.026461748406291008
C[C>T]T,0.0066404519602656364,0.00405181385576725,0.011475189588963985,0.021814461797475815,0.00331112090498209,0.1015222892165184,0.0006883284077048302,0.02049459144473076,0.034148745238780975,0.017754439264535904,0.014036791399121284,0.00983850471675396,0.005382258910685778,0.018179984763264656
C[T>A]A,0.0011085334699600935,0.00024025635502766818,1.96935889107408e-05,0.005344702862203121,1.2066299859725405e-05,0.00082039600238204,0.0011123169679194689,0.013138527981936932,0.008028612472116947,0.012774277478456497,0.0002043645508820191,1.3034039511694573e-05,2.1361865947255865e-05,0.0005105560412630439
C[T>A]C,0.0021466694306582212,0.00039201555773615837,0.0012911485973745584,0.008499087765812874,0.00021343310072552413,0.0004532427410595119,0.0004189371829852462,0.0078088054433465,0.01967792771756649,0.013110071420669556,0.002020827028900385,0.003158307634294033,0.0001927992852870375,0.012265607714653015
C[T>A]G,0.0002303594083059579,0.0003985292569268495,0.003505002474412322,0.003436024533584714,4.3913732952205464e-05,0.0007287340122275054,0.00043889894732274115,0.019332652911543846,0.0559806153178215,0.013028295710682869,0.0002905804431065917,0.001913355547003448,4.429611362866126e-05,0.0018168678507208824
C[T>A]T,0.0018836839590221643,0.0005566254258155823,0.0031925607472658157,0.012282483279705048,1.3525002941605635e-05,0.001074673724360764,0.0009505954221822321,0.009800055995583534,0.018092669546604156,0.02099119871854782,0.004179458599537611,0.0004753705579787493,0.0043600769713521,0.0025735911913216114
C[T>C]A,0.005536303389817476,0.0005133798695169389,0.006608540657907724,0.006480555050075054,1.0913198821072001e-05,0.00025539868511259556,0.0004942172672599554,0.014214158058166504,0.00483366334810853,0.013793193735182285,0.003483437467366457,0.013995104469358921,0.007063672877848148,0.0018126098439097404
C[T>C]C,0.012454379349946976,0.0007741375593468547,0.0036134906113147736,0.009501254186034203,0.000555211678147316,0.00037692111800424755,0.0013433062704280019,0.0039082602597773075,0.001138229388743639,0.0055008637718856335,0.008462993428111076,0.008749394677579403,0.06040993332862854,0.009847176261246204
C[T>C]G,0.0168310534209013,0.0006489835795946419,0.01484726183116436,0.003362384857609868,0.00032754300627857447,0.00011740073387045413,0.0008167402120307088,0.009333507157862186,0.01901075802743435,0.005843043327331543,0.004300341475754976,0.025763995945453644,0.02102767489850521,0.005929809529334307
C[T>C]T,0.0005289902910590172,0.000999534735456109,0.005334732588380575,0.01164503488689661,0.0002828318683896214,0.0023875373881310225,0.0010078932391479611,0.007511276751756668,0.00905226543545723,0.010734613984823227,0.01475511584430933,0.012692882679402828,0.015769347548484802,0.03259727358818054
C[T>G]A,0.0010605140123516321,0.00014529730833601207,0.0019343830645084381,0.003933771047741175,3.167336035403423e-05,0.00024003292492125183,2.2966300093685277e-05,0.0022519079502671957,0.0009447932243347168,0.002609308809041977,0.0037185363471508026,1.2207677173137199e-05,4.852740676142275e-05,0.0017936185467988253
C[T>G]C,0.0014646986965090036,0.00029355395236052573,0.00709535600617528,0.003692799713462591,3.8027792470529675e-05,0.0004658327088691294,2.2407843061955646e-05,0.0009784071007743478,0.0012563938507810235,0.002536988351494074,0.004233942832797766,0.0013490410055965185,0.005748441442847252,0.0012303414987400174
C[T>G]G,0.001322624972090125,0.0003371823695488274,0.01447867602109909,0.003805514657869935,1.4688117516925558e-05,0.0017590692732483149,0.00042518554255366325,0.004588517360389233,0.00389518472366035,0.004236291628330946,0.004178850445896387,0.0004258369735907763,0.034491099417209625,0.0005283477366901934
C[T>G]T,0.0013148589059710503,0.0014992175856605172,0.002756045665591955,0.006432431284338236,1.0631149962136988e-05,0.0002427242143312469,2.2640324459644035e-05,0.0020335479639470577,0.001977723790332675,0.005187212489545345,0.035500988364219666,0.0010464615188539028,0.003533906303346157,0.0008974197553470731
G[C>A]A,0.0065827216021716595,0.000714853114914149,0.0104625653475523,0.01838739961385727,0.0158991739153862,0.0009623480145819485,0.00920877419412136,0.028102267533540726,0.031379882246255875,0.013679176568984985,0.039688996970653534,0.000618568854406476,0.023455573245882988,0.0053373780101537704
G[C>A]C,0.0019538472406566143,0.0006503146723844111,0.008377544581890106,0.005251694470643997,0.002964064944535494,0.00024646654492244124,0.005053168628364801,0.019206935539841652,0.040038712322711945,0.006442346144467592,0.005781251005828381,0.005657114088535309,0.025071363896131516,0.010033874772489071
G[C>A]G,4.581225948641077e-05,2.694693102966994e-05,0.005474697798490524,0.00010751763329608366,0.0034559068735688925,3.652638042694889e-05,0.00448001641780138,0.005692176520824432,0.053356051445007324,0.0022210488095879555,0.0006917173741385341,0.0009188943658955395,0.014915847219526768,0.0012630497803911567
G[C>A]T,0.004777214024215937,0.0006847194163128734,0.007917886599898338,0.01356768049299717,0.00275266426615417,0.0003529345558490604,0.012361990287899971,0.016416655853390694,0.017322348430752754,0.009405914694070816,0.019663937389850616,0.004641905426979065,0.01978626288473606,0.005035830661654472
G[C>G]A,0.0007039331831037998,0.000981090939603746,0.029750842601060867,0.00192167772911489,1.8194814401795156e-05,1.6456755474791862e-05,0.0006775461370125413,0.007904800586402416,0.002781164599582553,0.004370903596282005,0.0012608427787199616,0.00013985949044581503,0.011638781987130642,0.0002994071692228317
G[C>G]C,0.0010657018283382058,0.00058757234364748,0.02103155106306076,0.002156240865588188,0.00010811332322191447,1.1235672900511418e-05,0.00011442767572589219,0.006367052439600229,0.0075382813811302185,0.0035272228997200727,0.0008714476716704667,0.003586018458008766,0.029944270849227905,0.0036854660138487816
G[C>G]G,1.7734742868924513e-05,9.644201782066375e-05,0.00695612421259284,3.1819615742278984e-06,1.0831869985850062e-05,1.2497004718170501e-05,0.000510404584929347,0.002834189683198929,0.014764922671020031,0.0005008020671084523,4.280940629541874e-06,1.2113991033402272e-05,0.03411061689257622,1.4274040040618274e-05
G[C>G]T,0.00103896320797503,0.0018677114276215434,0.020841747522354126,0.008259683847427368,0.0013316671829670668,1.1223090950807091e-05,0.00022851864923723042,0.004942870233207941,0.0030613827984780073,0.003136191051453352,0.0010300037683919072,0.0007104302057996392,0.013460330665111542,0.011367210187017918
G[C>T]A,0.010402059182524681,0.00510760024189949,0.011420178227126598,0.012490439228713512,0.018003955483436584,0.0010097104823216796,0.0006145760416984558,0.009340080432593822,0.02144482173025608,0.014129719696938992,0.018748914822936058,0.03912169113755226,0.012108972296118736,0.012285914272069931
G[C>T]C,0.01088007353246212,0.002243614988401532,0.008166966959834099,0.010698217898607254,0.012715095654129982,0.033538687974214554,0.00011607189662754536,0.006809375714510679,0.018412534147500992,0.007960513234138489,0.011838250793516636,0.06470920890569687,0.01551265548914671,0.01719708740711212
G[C>T]G,0.04122366011142731,0.0037274525966495275,0.019645316526293755,0.008264400064945221,0.16087208688259125,0.0038645118474960327,0.003938579466193914,0.001889528357423842,0.00627824105322361,0.005530059337615967,0.0434446707367897,0.1311284750699997,0.019841862842440605,0.026968959718942642
G[C>T]T,0.00785816926509142,0.003678718348965049,0.005685937590897083,0.010804824531078339,0.008746433071792126,0.015115780755877495,0.0009471785160712898,0.008594416081905365,0.012962469831109047,0.00985111016780138,0.016935493797063828,0.04176725447177887,0.00990226585417986,0.021790195256471634
G[T>A]A,0.0007735122344456613,0.00022293670917861164,0.004769694525748491,0.0020098041277378798,1.1592721421038732e-05,0.0006119812023825943,0.00040755688678473234,0.009504140354692936,0.010742027312517166,0.007587094325572252,0.0004160241805948317,0.000825242605060339,0.003621902083978057,0.00047283980529755354
G[T>A]C,0.000848972937092185,0.00020125399169046432,0.0002549115743022412,0.0034730860497802496,0.0013776123523712158,0.0003818597469944507,2.244913594040554e-05,0.0027276426553726196,0.010723112151026726,0.004382413811981678,0.001665799180045724,0.005879146046936512,0.0022332146763801575,0.0011406359262764454
G[T>A]G,0.0016801658784970641,0.00026165720191784203,0.005465634632855654,0.0012926219496876001,7.871416892157868e-05,0.0011376384645700455,0.00047718913992866874,0.010843610391020775,0.020200619474053383,0.007240152917802334,0.0004437241004779935,0.0016310838982462883,0.006368673872202635,1.6948493794188835e-05
G[T>A]T,0.0036744321696460247,0.0004686672182288021,0.0042850603349506855,0.005295604467391968,1.1083791832788847e-05,9.69713437370956e-05,2.2307311155600473e-05,0.0054466635920107365,0.007502907887101173,0.008831055834889412,0.002712756395339966,0.001058164518326521,0.00327697372995317,2.9676230042241514e-05
G[T>C]A,0.004156065173447132,0.0008223422337323427,0.00033041113056242466,0.006652054376900196,0.00020206467888783664,0.0005029458552598953,2.261237386846915e-05,0.00970243476331234,0.007892887108027935,0.014118042774498463,0.006177777890115976,0.056321997195482254,0.0032400875352323055,0.003256584517657757
G[T>C]C,0.0028437660075724125,0.0007045170641504228,0.00015616242308169603,0.005804968532174826,0.0002699720789678395,0.00028017922886647284,0.0002596663252916187,0.0017448203871026635,0.0007590172463096678,0.004014104604721069,0.007012505084276199,0.04206247255206108,0.020526526495814323,0.004556367173790932
G[T>C]G,0.0904451385140419,0.0005038435338065028,0.0013293508673086762,0.004096924792975187,1.2885971955256537e-05,5.8414523664396256e-05,2.312232209078502e-05,0.00615311972796917,0.005488857161253691,0.0062159881927073,0.0032418558839708567,0.03174291551113129,0.010075590573251247,0.0002876912185456604
G[T>C]T,0.003476748475804925,0.0013723877491429448,0.00013919963384978473,0.011788402684032917,0.00013086397666484118,0.00839567556977272,0.00013831751130055636,0.0047112335450947285,0.0016215500654652715,0.013322554528713226,0.006201004609465599,0.04690270870923996,0.0035447669215500355,0.0016668187454342842
G[T>G]A,0.0004939291393384337,8.937961683841422e-05,0.0017084027640521526,0.002528995042666793,1.0987254427163862e-05,0.0006430571083910763,2.2608133804169483e-05,0.0015584210632368922,0.0004030665149912238,0.0016077670734375715,0.0010930682765319943,0.00013922432844992727,0.024682771414518356,0.0008800413343124092
G[T>G]C,0.0007955768378451467,8.306891686515883e-05,1.890000930870883e-05,0.0015633604489266872,1.0741011465142947e-05,6.052200114936568e-05,2.1469315470312722e-05,0.0005708273965865374,1.2053471436956897e-05,0.00034501406480558217,0.0013936024624854326,0.00014101446140557528,0.04374329745769501,1.4713069504068699e-05
G[T>G]G,0.008340161293745041,0.00030799652449786663,0.00023940682876855135,0.00303247245028615,1.0749127795861568e-05,0.001346060074865818,2.1982095859129913e-05,0.0033007939346134663,1.6808287909952924e-05,0.0014090039767324924,0.0009968641679733992,1.2015138054266572e-05,0.11476501822471619,1.4708631169924047e-05
G[T>G]T,0.00038440502248704433,0.0006622329237870872,1.9317831174703315e-05,0.005875136237591505,1.0619490240060259e-05,0.00011195010301889852,2.178824979637284e-05,0.0011663013137876987,1.23172012536088e-05,0.00183055957313627,0.012151585891842842,0.00019180445815436542,0.027774905785918236,1.4845946679997724e-05
T[C>A]A,0.019664384424686432,0.024357665330171585,0.011024059727787971,0.02456914260983467,0.010212676599621773,0.0015795528888702393,0.05130574852228165,0.037416864186525345,0.009997380897402763,0.016030071303248405,0.01497410424053669,0.0019562779925763607,0.0013557736529037356,0.017345190048217773
T[C>A]C,0.00985981896519661,0.010268336161971092,0.02898332290351391,0.010302258655428886,0.01621137000620365,0.003582050558179617,0.034007299691438675,0.0320187583565712,0.04183030128479004,0.012574183754622936,0.007871527224779129,0.0025922779459506273,0.0012498213909566402,0.01657080091536045
T[C>A]G,0.0018044763710349798,0.0021702852100133896,0.014785713516175747,0.0018137667793780565,0.007219468709081411,0.001325487857684493,0.0334123931825161,0.004287005867809057,0.021171268075704575,0.001704189577139914,0.0004039236519020051,0.00029865457327105105,0.0013469625264406204,0.005366201046854258
T[C>A]T,0.022676346823573112,0.014470608904957771,0.005053459666669369,0.034238945692777634,0.010058882646262646,0.0015263456152752042,0.04254782944917679,0.03714609146118164,0.013283132575452328,0.023995304480195045,0.04331304877996445,0.0032017575576901436,0.004225859884172678,0.013041502796113491
T[C>G]A,0.01046847179532051,0.17592400312423706,0.027991268783807755,0.03868427500128746,0.0138127775862813,1.4097427992965095e-05,0.0007574005285277963,0.01717028208076954,0.002242668066173792,0.004047838505357504,0.006907583214342594,0.004057970829308033,0.0010525818215683103,0.016539201140403748
T[C>G]C,0.0013730120845139027,0.03503301739692688,0.07033659517765045,0.010689100250601768,0.009861334227025509,0.001095293089747429,0.0006401848513633013,0.010195115581154823,0.0050766742788255215,0.00684436596930027,0.0008936982485465705,0.001397135085426271,0.000166438112501055,0.008774026297032833
T[C>G]G,1.8027598343905993e-05,0.009176225401461124,0.03707441687583923,0.0015606374945491552,0.006351523566991091,0.00021044080494903028,0.00027585087809711695,0.0019157631322741508,0.0030630945693701506,0.00019662587146740407,1.619680733710993e-05,0.0006311234901659191,0.001745866029523313,0.0030162225011736155
T[C>G]T,0.021660083904862404,0.17912577092647552,0.03184010833501816,0.081291064620018,0.020160913467407227,0.0014656728599220514,0.00023988175962585956,0.022090578451752663,0.003308545798063278,0.007964435033500195,0.006981295067816973,0.0036593247205018997,0.004047179128974676,0.052893102169036865
T[C>T]A,0.13196587562561035,0.25556930899620056,0.0020291530527174473,0.01878460869193077,0.03824422508478165,0.061434097588062286,2.7378100639907643e-05,0.018710188567638397,0.007840387523174286,0.016391975805163383,0.07907500118017197,0.0035905835684388876,0.0027965938206762075,0.030153028666973114
T[C>T]C,0.029988430440425873,0.04591289162635803,0.007368125487118959,0.02486005797982216,0.01327562052756548,0.24010446667671204,0.0004734109970740974,0.011647718027234077,0.01013216469436884,0.012898125685751438,0.021094344556331635,0.00757580017670989,0.014059256762266159,0.023544054478406906
T[C>T]G,0.03052964247763157,0.030872616916894913,0.007986465469002724,0.005824171006679535,0.18300241231918335,0.06559798866510391,0.0008591980440542102,0.001185683417133987,0.0016249929321929812,0.002693666610866785,0.0206450205296278,0.02332613803446293,0.010563049465417862,0.030660487711429596
T[C>T]T,0.0848291739821434,0.1216694563627243,0.0012685483088716865,0.02555854059755802,0.01962069794535637,0.11150555312633514,0.0005941606359556317,0.016882769763469696,0.0038128537125885487,0.024915041401982307,0.05964142456650734,0.0039895218797028065,0.0017901604296639562,0.02581147477030754
T[T>A]A,0.0037970305420458317,0.0007456931634806097,2.0731233234982938e-05,0.014875915832817554,1.0831343388417736e-05,0.0007533729658462107,2.239937020931393e-05,0.011312425136566162,0.0008090381743386388,0.017057722434401512,0.01604505442082882,0.000680761702824384,2.147241320926696e-05,1.499467634857865e-05
T[T>A]C,0.00024622451746836305,0.0003422818554099649,0.0038512363098561764,0.008867500349879265,0.000542644876986742,0.0020515741780400276,0.0002739369519986212,0.0029998247046023607,0.005856626201421022,0.010390524752438068,0.002491417806595564,0.002418090123683214,0.0034508691169321537,0.0030743980314582586
T[T>A]G,0.0010636845836415887,0.00043507516966201365,0.0006125779473222792,0.0057323770597577095,1.1002385690517258e-05,0.001230404945090413,2.2224719941732474e-05,0.007813441567122936,0.01159307174384594,0.007208266295492649,0.0013608759036287665,0.00016239336400758475,0.00024165828654076904,0.0003303529229015112
T[T>A]T,0.004897137638181448,0.000812683894764632,1.950764999492094e-05,0.018156157806515694,1.0842560186574701e-05,0.0031766712199896574,0.00036068379995413125,0.0075484467670321465,0.0024601726327091455,0.02180970087647438,0.01083584874868393,0.00020807041437365115,2.1330433810362592e-05,1.4596366781916004e-05
T[T>C]A,0.004514098167419434,0.0005632080137729645,0.0003413309750612825,0.014460503123700619,1.1061625627917238e-05,0.00112546153832227,2.2386051568901166e-05,0.010436439886689186,0.0016051287529990077,0.01935182884335518,0.008039962500333786,0.01855085976421833,0.0019722264260053635,0.0003721720422618091
T[T>C]C,0.0042922040447592735,0.0004763736797031015,0.0005200403975322843,0.012866965495049953,0.0016053500585258007,0.00018158750026486814,0.00014777120668441057,0.003143350128084421,0.0002390880254097283,0.006655029486864805,0.011306277476251125,0.02318812720477581,0.014734620228409767,0.002606370020657778
T[T>C]G,0.13640961050987244,0.00036450897459872067,0.0003081472823396325,0.0066421316005289555,1.0721935723267961e-05,0.00022367697965819389,0.00015864432498347014,0.005006423220038414,0.00015534961130470037,0.004392523318529129,0.0020421594381332397,5.230845999903977e-05,0.002327714115381241,1.4625002222601324e-05
T[T>C]T,0.003199819242581725,0.00082369614392519,0.002324434230104089,0.020464759320020676,1.1071504559367895e-05,0.0007444252842105925,0.0004608457093127072,0.005579444579780102,0.0015216475585475564,0.018514715135097504,0.01669415272772312,0.01630569063127041,0.004175989422947168,0.00011387668928364292
T[T>G]A,0.00036307613481767476,0.0003035125264432281,0.0029064493719488382,0.009898063726723194,1.0880389709200244e-05,0.0005490658804774284,2.215667518612463e-05,0.002865716814994812,1.3085084901831578e-05,0.0065191383473575115,0.004218178801238537,0.0002577376435510814,3.081233080592938e-05,0.0008146827458404005
T[T>G]C,0.00034784935996867716,0.0002441990654915571,0.00566741032525897,0.005341778974980116,0.001795370364561677,0.0004099399666301906,0.00029443949460983276,0.0008781558135524392,0.0004414597642607987,0.002937750890851021,0.003825576277449727,0.0005457286606542766,0.001620924100279808,0.0066331177949905396
T[T>G]G,0.0007094974280335009,0.00031141634099185467,0.010135280899703503,0.008695490658283234,2.361305996601004e-05,0.0006892445962876081,0.00029565379372797906,0.0039487723261117935,0.001877629547379911,0.005935900378972292,0.005224226973950863,3.5055552871199325e-05,0.008849742822349072,0.00017314849537797272
T[T>G]T,0.003332987427711487,0.0011179863940924406,0.0006127261440269649,0.019760286435484886,1.0885811207117513e-05,0.0008970765047706664,2.2513271687785164e-05,0.003223689505830407,0.00011588086636038497,0.00949185062199831,0.027803093194961548,0.0003916064742952585,0.0009202598012052476,0.0006847282056696713
support_presence,0.815068493150685,0.9269406392694064,0.8904109589041096,0.8995433789954338,0.9383561643835616,0.954337899543379,0.7625570776255708,0.8972602739726028,0.8584474885844748,0.8515981735159818,0.908675799086758,0.91324200913242,0.7534246575342466,0.863013698630137
support_probability,0.02428207658741572,0.1976903279622396,0.05198607597176887,0.05124216645819956,0.1317063423052226,0.06732056674347621,0.056333942500423624,0.05410230105326056,0.08454673801927262,0.05042004694133045,0.05761468356058478,0.06597778459662172,0.04263723713077911,0.054045045756858236
