mutation_type,0,1,2,3,4,5,6,7,8,9,10,11,12,13,14,15,16,17,18,19,20,21
A[C>A]A,0.02244426549734165,5.039642201154493e-05,0.0017456372612329248,0.017914675252380656,0.0024326610655407057,0.00016329001365581497,2.406399471510668e-05,0.01544532200917983,0.012243288921632026,0.012378174439072562,0.012802395154721988,0.004401391165123999,0.012793301771006765,0.0121763246133923,0.00014553498788568534,0.03138955647591497,4.028025390804393e-05,0.038625581725652655,0.0145676252432167,0.008148801474233625,0.008630469404074232,0.0016825299190873816
A[C>A]C,0.007994368183838077,0.0038294894620776,0.004436143199758688,0.00872494781762246,0.0009571139889885062,0.0014483311346598713,0.0001760059240041,0.02801086825292475,0.007014630517611836,0.04263910378019011,0.0017627793640712624,0.004088267063101078,0.006640293699119697,0.0096565643325448,0.0013679130268948,0.01020573737332592,0.0014711508622186993,0.020346111314643058,0.010970431845635151,0.007456717650100331,0.0036683553229506487,0.0009237926251978632
A[C>A]G,0.000885485279012253,8.594921382609755e-05,0.0004582400704475279,0.00168811479484339,0.0001560145719849628,1.6296133383418366e-05,2.5674631615402177e-05,0.04070925336872406,0.0009403204884518721,0.0006887686812357478,0.0024949587241280434,0.0006428209922482889,0.00018565459489531733,0.0067856046371161,1.836013403330331e-05,0.00469995482126245,7.198643999589806e-05,0.008596742592400905,0.0007173284684539999,0.0016753791143878306,0.0009724288552689319,0.0001523578325123924
A[C>A]T,0.01042045074883699,4.8761972720967606e-05,0.001090296799226906,0.012913619943108665,0.00046628246400355616,0.0009540603579287571,2.426415085210465e-05,0.01050694507799164,0.005836028366401344,0.014185995546479965,0.009675378852989474,0.0036468749038046774,0.006982449460646092,0.0043288846500217,0.0011773427665632285,0.004008333591627831,0.00010009325846578663,0.023308941048482693,0.0127302818000316,0.007206406640009218,0.0056101871257110926,0.0011940719876506406
A[C>G]A,0.007764837258820916,5.1826482376782224e-05,0.000504300441091309,0.006708832749932853,0.00015382516266979575,0.0009712891520133715,2.417098585283384e-05,0.0121372296089381,0.0027035587295863484,0.0032788597745820355,5.3331381081980636e-05,0.0023657639200488335,0.00977695162859307,0.0402244366705417,0.0010461289701716857,0.007534375879913512,0.001345875060602927,0.014079458668142149,0.0071999679785221,0.004350040455194858,0.0022146758131307972,0.003055271167849023
A[C>G]C,0.0054238083467074245,6.547389057232067e-05,0.002187133243667077,0.004226131854957571,0.0003784160180657124,0.0010446098832679288,0.0016163825057446,0.013961572812981536,0.0030438605301443843,0.007252530122382698,8.469900546969955e-05,0.0016661679061749997,0.005997636472457168,0.0332364067435264,0.0012292691639491,0.004965608881320756,0.003651789496264714,0.005191631059462559,0.00406776519957925,0.004072298290572616,0.001412031549965539,0.0009035027026530426
A[C>G]G,0.0007079577193234917,4.559880107990466e-05,0.001232306283853696,0.0011934786320508671,0.000283663182926775,1.3427584365542447e-05,2.447374390612822e-05,0.012551124253047536,0.0005686825883862084,0.0010125504580274253,4.393549932046657e-05,0.0003006754915177778,0.001826533250487013,0.0295343548059463,1.7534451866855045e-05,0.016702343011274903,0.0008806233231047126,0.00287852204487958,0.002316276775673,0.0009334408570879432,0.0003658577788322688,0.00043301663497587975
A[C>G]T,0.007446545379958077,0.0022228122688829,0.0005108774945929302,0.011501974151564148,2.0914752440144503e-05,0.00022784431855270575,0.0006385675515048,0.003759859589754887,0.0023698291661275405,0.006862014651091502,2.9613720244009855e-05,0.0018039054573616555,0.013774599733534917,0.0162406582385301,0.00025136702814569276,0.008300525078084268,0.0027908033112503086,0.008589583381600548,0.0074500744231044995,0.030452735065488828,0.0016005242558407985,0.0025858466908496103
A[C>T]A,0.024138842103520842,0.0051001468673348,0.01822084807788324,0.01773114560961904,0.0016280233903671188,0.016465717926621385,0.0007085407269187,0.015047151095237224,0.024151772053705292,0.01615660748341013,0.0002805585340865594,0.010512678366568311,0.011241541433587472,0.0057615442201495,0.010536815571997801,0.005140788591233968,0.001091018293259845,0.01872980880118853,0.013337220996618201,0.005659159470629042,0.01570614227102431,0.005078222371487115
A[C>T]C,0.010886183659673955,0.0130116818472743,0.01078802101393467,0.011677405815909644,0.02958205272443587,0.015494451192872799,0.0038420252967625,0.020374886533734368,0.008565279383522717,0.01086177943895257,0.0013325245672603436,0.0038497362078891446,0.007206518165240982,0.0128804063424468,0.006694713274815199,0.008722871076315588,0.001163233827962019,0.007031191198240451,0.0059699083212763,0.01630855392440388,0.005816956849960863,0.0014103243237888136
A[C>T]G,0.039394942307647715,0.0128469839692115,0.1712132962857815,0.009702706822867956,0.002248695847811125,0.06305683191333494,0.0113612636923789,0.007133010356693785,0.10082886450820494,0.04405311019056368,0.0008452805450360314,0.05155702680349347,0.01363891278291468,0.0136065147817134,0.05544834850089886,0.010747987718787,0.027789767718382367,0.002675250133556269,0.0011402088130125002,0.030902379640663113,0.04332896611670299,0.003176501712647062
A[C>T]T,0.017633256695018605,0.0008324711234308,0.007244175753832578,0.020121375491713958,0.010666455724276555,0.009006881288119674,0.0006362227140925,0.005632005037707977,0.01397567305765627,0.01473179768977888,0.0004734575140900687,0.006227336875680366,0.010549123891872752,0.0053180451504886,0.007285832560488113,0.001907241814478719,0.0005319300516551278,0.010379443790211681,0.0111836730502545,0.018970183277946084,0.009263164585714651,0.0019656628567591393
A[T>A]A,0.0023035911325166797,4.628590613720007e-05,6.69002669105146e-05,0.027725505191942196,0.001562743411341169,0.003418704893972143,2.3375043383566663e-05,0.0005542751356640878,0.0005333099449747238,0.005333975269200435,0.00047386801816168755,0.0009690501416722332,0.003239327506530252,4.295296821510419e-05,0.003379807308582286,0.0037989074917277,1.85975360062053e-05,0.012216636730958541,0.011151812970638199,0.005336219569948517,0.0008200851398191481,0.0007703457308974545
A[T>A]C,0.0028350978720636452,0.0046628527343273,0.005536723218001641,0.015047383133898062,0.00035041211322090003,0.014272340307278215,0.0010470706038177,0.0009257440192532216,0.003998984949753774,0.015006249118596273,0.000418940768213325,0.0021019417585597558,0.0019916983474143036,0.0003399251727387,0.008006097682352541,0.006556720501976037,0.0008765148651642805,0.003108408771914829,0.01007610978558655,0.004772613335422357,0.002113065494126815,0.0005840319501443573
A[T>A]G,0.0028577306201581832,0.0016355167608708,0.0029058894059962753,0.013662040354801923,0.00043625525540841873,0.00045520437041489994,0.0014101857086643,0.011424840589523524,0.0027514863314636955,0.006925255794905904,8.693141739967542e-05,0.0010055993011013889,0.00261857525189378,0.0015688451239839,0.00014403065402537933,0.0011371412583684561,0.0004706916785026361,0.009692810922211768,0.005335348425433,0.011466849109759739,0.001201188326311925,0.0007425648762577866
A[T>A]T,0.00928450496842611,4.591804463416338e-05,0.0007730056001774779,0.035541650304086285,0.0021837418316862996,0.0020531310167695286,2.3348060494754463e-05,1.5582726688931222e-05,0.005619230041399186,0.012573305641611387,6.9272000018822e-05,0.007161782537069544,0.006373700536926833,1.985595918085892e-05,0.0068167750058429144,0.0016350933692592187,1.8707855885067045e-05,0.006030935142037036,0.0168239143677055,0.004225177460395942,0.0043879777158056365,0.0016014753418857753
A[T>C]A,0.0075734022195921916,0.0070194453001022,0.0030428865539471202,0.052708724426292056,0.0001488781131228946,0.015828550926276556,0.001565107028,0.004253039525089931,0.003608060795361029,0.006622401759442315,0.00014865965647456534,0.005276729766693311,0.010898630580376248,0.0004703937156591,0.010940653471542201,0.0031899416644591253,0.0004898893244684255,0.025565744093609098,0.0098195625469088,0.12001570444939288,0.004052320776730059,0.0013405291322080605
A[T>C]C,0.006231411259522072,0.0053518288768827,0.003709964172561347,0.008747528636985268,2.552956493673113e-05,0.016787735745310724,0.0003586274688132,0.002113871508256856,0.004244541487423675,0.005200390367665179,3.7414576468105935e-05,0.0012935134194169888,0.005151175565731123,0.0007634086068719,0.007750838928456786,0.017025693901814486,0.001954975239641429,0.003127067095462042,0.006208146456628949,0.01119426428299508,0.0026533613444304945,0.0006458674050222586
A[T>C]G,0.005152598864798192,0.0027631756383925,0.002307081521803533,0.015720224741864804,0.0007032007051747752,0.02402462411139687,0.0019911001436412,0.016952229734460107,0.002538828599628835,0.0029021760810993835,0.0009195727543555688,0.03182040734423527,0.006019092641523043,0.0115944910794496,0.046353699905531696,0.01579112373292442,0.002007528520051746,0.014820128578838713,0.00451738829724485,0.031442277265196224,0.0033128930140493822,0.0010830330786976102
A[T>C]T,0.011439053573339311,0.005967881064862,0.004771888416802319,0.03428403201323478,0.000640960623059025,0.015553626630987387,0.0048823989927768,0.002850153189741538,0.00788943975284278,0.009350268749727112,0.0005056007084931001,0.0034296223893761223,0.011064767440395211,0.0002902371052186,0.009589319117367228,0.009396669862326188,0.0020833630043044196,0.01030293766465966,0.01329291472211475,0.05965715776344591,0.005378418720331733,0.0015847258298034178
A[T>G]A,0.0034742901244256483,4.715918839792721e-05,0.00012440327375865795,0.007534408353471911,0.0005501825944520001,5.766927331153364e-05,2.3476815840695053e-05,0.00010079695770447595,0.0016546518794358061,0.0014970088183569076,2.115311235684203e-05,0.0015914509874871445,0.0031921751007097875,0.0014184723841026,0.0007357867788024317,0.0014520878612529,1.909173216397954e-05,0.002869858358801987,0.0027352346805855,0.0037798596016386256,0.0015497982314602436,0.000368937681608141
A[T>G]C,0.0025161560477013306,0.0012218430638313,0.0009172365665359412,0.002144253044317372,0.0005616696817013876,0.001546201079950757,2.4123282855725847e-05,0.00013456782311107983,0.001466616876617325,0.004428465209073451,2.279922637171694e-05,0.0005609880802997223,0.002256704242225302,0.0019719589035958,0.0012296457342536858,0.0007530064467573062,0.0006833646085624197,0.0005666821829384141,0.0019670851179397998,0.002841310864580086,0.0010747493388221002,0.00016073632662691538
A[T>G]G,0.003784658010126869,4.537534186965786e-05,0.00023787616441150937,0.004442932702615089,0.002105343155562831,0.00010389715875394074,2.367306478845421e-05,2.8478030356993236e-05,0.0017639881807553447,0.004104271673390375,0.00015084232836665623,0.0006008231818365001,0.0039040347800330995,0.000303100736346,4.942106456187792e-05,0.014198803750332403,1.9070658546461854e-05,0.002784114568402902,0.0040297157829627,0.0044091140795435215,0.0014166036973059502,0.00029857868246510735
A[T>G]T,0.013005298010652056,4.521360096987337e-05,0.0004675816937075997,0.005145580288215909,0.0006333340820106025,0.0008123602684852858,2.328856317035388e-05,1.5175707787567418e-05,0.007566677872344141,0.00323863663038027,2.0575332371208788e-05,0.0014292262365213002,0.006318941076319441,0.0004894929006695,0.0004709706149046761,0.0017698365118121312,1.9382544255424567e-05,0.0013370112951465029,0.00410744152031835,0.003064559004999836,0.009450983942618578,0.0007233244715707731
C[C>A]A,0.019352875118997342,0.0123900370672345,0.0013134700405179327,0.013748208564415122,0.00195893487398275,0.0019485131155566001,2.4722792659304105e-05,0.0021183405431261047,0.010370361056023526,0.012098319233498592,0.2794177019968629,0.003925467944807423,0.009116090868072078,0.003432986093685,0.0015247540265720286,0.0007211063038993749,4.962876648226463e-05,0.042838705034037756,0.0100454334169626,0.0021946215552205977,0.007954195616108387,0.0019372187532151939
C[C>A]C,0.005421265430493997,0.2231859415769577,0.0012317494285714514,0.006323329579708703,0.00023609129675601645,0.007164270550544728,0.0002598548016976,0.025765838034357728,0.002349286543903806,0.012798269165472794,0.1215986374299973,0.0034810882579120895,0.003557296569795289,0.0046668690629303,0.004171899420076114,0.0012417352354532002,0.0007658682064225419,0.03629481239642026,0.00616023805923755,0.001790502704709236,0.002840123276086516,0.0011410353155737684
C[C>A]G,0.0006498808372007743,0.1708000749349594,0.00021587846240562382,0.00133663901236645,8.70495435378743e-05,0.0021364885947799572,0.0005489822942763,0.019125341438837266,0.00021069971298476979,0.00013627096539289328,0.18455031141638753,0.0001356939598432615,0.000565520369881325,0.0043573337607085,0.0011173540925872715,0.0005329128543962311,0.0003436770871082047,0.006337972355332819,0.0010944230598397,0.0035409827502669634,0.0005290298889955734,0.0002112158273949974
C[C>A]T,0.015336984870416445,0.1891000419855117,0.0037363032689163617,0.010637872213845278,0.0009768435957084312,0.02382896973618433,2.758125992841088e-05,0.002384646989196281,0.007955632102999044,0.02010484811746406,0.15462676342576742,0.004884733456290378,0.008652397784062862,0.0013636795338243,0.012160646995263414,0.003673539904411843,0.00020505730027600932,0.03204208356379031,0.0075796325691044,0.003446556864710175,0.006710740644304283,0.0016579517556665473
C[C>G]A,0.003535221629055807,0.0003814567462541,0.0006186949661347841,0.004824920592015596,4.188929858628251e-05,0.00011868654356864727,0.0018782425904646,0.018352053681290656,0.0009644132054138875,0.004107582835584022,0.0006331456133920688,0.0017884501204308001,0.008066739349994134,0.0556510090827941,0.00014644913192435636,0.004422345064085625,0.0068472508994292846,0.010455580610347645,0.0060851513408124,0.005401050134656948,0.0011304112763974076,0.0031619777467258733
C[C>G]C,0.0033483561656597327,4.638845348381437e-05,0.00045404595572340177,0.0032882171925659055,0.0003245112120566188,0.00031194561493710004,0.0001798698503989,0.019621112719132677,0.0012658760663017876,0.001579691662401312,0.0005671712679031124,0.0003914091535584667,0.0051212193854473275,0.0450855381786823,6.931926873221015e-05,0.013486650190316106,0.0019374458843230546,0.008432637936129203,0.0027248909464105504,0.0034314840799468268,0.0013490781352909174,0.000915556858030026
C[C>G]G,0.0007223892040126885,0.0005115318926982,0.002945155026422097,0.0010197223579404876,0.0010891478850680312,0.0002662491543949857,0.0044236155226826,0.022005224889951627,0.0008193599419932903,0.0005037200627459889,0.00049438188034395,0.00028318494474253715,0.0024463482196985173,0.0321975387632846,9.249070431645053e-05,0.01683537790086116,0.006164053277138351,0.0036095688806862445,0.0016813077381811498,0.0013158228115928805,0.0002820503063559914,0.00028007604524802156
C[C>G]T,0.004651388258553904,0.0002386099513387,0.0002143521367833392,0.011300685020416791,0.0010816715875989313,0.00029684117803943877,0.0044014686718583,0.018337220308781363,0.0010000967981290234,0.007047478445909036,0.000903444244613575,0.001007721125562111,0.014328522311767863,0.0474373027682304,0.00016078742997441934,0.006453929614508476,0.007191150905176357,0.008651722029809161,0.008855510270223,0.023084461325025597,0.0008581672843034779,0.003635618168011469
C[C>T]A,0.021841104093439978,0.0017007907154038,0.013669184722747607,0.012983259073772882,0.07961223181337115,0.004170566730733372,0.0278640482574701,0.02957560982832609,0.019810985631516353,0.014080125621209472,0.0020250492525519313,0.009635017563899312,0.014518496506396838,0.0193747021257877,0.0028514002250240858,0.008338792773429256,0.00832637203954312,0.017430116702479806,0.01065409835427995,0.014390709451757655,0.017051308628628224,0.008497057088842467
C[C>T]C,0.013024858232724569,0.0077115963213145,0.003540456632862782,0.012327343301213468,0.14668810274451968,0.0063403109753770144,0.012832872569561,0.01691324315710449,0.005666256009135336,0.054750806714097607,0.0011101316122221127,0.004743196225414622,0.010503837146855289,0.0137333888560533,0.004585880569980571,0.008990001573692957,0.0007599173015174719,0.0134973428546895,0.0119960587471723,0.008615140906761534,0.006595345672727916,0.0011809881687119374
C[C>T]G,0.024315301124195318,0.0274090450257062,0.15201315100379265,0.0045546891294376965,0.034871299518272246,0.05435762501188684,0.0542898327112197,0.024039416032660174,0.06849842938956696,0.03049200382083651,0.002795110471197356,0.03831153859694795,0.01258970839753395,0.0400157682597637,0.04709706668342858,0.031269255909137386,0.059379722121068124,0.0032586687080123334,0.002416972478386,0.023786360777642852,0.028398179615936794,0.0031810179088471403
C[C>T]T,0.016463343022978676,0.0115698277950286,0.007495210672618275,0.01935051133780678,0.1021777996793389,0.0071044907506022425,0.0121843134984374,0.025463094198860198,0.010485839396197716,0.05511488078369031,0.000910265447600925,0.007127655566566477,0.012580633942615651,0.0114751895889639,0.004228448927668529,0.005405749019700975,0.0015228841926323191,0.020852982066571667,0.01699931081384415,0.021279640249974453,0.01014152747340048,0.004626290129689338
C[T>A]A,0.0014316336573616728,4.724940663436428e-05,3.748838167975379e-05,0.010112699269266714,0.0009107401274377063,1.5174589602143637e-05,2.4027383915381503e-05,0.0028909209758322565,0.00015289406431088546,0.01219749019170796,0.001208147936267725,0.0015006539179011776,0.0028972444029637047,1.96935889107408e-05,0.0003579277300949252,1.928511778714892e-05,3.629600515214153e-05,0.013606418426349421,0.00875670532695945,0.0023893772096534585,0.00023677747511922708,0.00035215881524992886
C[T>A]C,0.0029730186793529476,0.0003151711425743,0.0012891212982496642,0.012552355110949345,0.00032880162234501253,0.0026784390543720003,7.732211815891787e-05,0.012375692356894065,0.0018688499791702428,0.0224952839935819,0.000540541472219,0.002273346012872066,0.0038439254206129466,0.0012911485973745,0.002796075306832771,0.00025690372740424085,0.0005627017325890627,0.009446088099864332,0.013177696149796199,0.01601017608806853,0.002058338418459836,0.0005089672839429831
C[T>A]G,0.0015015090971470697,0.0031289160251617,0.000643539775102312,0.009196099006090436,0.0008589544995629188,0.0023135376063041996,4.6264787670224905e-05,0.04340153253149415,0.0003996981942893125,0.016411511082616067,0.0011031655139958811,0.0006024979261887777,0.00254887892462079,0.0035050024744123,0.0010788695737053858,0.0003102418820617069,0.0003401962160675129,0.02129387760977205,0.008323423331603401,0.005591853178727078,0.000860492698598607,0.0005512433685639986
C[T>A]T,0.005839246212711431,0.0004282103909645,0.0004246425696779797,0.018203820762381306,0.000924599666177475,0.0001077069835965826,2.3302558474824764e-05,0.009731012385427193,0.002564586137143293,0.03261557188298963,0.0010389538510934876,0.002079773888302289,0.004673596791116643,0.0031925607472658,0.0006649782366626281,0.004144752194406406,8.121373130775549e-05,0.012313454929832527,0.027983703650534097,0.007083867091750814,0.004421932313562474,0.0007727225922601363
C[T>C]A,0.005478948152843927,0.000606863584835,0.00101224032647978,0.011073129188831323,0.0003462551840129312,0.01763798895158933,2.354498064960353e-05,0.004617569131537974,0.00222364054924478,0.0024340192826153855,0.0005803589228889375,0.005675162240448867,0.004911118046358792,0.0066085406579077,0.015390280634164756,0.00718142790719862,1.990263916695767e-05,0.014126625009416712,0.00395422172732645,0.004146234183368654,0.0026981157942002117,0.0006611731223528718
C[T>C]C,0.008620976855766472,0.0026521862018853,0.0023916249431700383,0.007329313210978458,0.0004169281883150125,0.009551804911877385,2.4168122763512656e-05,0.0009816208213037916,0.006042749860272163,0.007656817934993172,0.0013680355696123565,0.012075603422191357,0.005848425108368453,0.0036134906113147,0.01580061018466947,0.057172818575054365,0.0004601919594683098,0.003909813342128953,0.00657973112538455,0.0098392830519322,0.005938923944032287,0.0008296044891132891
C[T>C]G,0.005067210163005621,0.0046513592824339,0.004145884622749921,0.004968158092122528,0.00015294388208529167,0.031594938465527085,4.916652324027382e-05,0.02022136594822697,0.0029631456563947254,0.006249745386756077,0.001008731738693275,0.016131254120005455,0.003808209637885239,0.0148472618311643,0.03395107282059527,0.020907694241031966,0.0006866959989034823,0.009658515778997123,0.00329871627036475,0.00643011750907279,0.003920950039223081,0.0007936875152367742
C[T>C]T,0.015285376645909224,0.0084877656772732,0.0030290036881986467,0.012920364884381794,0.0030304950123536,0.01596750066216499,0.003221736755222,0.007275723208620938,0.00861941773716044,0.014562547020614089,0.0011091426495112812,0.0006452604268108,0.008461531447212105,0.0053347325883805,0.007285976649395,0.014945321832783468,0.005132479742921185,0.008216696901425416,0.01267432235181325,0.03234181851771383,0.012682323386512151,0.001109826538167322
C[T>G]A,0.004291999795513701,4.863522553932853e-05,0.00016154472289150125,0.0026251031212541887,0.00029884725154256876,0.00019831142383606182,2.3922482796479017e-05,0.0004752099231259778,0.0022229244469953034,0.0028967474406170492,3.3856772120083814e-05,0.0011608324130065223,0.0031417779046597357,0.0019343830645084,0.0005113738006911714,8.871276190801593e-05,0.00023890556465427942,0.00227745450499983,0.0018270151340402,0.00202377618279868,0.0019004395991028783,0.000175709880024592
C[T>G]C,0.0044327751816318345,4.72343381261453e-05,0.000833384174090308,0.0029866732280450555,0.0006329614807327249,0.0015775757076750287,2.3463217075914145e-05,0.002392347642704923,0.002698559666492182,0.0017241120959321033,2.4569771312599187e-05,0.001426829633095989,0.0025415128175098477,0.0070953560061752,0.0018312897300347142,0.006161929602967531,1.9509745454923985e-05,0.0012158985280893817,0.0028739649569615,0.0019079715783515716,0.003791447264621184,0.00037505822969888806
C[T>G]G,0.004925535411588354,0.0049740052781999,0.00033784699495099355,0.0037028064176569584,0.0020794972078874248,0.0010395349527243143,2.379189754719846e-05,0.006271912019429119,0.0024144216024271,0.001565074599865361,0.0005467786550070375,0.0013776214198312332,0.0036023910099891726,0.014478676021099,0.0010098084042380428,0.03429465298540886,6.993613991487934e-05,0.0047168855528470525,0.00225292949471615,0.0017040004499295999,0.0032665214198007823,0.0004497351387993649
C[T>G]T,0.03275753386599151,4.558390355668962e-05,0.0006230278145937634,0.004976964391278016,0.003785047103349358,0.002418670370908671,2.302541724930052e-05,0.0008385940818451118,0.01913881741678675,0.0006096862250261147,2.6530048899076064e-05,0.0010061106651037778,0.0052662228270712935,0.0027560456655919,0.001325395282557457,0.0028596364863914744,1.910466043852921e-05,0.002436212802200256,0.00938734412193295,0.0010100535253059954,0.03655101534971879,0.0018276713586761598
G[C>A]A,0.037937028555921126,0.0039178235456347,0.008161330476713642,0.011106913301860123,0.0010819284143507937,0.0005130783761809536,0.0028296026866883,0.026973852809059118,0.030786269544882436,0.009712420761611064,0.009410157974343702,0.006968170947705634,0.013568216183339442,0.0104625653475523,0.0004584954783369925,0.022354678483679828,0.003007294922604594,0.025350059112757072,0.00743392785079775,0.0059002208969575875,0.015226049890919503,0.0009118537361834088
G[C>A]C,0.006840257952680025,0.0031399389263242,0.003570150760577415,0.005250682768305879,0.00019292048523307683,0.004765707533806528,0.0005141120636835,0.03209523604898475,0.0050285495235584295,0.02715186029672617,0.005708823911845638,0.002165182661782489,0.004840867907724653,0.0083775445818901,0.0023540612143863,0.02382448792923237,0.0025804192341132614,0.018813912075495764,0.0061531667597591495,0.011518384234140226,0.0029968058447595375,0.0007742297505447488
G[C>A]G,0.0008471407320313594,0.0027180439792573,0.002616358991085667,0.0012647683215683207,4.8184490253781275e-05,0.0009200936765409713,0.0007320501026697,0.05100460393224657,0.0018751280162581615,0.0015672728257615325,0.006274208135437163,0.00019027952536509112,0.00024045109335720687,0.0054746977984905,0.00018636265927590928,0.013804394227918201,0.0008668571813359048,0.007242371058568291,0.00040736001392356966,0.0012951893873144854,0.0009651836169768112,9.343114600275067e-05
G[C>A]T,0.01974129898121786,0.0021053266245871,0.003142929951854195,0.008834452653288829,0.00035565835059964997,0.0038226976258945856,0.0011971896747127,0.014632911331637723,0.01375594155655963,0.00676688846304178,0.012275309010874424,0.004867648809320344,0.009181554189548935,0.0079178865998983,0.003503333378050957,0.018903809017501733,0.001340920691291075,0.015048774144934815,0.005618480499833749,0.00587668298926441,0.007375329152501607,0.0008127826033748059
G[C>G]A,0.0025881838169318455,0.0011422374518588,0.00029715084692694,0.0029498936092537515,2.5366505781220712e-05,0.0001996587795604278,2.720635529840365e-05,0.010908749602707697,0.0010248704198197543,0.0026118958834558323,0.0008188468564184814,0.0008005547246688334,0.003843887824000409,0.0297508426010608,6.42421772291846e-05,0.01377015747129912,0.0010096502075308679,0.007516749026172603,0.0015740268281660501,0.0017638989004782712,0.0007284187001985259,0.0012012810454025435
G[C>G]C,0.0015537819687800258,4.641932173399255e-05,0.0010536110057668524,0.003009414559517996,1.3200440434957272e-05,0.0033309820241161285,2.377891360083595e-05,0.012540881026545278,0.0006141913238226917,0.011295475914246456,0.00017579353061587225,0.0010850144188023,0.0025469907804955977,0.0210315510630607,0.002190334023907728,0.02981062128674233,0.0006432587903190958,0.006282317108466508,0.00267322361469265,0.0056956802527736525,0.0005797123215088736,0.0007706894478306473
G[C>G]G,4.4545499117601796e-05,4.655526208807714e-05,1.6491265014906276e-05,0.00024370698432791779,2.2633214996403694e-05,0.00010591674098185958,0.0007844711653888,0.016656172012066452,9.403025993985162e-06,1.6304300131903598e-05,0.0006677893725281625,1.7753807090533275e-05,5.372924126667364e-05,0.0069561242125928,2.739645502255631e-05,0.032548427581787075,0.00030967583122925094,0.0031841693067880053,0.00016868961938595957,1.758466413244019e-05,1.4764490470686295e-05,0.00017473984852956213
G[C>G]T,0.0029808528341019637,0.001475052209571,0.0007867319948819648,0.0053189122069933845,1.3246018511381408e-05,0.0007106909345435857,0.0013631073525175,0.008299362633754803,0.0007494231524307667,0.006394477116150952,0.00029769124739681874,0.0012728400955286667,0.008175722327436718,0.0208417475223541,0.0009368737394521714,0.014862188778351946,0.004957120587480121,0.0046898107230054055,0.0050465280655771,0.01244821399078402,0.000421372789174159,0.0019476087885884398
G[C>T]A,0.01711913873889806,0.0018369137542322,0.023289627768049506,0.013326599603193512,0.0006888660809635812,0.03727994327034264,0.0089134695008397,0.020769906534571083,0.018474338007056012,0.016979114049010768,0.0007457587416865313,0.0100796014691392,0.009760128541704034,0.0114201782271265,0.019449020469827254,0.011842105595860585,0.008406377376458142,0.010411386356804636,0.01068303780630225,0.01180533065363209,0.011019255775121271,0.005187416203518559
G[C>T]C,0.011892090514145496,0.006646504625678,0.028776491224481143,0.010490071229995932,0.03284264763351525,0.06169194781354492,0.0143873933702707,0.017133994170115418,0.011606367369596285,0.01883426803267658,0.00018601414535620103,0.010265541262924623,0.007384565254934593,0.008166966959834,0.029972056459103277,0.01466796640306708,0.005766865212838898,0.007326565254256408,0.0102142328396439,0.017251572406217167,0.007963940614240606,0.002245864065865557
G[C>T]G,0.029005239393663063,0.034353669732809,0.16851430542705073,0.007867421443295712,0.002335570370632875,0.11117869296244211,0.0194499064236879,0.011317333169378094,0.07741330326017402,0.0421681088705857,0.003947612276533575,0.03823240411778288,0.013520743276816979,0.0196453165262937,0.06228212959000039,0.018442439264617826,0.03666820677851011,0.002269015395871772,0.0026640039286576,0.023201153808002507,0.03300977290937576,0.0032783859618682122
G[C>T]T,0.014718704729815882,0.0163924247026443,0.0186835353876692,0.011505377072872199,0.014334619685541788,0.040596814560038656,0.0090460516512393,0.011292989892937337,0.015400318441809011,0.014339269014696237,0.001140425083576644,0.007414187770336823,0.00742824983662365,0.005685937590897,0.020939583757093927,0.009512364282272708,0.004719491028986812,0.008786496435432016,0.0099428026005625,0.020235292992925195,0.011159003203808738,0.0037600391374058234
G[T>A]A,0.0013048962910631448,4.555841223918833e-05,0.00011222269202676361,0.005456462741048062,0.0007204855355666438,0.0011248822390500428,2.375805706833489e-05,0.00948453863436789,0.0003827237867678559,0.0021510853496793467,0.0004672714621846875,0.0009392671895005889,0.0015951863041241722,0.0047696945257484,0.001228155917488,0.003796659875661101,2.1141491299343015e-05,0.009751597237783327,0.00403648812789465,0.0016240789755314357,0.0004359429368455544,0.0003359197105643524
G[T>A]C,0.001999489814778144,4.7224177251337096e-05,0.0018135876104370275,0.004193009632375024,0.000329540109305475,0.005943796796990257,0.0007680543931201,0.007914466014921037,0.001490402255310746,0.00880968121604784,5.5482243169531035e-05,0.000893822573642711,0.0017286593746781923,0.0002549115743022,0.0038286785129457287,0.002046328561846112,0.0017035526343533386,0.0033700849361512253,0.00475439836736765,0.002329667689246405,0.00116056834077277,0.00021698423548134746
G[T>A]G,0.0013165597356055824,4.705888204625808e-05,0.0004687953330758577,0.004749588786101126,0.0012664897512876811,0.0023004940511392284,3.560640470823273e-05,0.017869467725943142,0.0006250925188295056,0.0017095751167895076,0.0005971942791802062,0.0017931756123692997,0.0012834636811825317,0.0054656346328556,0.0023960649435008714,0.00643125773058268,0.00015312718090221942,0.011313033677751142,0.0030666756210848,0.0007604861747948261,0.0006057451328864575,0.0003856134394481546
G[T>A]T,0.0036857001785752974,4.671926217270084e-05,0.00029244439063323663,0.007419133525245787,0.00011406979228921635,0.0013983671254078859,2.363193561905064e-05,0.006562669131101969,0.002013818517702385,0.0024732871718393776,2.7569402050175995e-05,0.003653079271316489,0.002734368071502987,0.0042850603349506,0.003673844870978128,0.0034475311549612814,1.9157037954187217e-05,0.006214540285638579,0.0093888496048748,0.0012676962931553637,0.0025185156431406196,0.0005898832792701668
G[T>C]A,0.007393754135392391,0.00225889403373,0.0064608352372718955,0.01243669259298582,0.0005074294604127688,0.06553118675947185,2.394538933003787e-05,0.005835740644533321,0.00432682952466869,0.004324996784432814,6.696732953059129e-05,0.003969866601336278,0.00390290330935341,0.0003304111305624,0.0423725710383483,0.0028659934105234558,0.0007492062116195917,0.010197200313766397,0.0037146345712244,0.004027496326152411,0.004047076526478249,0.000930103603690496
G[T>C]C,0.006874379172774079,0.0039954897947609,0.007759983408608936,0.005385222963102462,0.00021781440455010418,0.041870051196643235,2.4609205865999684e-05,0.0002826669269772662,0.005526894680871056,0.014123459367288418,0.0002660957115949187,0.0025185218805239776,0.0035380278262449067,0.0001561624230816,0.0217481074588639,0.019070804584771364,0.0014938224468702558,0.001843334903812681,0.00530556461308145,0.00606678708900334,0.004450071198878358,0.0006783354678297734
G[T>C]G,0.003941945240802665,4.586197246680968e-05,0.001576800146425559,0.005007683913477053,0.00015325628055506185,0.0421299604432923,2.3723241611151025e-05,0.0034150747130940033,0.0016532617512691472,0.0011282908410066234,5.2569333320199015e-05,0.08834900707006449,0.0023761690054770624,0.0013293508673086,0.1251155989510672,0.008876378182321738,3.345887054074915e-05,0.006282170642520324,0.0037659114459529497,0.0012327859856651768,0.002950205041218,0.0006954270630183338
G[T>C]T,0.008051492160221472,0.0034654829651117,0.005914549121805248,0.013979913049395574,0.008942125597968644,0.050008110169853445,3.960446338169277e-05,0.0009716114706344962,0.004339787040306719,0.004412066967536943,0.00020002984911112552,0.003422761335968933,0.005813934744215549,0.0001391996338497,0.0312530100345611,0.0031794264214112934,0.0006694543077148179,0.00540932001594717,0.009867472574114751,0.004225941117449379,0.0036581764418337657,0.0014656433290570268
G[T>G]A,0.0014869667793427355,4.746203194372356e-05,4.128490339068262e-05,0.0018440415382606785,0.0007326895756704625,0.00031740656829367146,2.404124279564712e-05,0.0002671476048862697,0.0005282060785702504,0.0012601364895493967,2.777379393137198e-05,0.0005498803835103112,0.001652860591023263,0.0017084027640521,0.0005851223291496,0.023407056345604308,1.93024445312378e-05,0.0015299647632064657,0.00195812678430225,0.0012404671954984498,0.00039415039139542373,0.00010207142179628919
G[T>G]C,0.0011962600333151473,4.333982360549271e-05,3.982562487887523e-05,0.000824657947112635,0.00010804869464208655,0.0006239556574395286,2.295695048815105e-05,1.4674627797561059e-05,0.0006911816230967487,0.002144906796618421,2.0263260694264318e-05,0.0007742380387045777,0.0005701680944210481,1.890000930870883e-05,0.0010381706108870713,0.04050100222229954,1.8676460148488634e-05,0.0004917572438931944,0.00048487237654620005,0.0002433092497963375,0.0011265441804633744,9.238872813203174e-05
G[T>G]G,0.0011941830679669337,4.498239650274627e-05,3.318276427850011e-05,0.002053735679493694,0.0015411879794555252,0.00012426027050033234,2.297338687640149e-05,1.7794212703153677e-05,0.0004740136444322625,0.0002981566660713884,2.1632558741657704e-05,0.008296277632729844,0.0011383879816673638,0.0002394068287685,0.006886728374021343,0.10728835081681606,1.8443804490983792e-05,0.002910617934002175,0.00149114255327725,0.0004985990501098404,0.0010488452319955192,0.0003278845721764958
G[T>G]T,0.011956146764357939,4.423096834216267e-05,0.00022285824726197298,0.002766697039040593,0.0009592915253051468,0.001268743475000986,2.300431515322998e-05,1.500689722944162e-05,0.006461224620263911,0.0006419933517665048,2.049302395334962e-05,0.0003816427924902666,0.0042553826089990095,1.9317831174703315e-05,0.0004195549201020143,0.025275875814259007,1.888345995205833e-05,0.0010920686068135652,0.0021627398091368,0.0007213902937477819,0.010457751963143263,0.000688582858000481
T[C>A]A,0.02013751439634349,0.0054956059902906,0.004945962326038568,0.015342960658299033,0.0016601510069449,0.0015291318912723714,0.0058384211733937,0.0077843406784344335,0.011494638191329051,0.015800125451965408,0.05055051576346156,0.02074284623894422,0.027291806011337873,0.0110240597277879,0.0066583321230219575,0.001954740226210506,0.011553918693809617,0.0331257869304849,0.0183782828971743,0.01790298929475053,0.007617129180625271,0.02482536848744043
T[C>A]C,0.011859875119116464,0.0771652683615684,0.008862910534651963,0.009878594402230883,0.0037206494453129687,0.0016670596419966286,0.0250760782510042,0.04099056664058282,0.009310168838257759,0.017740634652889383,0.033491192036308313,0.010675329611533179,0.01526568397967302,0.0289833229035139,0.0032065094980809855,0.002924995860666913,0.021933194311309776,0.030221943235256083,0.0114864069037139,0.01875459209388296,0.004990602900936083,0.010395076493938027
T[C>A]G,0.001411912801572664,0.0041538132354617,0.0034632964593502348,0.001649458356140496,0.0014822684461250437,0.00019642850903824454,0.0200126152485609,0.02497080725427799,0.0010905281681819264,0.0019395119420045376,0.03360787453129885,0.0020445033830279666,0.004469110701968104,0.0147857135161757,0.0009109860568839,0.0021673562514478812,0.01711507981558998,0.0045572697714555,0.0027473709778860003,0.006612413265060455,0.0007197328106868831,0.0020627971785228084
T[C>A]T,0.04273371863091376,0.0231206566095352,0.007267482469606133,0.022669482907239583,0.001563994563184625,0.0024781197675370287,0.0005012727342545,0.006702415618968116,0.030745841575682945,0.014723155823432713,0.04117807466536755,0.023055626079440075,0.02591848320823788,0.0050534596666693,0.007812401745468343,0.003829218403552618,0.002051974473336739,0.03338035483984575,0.0166299319826066,0.015927564017458755,0.020124845117270144,0.015194571222630564
T[C>G]A,0.011159714256203412,0.0092445602640509,0.005014796174660889,0.011813964810135313,2.5284405353430465e-05,0.003745206531935472,0.0138137703761458,0.0035193058950240327,0.0034961634470770165,0.010721792994687916,0.0008251508224929562,0.01569543005381188,0.10403484524839406,0.0279912687838077,0.002488785456599886,0.0019625701679614814,0.11658512371488738,0.014147104053252807,0.06550471298396585,0.01078841961204005,0.019817012999428577,0.1732635406010291
T[C>G]C,0.0038905437324469557,0.0065152035094797,0.004340508297319723,0.00809981632012166,0.0011270968168445963,0.001183868414955157,0.0682982951402664,0.019284878864597784,0.0010417119580475613,0.0057971778067035205,0.0008052854791457751,0.002719995494569722,0.03482858113810292,0.0703365951776504,0.00031819624564372615,0.0037876186725042684,0.0914809785317629,0.010010617108475811,0.0204631751403212,0.010148586026309686,0.003572905769775577,0.03356250539860299
T[C>G]G,0.0007090724858940073,0.0016403407789766,0.0035324950760972575,0.0007015994517769117,0.00027003413555345865,0.0005167803080569317,0.0484946817159652,0.011842888028966944,0.00017634593652673722,3.616657737033857e-05,0.0003484130911601438,4.190947624414057e-05,0.012987913527495948,0.0370744168758392,3.408654317484304e-05,0.004446183775144112,0.052483972090865555,0.0019077064706852196,0.0049900424201041,0.004098582246394863,0.00031324289499690415,0.00828845555353083
T[C>G]T,0.01814734661966084,0.0084444638341665,0.006163610472343532,0.028610811158695383,0.0013967119266453188,0.0031043274627465716,0.0475651286542415,0.004485394471121386,0.0037749576941778734,0.020145576260983906,0.00032791833564255483,0.02842125586337509,0.14725229262495068,0.0318401083350181,0.0035692382869975427,0.005198946295422449,0.14769064681604502,0.018030567636433324,0.08314248174428934,0.05003991987812486,0.013127544409484628,0.1765418618040926
T[C>T]A,0.046654868166821906,0.0135866934433579,0.04264670275512503,0.0198310926132603,0.052782410755753476,0.0036701877834274853,0.0147751681506633,0.002941673958030966,0.10235143225226133,0.020268431637022164,0.00012706295137830922,0.12671783980396056,0.03604172748497939,0.0020291530527174,0.011870016343891555,0.0028576277545652876,0.03761577581624598,0.01771051553737424,0.09556236118078225,0.015093357205929414,0.22188872719625258,0.254738857750507
T[C>T]C,0.02140237280067686,0.0045587942004203,0.013110067730849282,0.021029933625869204,0.24618127476423976,0.008344130058373657,0.1485555917024612,0.006761256796597792,0.021203708589180446,0.007058612966082133,0.0005106727057863688,0.03021920658648011,0.02446365692800806,0.0073681254871189,0.012424822896718942,0.01313862466486166,0.03614798300744339,0.011228227020040388,0.032164336182177,0.02072917034662623,0.0481945490809222,0.04533437208738174
T[C>T]G,0.015470885934870962,0.011336482129991,0.1288234917138804,0.004889761180002312,0.06555409799329934,0.020151412247547042,0.3631080389022827,0.0030634490630333942,0.06569626777329374,0.01616640722172123,0.0008345128262589625,0.02978924454914194,0.033440051858190094,0.0079864654690027,0.01938723533281253,0.008367839996935751,0.21874801299741697,0.0011355389522850776,0.0114799863658845,0.02984771312942382,0.040534353005459434,0.026821270410437102
T[C>T]T,0.03871786697214993,0.0106108114123344,0.028671378855460172,0.02913947723408539,0.1008265810087323,0.003713652408415686,0.0277824867516756,0.0012650372116284044,0.07054710791756705,0.021486347789565655,0.0007363723398156751,0.08111266543467835,0.023813185268716328,0.0012685483088716,0.011056979519448043,0.0018304665718460002,0.017379138919447194,0.01683595476262185,0.0516497660428285,0.01748489940762642,0.1319159190215263,0.12173646069405708
T[T>A]A,0.017416012821282918,4.570719465846196e-05,0.0005735819279677522,0.014825834844212345,0.0010936700346064186,0.001566895516589243,2.2843561964691617e-05,0.00014757725326417623,0.009150835392751492,0.004716008009078571,2.3129731061999337e-05,0.0038664982809374446,0.009869258726051926,2.0731233234982938e-05,0.002781048284045243,1.9144267980664154e-05,1.8693415979795544e-05,0.011566725745695658,0.00749707524664695,0.0018892822475015318,0.008576484931520583,0.0009107730036916816
T[T>A]C,0.0036690237828495274,4.813402483705431e-05,0.0008263307385363797,0.010416227841848185,0.0018084992116200313,0.0018408989833135429,0.0001834335125749,0.004969022706149822,0.0018283511292085403,0.011049784005929984,0.00028779605781887506,0.00042149407252302156,0.003726300269120159,0.0038512363098561,0.0009601353168753001,0.003463380984612694,0.00022364229603982937,0.0040352067322731505,0.01059115072712295,0.006278246616977885,0.0017005794927449401,0.00045716027333952275
T[T>A]G,0.0027541125410012225,4.600224929163232e-05,0.00011065674271377664,0.006462549957310571,0.0013557886195484875,0.00019589809068871954,2.338229023735039e-05,0.00837089929920737,0.0008101108638684951,0.0034527680008775174,2.7021786877412524e-05,0.0013081894980536,0.003500789720883989,0.0006125779473222,0.0005513248220917144,0.0003025961204911688,1.9126357808355955e-05,0.008213179139826138,0.005253385985270051,0.0018522994620190684,0.001122908799787992,0.0005203893109971525
T[T>A]T,0.012908521664638586,4.539065776043572e-05,0.0004001295675492552,0.0201716380975867,0.0032482116075697753,0.00027971342024097685,2.291079545102548e-05,0.0003700286165759725,0.0061277390034319605,0.01301400819793338,0.0003408358716114437,0.0049708302960627115,0.008149081023742375,1.950764999492094e-05,0.0027649650583043287,1.9073167663918866e-05,1.8600820013148223e-05,0.009183626160358309,0.02658054884523145,0.002210171259392516,0.006995251433273968,0.0010616457920524373
T[T>C]A,0.010607921259232442,4.723685924545862e-05,0.001241289133680993,0.01759294413600724,0.0013130809456924437,0.02103576968823157,2.371011396462564e-05,0.0007117003774615686,0.005127580904728396,0.003378500402646307,2.69427054035927e-05,0.004764346871525011,0.007612824563644353,0.0003413309750612,0.016655818027044998,0.0016426665533799125,1.9285107177956386e-05,0.011107954980850099,0.0063179128337651,0.0037551869642224144,0.0044149092381701675,0.0007319004857087757
T[T>C]C,0.012302413020024211,8.80086372490041e-05,0.005361897295296438,0.008913565167087597,0.0002064245115888847,0.023299079920564344,2.434083580737933e-05,6.095313383943547e-05,0.008418854481230134,0.006301300739869442,0.0001462176619497325,0.00422680688401059,0.007065331416712527,0.0005200403975322,0.014348406078559958,0.013753154547885013,0.0005505597728945979,0.003177599121374084,0.00785573548637325,0.004038380733398186,0.006072146582877231,0.0005314358031414752
T[T>C]G,0.002642663690583233,4.447218816494569e-05,4.527281790131828e-05,0.003956440937493616,0.00044592652875502503,0.006984678067965391,2.333326119696721e-05,5.734726100509361e-05,0.0007719624553727667,0.0008623017565696058,0.00019144642965325626,0.13181771503554449,0.0031776099894260472,0.0003081472823396,0.142488633947713,0.0013621272082672876,1.891574465023243e-05,0.00482286914826968,0.0044123388361185,0.0009327814152153364,0.0012072572614720382,0.0006120441272179805
T[T>C]T,0.018532659917125792,4.677694960264489e-05,0.0014627306903227466,0.018618411253338095,0.0008848831821523688,0.018011807996247443,2.310701529495418e-05,0.0010150813333549163,0.010450915505821723,0.0047465873455317725,0.0004563361635518562,0.0033884593544320552,0.011051812679764626,0.002324434230104,0.014088609788034584,0.003797716606641137,1.8893030264798145e-05,0.006706111579991364,0.0117674116045236,0.003123208688104138,0.00847915535127839,0.001027418377976935
T[T>G]A,0.005843701862061575,4.579013329930604e-05,0.00013095199805266132,0.007261223934277137,0.0006354036468109562,0.0003611582100606857,2.350609793211333e-05,9.941331315027172e-05,0.002236247240451387,0.0010097039285432432,2.083456547552487e-05,0.0005388056637861112,0.0059819957960411145,0.0029064493719488,0.00046407377729851425,0.00011463406428899718,2.3943765195134724e-05,0.003071228224857126,0.00410126755014055,0.003284738194793117,0.0016017837809051468,0.0003918057851103907
T[T>G]C,0.0042519688206563875,0.0011004909174516,0.001186310279114924,0.003924673618391748,0.00037868178151253125,0.0003807884225222,0.0024403890129178,0.0014879079282730182,0.002942638373092906,0.00535846629904372,0.00031532138291363746,0.00042779175823342224,0.0036348140017983394,0.0056674103252589,0.00016132642927651166,0.0020634124084608187,0.002317594099319279,0.001059902877184616,0.0032534524798393,0.007338886727011872,0.002000019334091879,0.00028784502855797327
T[T>G]G,0.00696238845867285,0.0010475888848304,0.00032120542377697377,0.006056829183343891,0.0008077531310845687,0.00011799749401168444,2.356324330321513e-05,0.0029804798589208037,0.003129268721649023,0.0015641277132089988,0.0003525833562889063,0.0008958742481707668,0.006009483867477593,0.0101352808997035,9.108402822934513e-05,0.009311714384239115,2.180600107553548e-05,0.004154152085970073,0.0058645603712648,0.001750783553335366,0.0024065097959109286,0.0004334591692841637
T[T>G]T,0.02727541430294808,4.589773379848339e-05,0.0009821481537889468,0.011706099186627888,0.0018958312521135188,0.0009443820267083571,2.304867484781425e-05,2.8086829021460555e-05,0.016240530653804902,0.00583120958569146,2.124493721566978e-05,0.0032627294874852894,0.012044759973319061,0.0006127261440269,0.0011011215662749285,0.0004087352776877556,1.8891965802304694e-05,0.003507793314393756,0.010631675366312252,0.0037728306659440165,0.02012458186172146,0.0013030037816860855
support_presence_sum,13054.141552511415,0.7146118721461188,251.52739726027403,449.486301369863,15.011415525114156,6.328767123287672,0.8904109589041096,36.69634703196347,13.648401826484019,11.415525114155253,12.278538812785389,7.333333333333333,419.01598173515976,0.8904109589041096,5.634703196347033,12.5,17.904109589041095,47.084474885844756,1.7534246575342465,171.44520547945206,80.06849315068493,30.248858447488583
support_probability_sum,783.0795663415561,0.0396155091725528,35.84878625826203,31.356807987439556,0.9676379068801386,0.4127187075680247,0.0689522294693341,3.8823226684848997,1.0795834467291279,0.6574440960470394,0.8748894129713914,0.21602924338214438,29.605071011199236,0.0519860759717688,0.21198179732718941,0.7350471226592037,1.719241869504048,3.1198333539919205,0.0732557893343711,12.253614386467074,4.636885886867292,5.533533335820724
